0,0,0,0,5.3391e-05,0.0017681,0.021539,0.096533,0.15916,0.096533,0.021539,0.0017681,5.3391e-05,0,0,3.5821e-08,1.1862e-06,1.4451e-05,6.4766e-05,0.00010678,6.4766e-05,1.4451e-05,1.1862e-06,3.5821e-08,0,0,0,0,0,0,0,0,0,0,0,0,0,0,0,0,0,0,0,0,0,0,0,0,0,0,0,0,0,0,0,0,0,0,0,0,0,0,0,0,0,0,0,0,0,0,0,0,0,0,0,0,0,0,0,0,0,0,0,0,0,0,0,0,0
0,0,0,0,3.2383e-05,0.0010724,0.013064,0.05855,0.096533,0.05855,0.013064,0.0010724,3.2383e-05,0,0,1.1862e-06,3.9283e-05,0.00047856,0.0021448,0.0035361,0.0021448,0.00047856,3.9283e-05,1.1862e-06,0,0,0,0,0,0,0,0,0,0,0,0,0,0,0,0,0,0,0,0,0,0,0,0,0,0,0,0,0,0,0,0,0,0,0,0,0,0,0,0,0,0,0,0,0,0,0,0,0,0,0,0,0,0,0,0,0,0,0,0,0,0,0,0,0
0,0,0,0,7.2257e-06,0.00023928,0.002915,0.013064,0.021539,0.013064,0.002915,0.00023928,7.2257e-06,0,0,1.4451e-05,0.00047856,0.0058301,0.026129,0.043079,0.026129,0.0058301,0.00047856,1.4451e-05,0,0,0,0,0,0,0,0,0,0,0,0,0,0,0,0,0,0,0,0,0,0,0,0,0,0,0,0,0,0,0,0,0,0,0,0,0,0,0,0,0,0,0,1.7911e-08,5.9312e-07,7.2257e-06,3.2383e-05,5.3391e-05,3.2383e-05,7.2257e-06,5.9312e-07,1.7911e-08,0,0,0,0,0,0,0,0,0,0,0,0,0
0,0,0,0,5.9312e-07,1.9641e-05,0.00023928,0.0010724,0.0017681,0.0010724,0.00023928,1.9641e-05,5.9312e-07,0,0,6.4766e-05,0.0021448,0.026129,0.1171,0.19307,0.1171,0.026129,0.0021448,6.4766e-05,1.7911e-08,5.9312e-07,7.2257e-06,3.2383e-05,5.3391e-05,3.2383e-05,7.2257e-06,5.9312e-07,1.7911e-08,0,0,0,0,0,0,0,0,0,0,0,0,0,0,0,0,0,0,0,0,0,0,0,0,0,0,0,0,0,0,0,0,0,0,5.9312e-07,1.9641e-05,0.00023928,0.0010724,0.0017681,0.0010724,0.00023928,1.9641e-05,5.9312e-07,0,0,0,0,0,0,0,0,0,0,0,0,0
0,0,0,0,1.7911e-08,5.9312e-07,7.2257e-06,3.2383e-05,5.3391e-05,3.2383e-05,7.2257e-06,5.9312e-07,1.7911e-08,0,0,0.00010678,0.0035361,0.043079,0.19307,0.31831,0.19307,0.043079,0.0035361,0.00010678,5.9312e-07,1.9641e-05,0.00023928,0.0010724,0.0017681,0.0010724,0.00023928,1.9641e-05,5.9312e-07,0,0,0,0,0,0,0,0,0,0,0,0,0,0,0,0,0,0,0,0,0,0,0,0,0,0,0,0,0,0,0,0,0,0,7.2257e-06,0.00023928,0.002915,0.013064,0.021539,0.013064,0.002915,0.00023928,7.2257e-06,0,0,0,0,0,0,0,0,0,0,0,0,0
0,0,0,0,0,0,0,0,0,0,0,1.7911e-08,5.9312e-07,7.2257e-06,3.2383e-05,0.00011816,0.0021772,0.026136,0.1171,0.19307,0.1171,0.026129,0.0021448,6.4766e-05,7.2257e-06,0.00023928,0.002915,0.013064,0.021539,0.013064,0.002915,0.00023928,7.2257e-06,0,0,0,0,0,0,0,0,0,0,0,0,0,0,0,0,0,0,0,0,0,0,0,0,0,0,0,0,0,0,0,0,0,0,3.2383e-05,0.0010724,0.013064,0.05855,0.096533,0.05855,0.013064,0.0010724,3.2383e-05,0,0,0,0,0,0,0,0,0,0,0,0,0
0,0,0,0,0,0,0,0,0,0,0,5.9312e-07,1.9641e-05,0.00023928,0.0010724,0.0017825,0.0015515,0.0060766,0.026181,0.043133,0.026161,0.0058373,0.00047916,1.4469e-05,3.2383e-05,0.0010724,0.013064,0.05855,0.096533,0.05855,0.013064,0.0010724,3.2383e-05,0,0,0,0,0,0,0,0,0,0,0,0,0,0,0,0,0,0,0,0,0,0,0,0,0,0,0,0,0,0,0,0,0,0,5.3391e-05,0.0017681,0.021539,0.096533,0.15916,0.096533,0.021539,0.0017681,5.3391e-05,0,0,0,0,0,0,0,0,0,0,0,0,0
0,0,0,0,0,0,0,0,0,1.7911e-08,5.9312e-07,1.4451e-05,0.00027166,0.0029684,0.013097,0.021548,0.013124,0.0036335,0.0034637,0.0053438,0.0032705,0.00075024,6.6743e-05,9.5981e-06,8.5792e-05,0.0018215,0.021572,0.09654,0.15916,0.096533,0.021539,0.0017681,5.3391e-05,0,0,0,0,0,0,0,0,0,0,0,0,0,0,0,0,0,0,0,0,0,0,0,0,0,0,0,0,0,0,0,0,0,0,3.2383e-05,0.0010724,0.013064,0.05855,0.096533,0.05855,0.013064,0.0010724,3.2383e-05,0,0,0,0,0,0,0,0,0,0,0,0,0
0,0,0,0,0,1.7911e-08,5.9312e-07,7.2257e-06,3.2383e-05,5.3984e-05,5.2025e-05,0.00027889,0.0021454,0.014832,0.059623,0.096779,0.058811,0.016014,0.014441,0.022751,0.014897,0.0040025,0.00049939,0.00026618,0.0011054,0.0028404,0.014137,0.058789,0.096553,0.058551,0.013064,0.0010724,3.2383e-05,0,0,0,0,0,0,0,0,0,0,0,0,0,0,0,0,0,0,0,0,0,1.7911e-08,5.9312e-07,7.2257e-06,3.2383e-05,5.3391e-05,3.2383e-05,7.2257e-06,5.9312e-07,1.7911e-08,0,0,0,0,7.2257e-06,0.00023928,0.002915,0.013064,0.021539,0.013064,0.002915,0.00023928,7.2257e-06,0,0,0,0,0,0,0,0,0,0,0,0,0
0,0,0,0,0,5.9312e-07,1.9641e-05,0.00023928,0.0010724,0.0017753,0.0013117,0.0032077,0.014852,0.043079,0.1096,0.1621,0.097852,0.03485,0.063234,0.10966,0.080122,0.026189,0.0042591,0.0031939,0.013079,0.021779,0.015979,0.015979,0.021779,0.013072,0.002915,0.00023928,7.2257e-06,0,0,0,0,0,0,0,0,0,0,0,0,0,0,0,0,0,0,0,0,1.7911e-08,1.1862e-06,2.6867e-05,0.00027166,0.0011258,0.0018004,0.0010796,0.00023987,1.9659e-05,5.9312e-07,0,0,0,0,5.9312e-07,1.9641e-05,0.00023928,0.0010724,0.0017681,0.0010724,0.00023928,1.9641e-05,5.9312e-07,0,0,0,0,0,0,0,0,0,0,0,0,0
0,0,0,0,0,7.2257e-06,0.00023928,0.002915,0.013064,0.021572,0.014137,0.016012,0.059862,0.1096,0.1171,0.10966,0.061455,0.035762,0.11072,0.21798,0.19414,0.08189,0.016977,0.014429,0.058603,0.096553,0.058789,0.014137,0.0028404,0.0011048,0.00023928,1.9641e-05,5.9312e-07,0,0,0,0,0,0,0,0,0,0,0,0,0,0,0,0,0,0,0,1.7911e-08,1.1862e-06,3.4093e-05,0.00051095,0.0040408,0.014865,0.022626,0.013337,0.0029881,0.00027226,1.4451e-05,5.9312e-07,1.7911e-08,0,0,1.7911e-08,5.9312e-07,7.2257e-06,3.2383e-05,5.3391e-05,3.2383e-05,7.2257e-06,5.9312e-07,1.7911e-08,0,0,0,0,0,0,0,0,0,0,0,0,0
0,0,0,0,0,3.2383e-05,0.0010724,0.013064,0.05855,0.096586,0.060318,0.034612,0.097852,0.16214,0.1097,0.043436,0.01707,0.019584,0.081641,0.19623,0.23079,0.1312,0.037477,0.026308,0.096858,0.15917,0.096541,0.021572,0.0018215,8.5774e-05,7.2257e-06,5.9312e-07,1.7911e-08,0,0,0,0,0,0,0,0,0,0,0,0,0,0,0,0,0,0,0,5.9312e-07,2.6867e-05,0.00051095,0.0050598,0.027897,0.081182,0.11008,0.062557,0.015072,0.002152,0.00027166,1.9641e-05,5.9312e-07,0,0,0,0,0,0,0,0,0,0,0,0,0,0,0,0,0,0,0,0,0,0,0,0
0,0,0,0,0,5.3391e-05,0.0017681,0.02154,0.096541,0.15923,0.097699,0.034743,0.06069,0.098185,0.06271,0.020596,0.016792,0.02609,0.040305,0.096071,0.16841,0.15828,0.073999,0.028976,0.060727,0.096805,0.05857,0.013065,0.0010724,3.2383e-05,0,0,0,0,0,0,0,0,0,0,0,0,0,0,0,0,0,0,0,0,0,0,7.2257e-06,0.00027166,0.0040408,0.027897,0.10164,0.20637,0.22354,0.1229,0.044158,0.014865,0.0029763,0.00027889,9.3e-05,8.5774e-05,3.9609e-05,7.8188e-06,6.1103e-07,1.7911e-08,0,0,0,0,0,0,0,0,0,0,0,0,0,0,0,0,0,0,0
0,1.7911e-08,5.9312e-07,7.2257e-06,3.2383e-05,8.5774e-05,0.0011054,0.013092,0.05881,0.097871,0.061876,0.020139,0.020371,0.038922,0.049032,0.050657,0.074829,0.10023,0.064553,0.049451,0.12046,0.17541,0.11278,0.046266,0.027958,0.024547,0.013343,0.0029763,0.00027168,1.4451e-05,5.9312e-07,1.7911e-08,0,0,0,0,0,0,0,0,0,0,0,0,0,0,0,0,0,0,0,0,3.2383e-05,0.0011258,0.014865,0.081162,0.20616,0.27733,0.21919,0.13971,0.1114,0.059696,0.013356,0.002384,0.0028728,0.0028404,0.0013117,0.00025892,2.0235e-05,5.9312e-07,0,0,0,0,0,0,0,0,0,0,0,0,0,0,0,0,0,0,0
0,5.9312e-07,1.9641e-05,0.00023928,0.0010724,0.0017753,0.0013189,0.0034008,0.016246,0.037759,0.050635,0.051927,0.052967,0.089662,0.16109,0.17714,0.16823,0.17338,0.09899,0.035802,0.063224,0.1108,0.11763,0.11094,0.062484,0.016176,0.0034564,0.0020594,0.0010926,0.00023987,1.9641e-05,5.9312e-07,0,0,0,0,0,0,0,0,0,0,0,0,0,0,0,0,0,0,0,0,5.3391e-05,0.0018004,0.022619,0.10984,0.22067,0.2079,0.12317,0.12443,0.1632,0.097051,0.024701,0.017747,0.034657,0.034604,0.015979,0.0031543,0.00024651,7.2257e-06,0,0,0,0,0,0,0,0,0,0,0,0,0,0,0,0,0,0,0
0,7.2257e-06,0.00023928,0.002915,0.013064,0.02154,0.013116,0.0042591,0.015481,0.074462,0.16927,0.2157,0.19151,0.1909,0.27126,0.27098,0.17846,0.12098,0.060942,0.016445,0.017104,0.045212,0.11363,0.1754,0.1186,0.03758,0.01778,0.021839,0.013072,0.0029151,0.00023928,7.2257e-06,0,0,0,0,0,0,0,0,0,0,0,0,0,0,0,0,0,0,0,0,3.2383e-05,0.0010796,0.013304,0.061485,0.10987,0.082234,0.040961,0.06361,0.097076,0.059682,0.027202,0.072687,0.15512,0.15508,0.071614,0.014137,0.0011054,3.9609e-05,3.2383e-05,5.3391e-05,3.2383e-05,7.2257e-06,5.9312e-07,1.7911e-08,0,0,0,0,0,0,0,0,0,0,0,0,0
0,3.2383e-05,0.0010724,0.013065,0.058557,0.096565,0.058658,0.014925,0.024473,0.11993,0.27729,0.35335,0.29161,0.19277,0.18339,0.1742,0.10761,0.050809,0.019569,0.0086848,0.017713,0.039492,0.08685,0.15851,0.15643,0.084687,0.072687,0.097638,0.058583,0.013064,0.0010724,3.2383e-05,0,0,0,0,0,0,0,0,0,0,0,0,0,0,0,0,0,0,0,0,7.2257e-06,0.00023987,0.0029347,0.013304,0.022626,0.015104,0.0069559,0.013575,0.021627,0.014887,0.026223,0.11831,0.2557,0.25569,0.11807,0.023308,0.0018411,0.00029267,0.0010724,0.0017681,0.0010724,0.00023928,1.9641e-05,5.9312e-07,0,0,0,0,0,0,0,0,0,0,0,0,0
0,5.3391e-05,0.0017687,0.021559,0.096772,0.16023,0.098333,0.023717,0.016176,0.07276,0.16816,0.21413,0.17428,0.10286,0.083668,0.11051,0.13008,0.089299,0.043846,0.043944,0.087356,0.12686,0.10677,0.13419,0.17533,0.12103,0.11831,0.16093,0.096586,0.021539,0.0017681,5.3391e-05,0,0,0,1.7911e-08,5.9312e-07,7.2257e-06,3.2383e-05,5.3391e-05,3.2383e-05,7.2257e-06,5.9312e-07,1.7911e-08,0,0,0,0,0,0,0,0,5.9312e-07,1.9659e-05,0.00023987,0.0010796,0.001801,0.0011454,0.00051095,0.0010993,0.0018016,0.0021772,0.014376,0.071634,0.15508,0.15508,0.071614,0.014144,0.001344,0.0029474,0.013064,0.021539,0.013064,0.002915,0.00023928,7.2257e-06,0,0,0,0,0,0,0,0,0,0,0,0,0
0,3.2383e-05,0.0010796,0.013304,0.061465,0.1096,0.080097,0.026375,0.007149,0.016491,0.037586,0.049032,0.052021,0.079681,0.12623,0.17175,0.23614,0.22092,0.16626,0.17318,0.24105,0.28471,0.17453,0.097014,0.1026,0.072179,0.071654,0.097606,0.058583,0.013064,0.0010724,3.2383e-05,0,0,0,5.9312e-07,1.9641e-05,0.00023928,0.0010724,0.0017681,0.001073,0.00024651,5.2025e-05,5.3984e-05,3.2383e-05,7.2257e-06,5.9312e-07,1.7911e-08,0,0,0,0,1.7911e-08,5.9312e-07,7.2257e-06,3.2383e-05,5.3409e-05,3.2976e-05,1.4451e-05,3.2976e-05,6.0634e-05,0.00027889,0.0031615,0.01598,0.034604,0.034604,0.015979,0.0031867,0.0013189,0.013072,0.05855,0.096533,0.05855,0.013064,0.0010724,3.2383e-05,0,0,0,0,0,0,0,0,0,0,0,0,0
0,7.2257e-06,0.00027166,0.0039874,0.026129,0.08009,0.1096,0.061485,0.013564,0.002445,0.0036765,0.0097223,0.039524,0.12165,0.18767,0.18079,0.22976,0.30098,0.32154,0.34658,0.38485,0.35316,0.18889,0.070666,0.037809,0.01902,0.016226,0.021787,0.013072,0.002915,0.00023928,7.2257e-06,0,1.7911e-08,5.9312e-07,1.4451e-05,0.00027166,0.0029684,0.013097,0.021548,0.013092,0.0031867,0.0013651,0.0018077,0.0010796,0.00023987,1.9659e-05,5.9312e-07,0,0,0,0,0,0,0,0,0,0,1.7911e-08,5.9312e-07,7.8188e-06,5.2618e-05,0.00031231,0.001344,0.0028477,0.002841,0.0013117,0.00031231,0.0017883,0.02154,0.096533,0.15916,0.096533,0.021539,0.0017681,5.3391e-05,0,0,0,0,0,0,0,0,0,0,0,0,0
0,5.9312e-07,7.3032e-05,0.0020073,0.022612,0.098301,0.16023,0.096773,0.021594,0.0023204,0.0052458,0.02912,0.09438,0.16873,0.16207,0.099785,0.11693,0.22321,0.31539,0.37859,0.41135,0.3022,0.16661,0.11755,0.063504,0.015488,0.0026233,0.0018397,0.0010736,0.00023928,1.9659e-05,1.1862e-06,7.2257e-06,3.2976e-05,7.3032e-05,0.00030405,0.002152,0.014833,0.059624,0.096806,0.059081,0.017106,0.015937,0.022651,0.013304,0.0029347,0.00023987,7.2257e-06,0,0,0,0,0,0,0,0,0,0,6.1103e-07,2.0235e-05,0.00024652,0.0011054,0.0018293,0.0011444,0.00033228,0.00010601,4.022e-05,4.0202e-05,0.001073,0.013064,0.05855,0.096533,0.05855,0.013064,0.0010724,3.2383e-05,0,0,0,0,0,0,0,0,0,0,0,0,0
0,1.7911e-08,3.2976e-05,0.0010796,0.013097,0.058604,0.096565,0.058565,0.013337,0.0051329,0.028176,0.10294,0.21081,0.23478,0.13213,0.040778,0.032997,0.08775,0.16179,0.25615,0.32058,0.21747,0.1514,0.1785,0.11849,0.034684,0.0047761,0.00037904,4.6852e-05,7.8188e-06,1.2041e-06,1.9659e-05,0.00023928,0.0010796,0.0020073,0.0040408,0.015072,0.0431,0.10963,0.16261,0.10189,0.049476,0.082937,0.10989,0.061485,0.013305,0.0010868,6.4766e-05,5.3391e-05,3.2383e-05,7.2257e-06,5.9312e-07,1.7911e-08,0,0,0,0,0,7.8188e-06,0.00025892,0.0031543,0.014137,0.023307,0.014137,0.0031543,0.00025892,7.8188e-06,7.2257e-06,0.00023928,0.002915,0.013064,0.021539,0.013064,0.002915,0.00023928,7.2257e-06,0,0,0,0,0,0,0,0,0,0,0,0,0
0,0,7.2257e-06,0.00023928,0.002915,0.013064,0.021539,0.013097,0.0040481,0.015344,0.084092,0.21925,0.29809,0.2203,0.085906,0.016935,0.0068164,0.022224,0.066893,0.1673,0.23391,0.14955,0.10208,0.15777,0.15542,0.072688,0.015905,0.0021772,0.00027168,2.0235e-05,1.5044e-05,0.00027166,0.0029684,0.013129,0.022619,0.026162,0.062538,0.10986,0.11762,0.11471,0.089287,0.1158,0.20744,0.22067,0.10984,0.022639,0.002047,0.0011582,0.0018215,0.0011048,0.00024651,2.0235e-05,6.1103e-07,0,0,0,0,0,3.9609e-05,0.0013117,0.015979,0.071614,0.11807,0.071614,0.015979,0.0013117,3.9609e-05,5.9312e-07,1.9641e-05,0.00023928,0.0010724,0.0017681,0.0010724,0.00023928,1.9641e-05,5.9312e-07,0,0,0,0,0,0,0,0,0,0,0,0,0
0,0,5.9312e-07,1.9641e-05,0.00023928,0.0010724,0.0017681,0.0011264,0.0020799,0.023763,0.12319,0.28028,0.30445,0.16132,0.041548,0.0081719,0.014789,0.037772,0.098143,0.21129,0.24212,0.12963,0.062211,0.12146,0.17544,0.11253,0.043319,0.01484,0.002969,0.00025892,0.00027889,0.0021448,0.014832,0.059676,0.09854,0.080117,0.10985,0.16345,0.11372,0.07104,0.11754,0.22216,0.27941,0.20638,0.081177,0.015124,0.0042807,0.014176,0.02334,0.01419,0.0031867,0.00026615,8.4119e-06,1.7911e-08,0,0,0,0,8.5774e-05,0.0028404,0.034604,0.15508,0.25569,0.15508,0.034604,0.0028404,8.5774e-05,1.7911e-08,5.9312e-07,7.2257e-06,3.2383e-05,5.3391e-05,3.2383e-05,7.2257e-06,5.9312e-07,1.7911e-08,0,0,0,0,0,0,0,0,0,0,0,0,0
0,0,1.7911e-08,5.9312e-07,7.2257e-06,3.2383e-05,5.3984e-05,8.4408e-05,0.0013868,0.016385,0.087716,0.22057,0.26242,0.1387,0.032402,0.016749,0.060739,0.11925,0.16848,0.23239,0.20001,0.097404,0.051913,0.075873,0.11364,0.11758,0.10963,0.059656,0.013158,0.0013513,0.0030404,0.014886,0.043111,0.10964,0.16314,0.10986,0.080388,0.10074,0.076316,0.097106,0.20881,0.27949,0.21922,0.1027,0.027969,0.0053531,0.016271,0.071862,0.11915,0.073415,0.017105,0.0015833,6.6476e-05,1.1862e-06,1.7911e-08,0,0,0,8.5774e-05,0.0028404,0.034604,0.15508,0.25569,0.15508,0.034604,0.0028404,8.5774e-05,0,1.7911e-08,5.9312e-07,7.2257e-06,3.2383e-05,5.3391e-05,3.2383e-05,7.2257e-06,5.9312e-07,1.7911e-08,0,0,0,0,0,0,0,0,0,0,0,0
0,0,0,0,0,0,7.2436e-06,0.0002471,0.0032275,0.018196,0.061292,0.15437,0.21661,0.13736,0.051505,0.038146,0.10238,0.17378,0.15852,0.1352,0.10829,0.10762,0.11836,0.077696,0.056662,0.11072,0.16234,0.097845,0.023367,0.0041527,0.014469,0.061443,0.11072,0.11738,0.10987,0.062778,0.029131,0.037503,0.057527,0.12694,0.2256,0.2077,0.10295,0.029684,0.0051996,0.0033586,0.03487,0.15802,0.26899,0.1777,0.049443,0.0068603,0.00061773,5.925e-05,7.8188e-06,5.9312e-07,1.7911e-08,0,3.9609e-05,0.0013117,0.015979,0.071614,0.11807,0.071614,0.015979,0.0013117,3.9609e-05,0,5.9312e-07,1.9641e-05,0.00023928,0.0010724,0.0017681,0.0010724,0.00023928,1.9641e-05,5.9312e-07,0,0,0,0,0,0,0,0,0,0,0,0
0,0,0,0,0,0,3.2976e-05,0.0010926,0.013391,0.062117,0.12703,0.1881,0.24285,0.20442,0.14102,0.089849,0.093701,0.11364,0.075935,0.050994,0.09895,0.21023,0.24006,0.12489,0.040401,0.061916,0.099781,0.071695,0.034938,0.018886,0.037884,0.11971,0.17696,0.11363,0.043663,0.016203,0.017153,0.061877,0.11383,0.13334,0.14446,0.095306,0.030876,0.0053525,0.00063633,0.0029069,0.035685,0.16839,0.31715,0.2647,0.11493,0.030041,0.0058413,0.001344,0.00024652,2.0252e-05,8.4119e-06,3.9609e-05,9.3593e-05,0.0003447,0.0031939,0.014145,0.023308,0.014137,0.0031543,0.00025892,7.8188e-06,0,7.2257e-06,0.00023928,0.002915,0.013064,0.021539,0.013064,0.002915,0.00023928,7.2257e-06,0,0,0,0,0,0,0,0,0,0,0,0
0,0,0,0,0,0,6.0617e-05,0.0020074,0.024521,0.11182,0.20846,0.24374,0.30125,0.31549,0.25777,0.1733,0.13237,0.082291,0.029179,0.029726,0.12515,0.27855,0.29182,0.14097,0.032049,0.016886,0.035822,0.073469,0.1019,0.074717,0.090463,0.17211,0.17848,0.087136,0.020694,0.0052719,0.02213,0.097938,0.17519,0.16839,0.14069,0.075184,0.017166,0.0016157,0.00015948,0.0013986,0.017787,0.094227,0.22768,0.28959,0.21201,0.094498,0.036419,0.014198,0.0029804,0.00031291,0.00029853,0.0013189,0.0028422,0.0028679,0.0015906,0.0014171,0.0018741,0.0011126,0.0002471,2.0252e-05,6.1103e-07,0,3.2383e-05,0.0010724,0.013064,0.05855,0.096533,0.05855,0.013064,0.0010724,3.2383e-05,0,0,0,0,0,0,0,0,0,0,0,0
0,0,0,0,0,1.7911e-08,6.5377e-05,0.0021526,0.026236,0.11949,0.22235,0.26271,0.33942,0.34721,0.24498,0.18091,0.17753,0.10303,0.026194,0.020534,0.096473,0.23083,0.26645,0.14893,0.040674,0.012029,0.038467,0.12052,0.17766,0.13832,0.16892,0.26763,0.23463,0.11117,0.040691,0.015781,0.0161,0.060578,0.11832,0.15616,0.17402,0.098751,0.022083,0.0028673,0.0018305,0.0013637,0.00452,0.029008,0.10367,0.20935,0.23569,0.16948,0.11941,0.06061,0.014198,0.003087,0.0042591,0.016219,0.034643,0.034844,0.017059,0.0049548,0.0013723,0.00027889,2.6867e-05,1.1862e-06,1.7911e-08,0,5.3391e-05,0.0017681,0.021539,0.096533,0.15916,0.096533,0.021539,0.0017681,5.3391e-05,0,0,0,0,0,0,0,0,0,0,0,0
0,0,0,0,0,5.9312e-07,8.0851e-05,0.0022663,0.025831,0.11464,0.21125,0.24578,0.2981,0.26726,0.15575,0.10893,0.12997,0.10227,0.040592,0.024028,0.086774,0.19374,0.24158,0.19399,0.090311,0.044384,0.094625,0.16942,0.17333,0.15839,0.24986,0.35432,0.31725,0.2049,0.13356,0.063557,0.016305,0.015217,0.034643,0.071647,0.099509,0.059061,0.015994,0.014137,0.021572,0.013092,0.0034404,0.0055708,0.030926,0.096027,0.15292,0.1711,0.17565,0.10082,0.034708,0.024419,0.027255,0.074537,0.15557,0.15804,0.084732,0.035708,0.014176,0.002948,0.0002393,7.2257e-06,0,0,3.2383e-05,0.0010724,0.013064,0.05855,0.096533,0.05855,0.013064,0.0010724,3.2383e-05,0,0,0,0,0,0,0,0,0,0,0,0
0,0,0,0,0,7.2257e-06,0.00027948,0.0042463,0.029344,0.096281,0.15895,0.20522,0.2952,0.31053,0.21278,0.12079,0.15533,0.20844,0.12219,0.048817,0.10663,0.21048,0.27563,0.293,0.17644,0.11654,0.20021,0.23471,0.15686,0.15978,0.28876,0.35118,0.30787,0.27792,0.23287,0.11076,0.022891,0.0031121,0.0047365,0.014137,0.021811,0.014156,0.015981,0.058797,0.096573,0.058605,0.013163,0.0026629,0.01717,0.074488,0.13224,0.13068,0.11468,0.074695,0.07278,0.099666,0.08191,0.13119,0.25807,0.26986,0.1784,0.12095,0.060664,0.01317,0.0010802,3.2976e-05,1.7911e-08,0,7.2257e-06,0.00023928,0.002915,0.013064,0.021539,0.013064,0.002915,0.00023928,7.2257e-06,0,0,0,0,0,0,0,0,0,0,0,0
1.7911e-08,5.9312e-07,7.2257e-06,3.2383e-05,5.3391e-05,6.4766e-05,0.0011192,0.014377,0.07457,0.16937,0.19293,0.181,0.2931,0.41536,0.33541,0.18977,0.24113,0.3357,0.20051,0.06241,0.079708,0.15445,0.2315,0.28762,0.20103,0.16027,0.23704,0.22002,0.12216,0.11251,0.17556,0.19574,0.20514,0.24693,0.19821,0.080655,0.014899,0.0011856,0.00032565,0.0011048,0.0018287,0.0028416,0.021798,0.096792,0.16023,0.098301,0.022666,0.0038023,0.021891,0.097906,0.16411,0.11365,0.058151,0.057931,0.1126,0.16341,0.11092,0.093454,0.16153,0.18976,0.18993,0.18743,0.10232,0.022884,0.0020218,0.00010542,5.3984e-05,3.2383e-05,7.8188e-06,2.0235e-05,0.0002393,0.0010724,0.0017681,0.0010724,0.00023928,1.9641e-05,5.9312e-07,0,0,0,0,0,0,0,0,0,0,0,0
5.9312e-07,1.9641e-05,0.00023928,0.0010724,0.0017681,0.0011258,0.0020613,0.023347,0.11834,0.25733,0.26433,0.1697,0.21448,0.33078,0.2703,0.17954,0.23458,0.2704,0.16875,0.082485,0.095089,0.13996,0.15691,0.19377,0.18384,0.14913,0.18361,0.19108,0.14647,0.12966,0.096096,0.065053,0.093401,0.13564,0.094713,0.030846,0.0053321,0.00057216,6.6476e-05,4.0202e-05,8.6367e-05,0.001112,0.013311,0.061466,0.1096,0.08009,0.026161,0.0050604,0.013344,0.058642,0.097898,0.072752,0.074462,0.11174,0.11738,0.10986,0.06281,0.030181,0.04982,0.10649,0.17398,0.1713,0.093408,0.02726,0.0043131,0.0013837,0.0018149,0.0011264,0.0002717,2.746e-05,8.4119e-06,3.2401e-05,5.3391e-05,3.2383e-05,7.2257e-06,5.9312e-07,1.7911e-08,0,0,0,0,0,0,0,0,0,0,0,0
7.2257e-06,0.00023928,0.0029151,0.013065,0.021547,0.013129,0.0040732,0.014416,0.071876,0.15809,0.16978,0.11078,0.10536,0.14324,0.12501,0.14907,0.22641,0.23077,0.23675,0.24197,0.21963,0.2001,0.1381,0.14223,0.1798,0.13468,0.1428,0.19742,0.19744,0.18262,0.10258,0.040552,0.07532,0.12249,0.086534,0.038839,0.015688,0.0047424,0.0013123,0.00024651,2.6867e-05,0.00027226,0.0039874,0.026129,0.08009,0.1096,0.061473,0.01355,0.0040271,0.013204,0.023347,0.034651,0.099741,0.16234,0.10961,0.043107,0.015177,0.0061088,0.024923,0.10338,0.1866,0.1769,0.1314,0.064546,0.01806,0.015463,0.022916,0.014905,0.0040204,0.00048579,2.746e-05,6.1103e-07,0,0,0,0,0,0,0,0,0,0,0,0,0,0,0,0,0
3.2383e-05,0.0010724,0.013065,0.05857,0.096772,0.05963,0.015079,0.0053315,0.017323,0.047703,0.093683,0.11936,0.09804,0.10066,0.12094,0.16587,0.23024,0.26699,0.41846,0.53767,0.41593,0.22357,0.095083,0.075444,0.10036,0.074326,0.077401,0.11495,0.12007,0.11284,0.064617,0.037619,0.1029,0.17696,0.15781,0.12155,0.073437,0.034667,0.014169,0.0030008,0.00027228,8.8077e-05,0.0020152,0.022644,0.098354,0.16026,0.0968,0.021819,0.0030803,0.0029262,0.0039128,0.014377,0.058829,0.096793,0.059643,0.015072,0.0032574,0.0031523,0.014315,0.060883,0.11921,0.1571,0.17624,0.11199,0.056454,0.076537,0.11364,0.082098,0.027215,0.0042591,0.0003447,4.0202e-05,7.2257e-06,5.9312e-07,1.7911e-08,0,0,0,0,0,0,0,0,0,0,0,0,0,0
5.3409e-05,0.0017687,0.021554,0.096805,0.16212,0.10963,0.043106,0.015145,0.0060488,0.02466,0.10062,0.17729,0.19682,0.29944,0.37696,0.30127,0.24067,0.2321,0.41237,0.65413,0.58225,0.29047,0.084334,0.02537,0.025856,0.032306,0.052202,0.064253,0.059181,0.062732,0.052409,0.048066,0.098641,0.15412,0.17395,0.18952,0.15666,0.11837,0.061391,0.014886,0.0021454,0.00032428,0.0013385,0.01417,0.060372,0.097645,0.059037,0.016007,0.014177,0.021665,0.01339,0.0058769,0.013344,0.021615,0.013368,0.0058907,0.013344,0.021793,0.016013,0.017059,0.034908,0.072747,0.1126,0.11915,0.13246,0.17213,0.24387,0.2157,0.093426,0.01882,0.0031331,0.001112,0.00023928,1.9641e-05,5.9312e-07,0,0,0,0,0,0,0,0,0,0,0,0,0,0
3.2976e-05,0.001092,0.013336,0.060695,0.11137,0.11817,0.10984,0.059716,0.01429,0.014587,0.06197,0.12816,0.23418,0.4863,0.60726,0.38997,0.19371,0.12848,0.23289,0.49171,0.61686,0.44073,0.16898,0.033617,0.020214,0.077012,0.17082,0.19281,0.1585,0.17533,0.17217,0.14777,0.18806,0.20499,0.16684,0.14827,0.15961,0.17542,0.11068,0.043111,0.01484,0.0032149,0.0033936,0.015987,0.034604,0.034637,0.017071,0.016458,0.059869,0.098309,0.059662,0.013782,0.0032368,0.0036015,0.0032172,0.013543,0.05859,0.096554,0.058797,0.014376,0.0058089,0.015937,0.04335,0.11078,0.17798,0.18993,0.27317,0.31625,0.17112,0.04874,0.024412,0.01315,0.002915,0.00023928,7.2257e-06,0,0,0,0,0,0,0,0,0,0,0,0,0,0
1.4451e-05,0.00047856,0.0058835,0.027897,0.064619,0.12268,0.16523,0.098118,0.02404,0.0098077,0.030439,0.073764,0.18586,0.39189,0.45785,0.30864,0.1816,0.11762,0.17036,0.37115,0.56061,0.5064,0.23519,0.061164,0.049603,0.1444,0.31904,0.37607,0.2959,0.29595,0.28596,0.25086,0.31495,0.33408,0.23386,0.11874,0.088672,0.11388,0.11739,0.10961,0.059655,0.01417,0.014156,0.058822,0.097605,0.060379,0.016144,0.025766,0.10965,0.1807,0.10984,0.027409,0.015157,0.021739,0.014873,0.024469,0.096805,0.15922,0.096573,0.021599,0.0020937,0.0022306,0.014847,0.059948,0.10253,0.10624,0.18972,0.2709,0.17109,0.093393,0.099381,0.058636,0.013064,0.0010724,3.2383e-05,0,0,0,0,0,0,0,0,0,0,0,0,0,0
3.2976e-05,0.001092,0.013336,0.060695,0.11137,0.11841,0.11276,0.072979,0.038651,0.040598,0.086232,0.13797,0.19538,0.30795,0.35423,0.32173,0.27468,0.2321,0.28429,0.35955,0.36509,0.29312,0.14851,0.087238,0.11466,0.15186,0.26606,0.3324,0.25298,0.21451,0.19828,0.20656,0.28782,0.31449,0.25828,0.13803,0.051646,0.048034,0.10991,0.16208,0.096833,0.023347,0.023361,0.096626,0.1592,0.096652,0.023724,0.027936,0.11721,0.19315,0.11842,0.040266,0.062463,0.097703,0.059881,0.026388,0.060696,0.098333,0.059623,0.013304,0.0011065,0.00030464,0.002969,0.013156,0.023098,0.030117,0.076351,0.12115,0.0934,0.11253,0.16047,0.096573,0.021539,0.0017681,5.3391e-05,0,0,0,0,0,0,0,0,0,0,0,0,0,0
5.3409e-05,0.0017687,0.021554,0.096805,0.16216,0.11074,0.056269,0.074614,0.11461,0.14002,0.20934,0.23644,0.19835,0.25756,0.35847,0.35996,0.31499,0.36141,0.45201,0.38463,0.20446,0.089186,0.0534,0.10332,0.16503,0.12746,0.11733,0.15044,0.15096,0.15044,0.11944,0.14272,0.21212,0.20304,0.19266,0.16033,0.074092,0.028984,0.060729,0.096824,0.058841,0.01521,0.015905,0.059655,0.096773,0.05865,0.015312,0.026599,0.1114,0.18206,0.11452,0.059078,0.12008,0.1723,0.099927,0.027609,0.027904,0.043132,0.026129,0.0058301,0.00047916,3.4093e-05,0.0002393,0.0010808,0.0020342,0.0042597,0.014469,0.024464,0.027263,0.061745,0.096839,0.058644,0.01315,0.001112,4.0202e-05,6.1103e-07,1.7911e-08,0,0,0,0,0,0,0,0,0,0,0,0
3.2383e-05,0.0010724,0.013066,0.058598,0.097124,0.062788,0.039359,0.1036,0.18628,0.21974,0.26429,0.22741,0.14782,0.18318,0.27529,0.25607,0.24461,0.38245,0.49264,0.38663,0.17577,0.048459,0.023182,0.065464,0.11308,0.085984,0.047029,0.063258,0.13407,0.17937,0.11593,0.083285,0.1061,0.096069,0.13246,0.1736,0.099826,0.02478,0.014887,0.021847,0.01602,0.016279,0.024758,0.026196,0.024495,0.013583,0.0069299,0.026607,0.081202,0.11247,0.076674,0.085157,0.15618,0.15515,0.072707,0.02744,0.060727,0.098333,0.059623,0.013304,0.001092,3.3569e-05,7.2257e-06,3.2994e-05,7.4218e-05,0.00029853,0.0013585,0.0031343,0.0058081,0.014642,0.023111,0.015925,0.0057561,0.0015509,0.00026615,2.0235e-05,5.9312e-07,0,0,0,0,0,0,0,0,0,0,0,0
7.2257e-06,0.00023987,0.0029425,0.01357,0.026045,0.032989,0.053542,0.096889,0.13919,0.18309,0.23602,0.21767,0.19804,0.2142,0.22987,0.16732,0.1539,0.27352,0.37117,0.31646,0.20292,0.10093,0.050199,0.067849,0.11741,0.12899,0.081008,0.087286,0.15759,0.15676,0.076419,0.028438,0.024343,0.027391,0.06352,0.098926,0.060585,0.014396,0.0024367,0.0031323,0.01523,0.060816,0.098937,0.061631,0.015957,0.0034643,0.013595,0.061493,0.10968,0.081925,0.047972,0.1035,0.17252,0.11814,0.03638,0.026262,0.096913,0.15926,0.096637,0.021654,0.0018334,6.786e-05,1.1862e-06,5.3732e-08,7.8188e-06,0.00024651,0.002948,0.013145,0.022058,0.017298,0.020663,0.035915,0.03485,0.015999,0.0031549,0.00024651,7.2257e-06,0,0,0,0,0,0,0,0,0,0,0,0
5.9312e-07,2.6867e-05,0.00051817,0.0053315,0.031891,0.10753,0.1929,0.18616,0.12091,0.14072,0.22586,0.2971,0.37889,0.33416,0.22445,0.16595,0.1785,0.26062,0.34336,0.30673,0.2742,0.22957,0.18899,0.23014,0.28365,0.25836,0.14605,0.12537,0.1773,0.13134,0.056694,0.019961,0.0070306,0.0055852,0.016519,0.034675,0.034613,0.015994,0.0034794,0.0049902,0.034883,0.121,0.18529,0.12102,0.03495,0.0064914,0.021859,0.096781,0.16028,0.099613,0.036769,0.062572,0.098784,0.060664,0.0155,0.015457,0.06041,0.098084,0.060934,0.01662,0.0032177,0.00051095,3.9301e-05,1.7794e-06,3.9609e-05,0.0011048,0.013118,0.058616,0.097652,0.07272,0.084732,0.15619,0.15512,0.071615,0.014137,0.0011048,3.2383e-05,0,0,0,0,0,0,0,0,0,0,0,0
1.7911e-08,3.2976e-05,0.0011654,0.015991,0.094977,0.27321,0.41108,0.32957,0.14816,0.094394,0.16963,0.33487,0.51456,0.44237,0.27565,0.26251,0.28549,0.29776,0.32532,0.26684,0.25888,0.32009,0.38814,0.46248,0.44769,0.32675,0.15492,0.089159,0.11574,0.12229,0.11604,0.075051,0.035922,0.015787,0.017172,0.060592,0.09762,0.058822,0.014189,0.015242,0.072719,0.16815,0.21363,0.16815,0.072719,0.015241,0.01417,0.058604,0.096845,0.061819,0.029161,0.03599,0.035782,0.018055,0.007414,0.016487,0.03511,0.040434,0.042108,0.046233,0.026375,0.0058373,0.00047916,3.4093e-05,0.00029267,0.0028404,0.023307,0.097659,0.16122,0.11986,0.13961,0.25746,0.25574,0.11807,0.023307,0.0018215,5.3391e-05,0,0,0,0,0,0,0,0,0,0,0,0
0,5.3391e-05,0.0018538,0.024413,0.13223,0.32754,0.41187,0.27571,0.106,0.072737,0.17716,0.38897,0.56241,0.47244,0.3423,0.36364,0.33663,0.29098,0.27837,0.22515,0.18816,0.2739,0.42807,0.48604,0.40271,0.28069,0.13228,0.056558,0.080328,0.14943,0.20623,0.18219,0.13369,0.06718,0.036937,0.098758,0.15946,0.096613,0.023316,0.0236,0.10127,0.19376,0.21461,0.19379,0.10128,0.022105,0.0047244,0.013423,0.023758,0.028195,0.064096,0.10277,0.074514,0.03699,0.027487,0.061854,0.10004,0.086486,0.13124,0.19438,0.11716,0.026162,0.0022054,0.00033643,0.0029547,0.014137,0.034604,0.071647,0.10055,0.072926,0.084686,0.15616,0.15512,0.071615,0.014144,0.0011372,8.5774e-05,3.2383e-05,7.2257e-06,5.9312e-07,1.7911e-08,0,0,0,0,0,0,0,0
0,3.2383e-05,0.001112,0.01439,0.075008,0.17398,0.20282,0.13002,0.071496,0.15015,0.332,0.47441,0.52912,0.43619,0.34125,0.36113,0.34149,0.339,0.33883,0.2783,0.18348,0.21038,0.36178,0.39625,0.27374,0.16261,0.085676,0.090284,0.1771,0.24397,0.27321,0.29221,0.25931,0.13815,0.060171,0.073654,0.099509,0.058822,0.014152,0.014221,0.059948,0.11072,0.11912,0.11175,0.061663,0.014289,0.0020625,0.0051797,0.018609,0.048172,0.12423,0.19678,0.16855,0.12285,0.082351,0.11085,0.16556,0.14077,0.21488,0.32013,0.19336,0.044151,0.0053366,0.0022521,0.013318,0.058841,0.099502,0.071654,0.034857,0.017292,0.018927,0.034843,0.034612,0.015999,0.0033936,0.0013189,0.0017753,0.0010724,0.00023928,1.9641e-05,5.9312e-07,0,0,0,0,0,0,0,0
1.7911e-08,7.8188e-06,0.00025433,0.0032393,0.017365,0.04904,0.0964,0.12029,0.11011,0.22427,0.39956,0.39626,0.36309,0.35254,0.31843,0.34813,0.37587,0.3954,0.37156,0.30877,0.25192,0.25169,0.38622,0.45775,0.32408,0.1605,0.091746,0.15288,0.29856,0.36459,0.36287,0.37431,0.32159,0.19907,0.12747,0.073879,0.034737,0.014229,0.0034867,0.0042681,0.015108,0.025832,0.029409,0.037842,0.035938,0.018028,0.0082214,0.026712,0.082315,0.13583,0.18058,0.22898,0.21652,0.1877,0.1149,0.093303,0.12199,0.097797,0.13309,0.19462,0.12006,0.039193,0.023738,0.014917,0.024695,0.097872,0.16121,0.098765,0.02366,0.003191,0.0016661,0.0028931,0.0028555,0.0015515,0.003174,0.013085,0.02154,0.013064,0.002915,0.00023928,7.2257e-06,0,0,0,0,0,0,0,0
5.9312e-07,2.0235e-05,0.00025953,0.0013859,0.0048825,0.025979,0.104,0.18054,0.15926,0.1805,0.25042,0.24567,0.30914,0.42732,0.43548,0.42968,0.43477,0.3822,0.29378,0.32441,0.41002,0.33717,0.34431,0.45383,0.43779,0.32644,0.22387,0.2089,0.28934,0.3307,0.34296,0.34413,0.29812,0.22529,0.18724,0.10182,0.025629,0.0052771,0.0052893,0.014468,0.023151,0.017244,0.020132,0.064784,0.11097,0.081475,0.040981,0.084138,0.19535,0.24244,0.22318,0.22944,0.19153,0.13542,0.079452,0.084994,0.11964,0.077509,0.042194,0.045495,0.03924,0.064381,0.097051,0.059877,0.029064,0.072947,0.11943,0.074539,0.019166,0.0037683,0.0021207,0.0011796,0.00035807,0.0011316,0.013073,0.058551,0.096533,0.05855,0.013064,0.0010724,3.2383e-05,0,0,0,0,0,0,0,0
7.2436e-06,0.00023989,0.0029229,0.013144,0.022978,0.030313,0.089285,0.19269,0.23756,0.21818,0.22179,0.33221,0.5018,0.60273,0.55959,0.45041,0.37138,0.25647,0.16856,0.29585,0.48649,0.39813,0.27539,0.34025,0.46382,0.49194,0.36719,0.24832,0.23596,0.21571,0.23633,0.26715,0.21367,0.15172,0.13596,0.086228,0.040931,0.029689,0.039357,0.073175,0.1027,0.073767,0.057341,0.12383,0.22075,0.19511,0.10271,0.12446,0.21996,0.20748,0.15302,0.1746,0.1704,0.095213,0.049,0.10165,0.16147,0.099163,0.025745,0.0081649,0.023985,0.097064,0.15929,0.097885,0.037773,0.076557,0.13435,0.10753,0.055266,0.031428,0.024973,0.01333,0.0029768,0.0020146,0.021579,0.096586,0.15919,0.09654,0.02154,0.0017681,5.3391e-05,0,0,0,0,0,0,0,0
3.2976e-05,0.001092,0.013304,0.059663,0.0997,0.078142,0.11515,0.26554,0.3765,0.34339,0.34718,0.56845,0.74597,0.70276,0.59252,0.47668,0.36598,0.20208,0.09063,0.16288,0.33259,0.39398,0.37105,0.38971,0.4652,0.45634,0.29691,0.17192,0.15895,0.16134,0.24569,0.32406,0.21303,0.12434,0.13877,0.13573,0.13319,0.13568,0.15328,0.17037,0.18854,0.15865,0.13474,0.14149,0.20646,0.21988,0.12293,0.084084,0.11169,0.084834,0.060784,0.12235,0.17363,0.1023,0.03593,0.060836,0.099576,0.071662,0.034709,0.015336,0.016316,0.059876,0.098363,0.061443,0.036194,0.11307,0.23552,0.26683,0.21147,0.14502,0.11364,0.059895,0.013156,0.002384,0.014169,0.060318,0.097605,0.058789,0.013084,0.001073,3.2383e-05,0,0,0,0,0,0,0,0
6.0617e-05,0.0020074,0.024455,0.10967,0.18285,0.1376,0.17568,0.37668,0.4808,0.3835,0.36229,0.54778,0.68375,0.66982,0.63671,0.59312,0.50754,0.3067,0.11159,0.063279,0.15665,0.36675,0.5584,0.54705,0.43023,0.27981,0.13988,0.11924,0.20042,0.27789,0.38819,0.43053,0.25383,0.15378,0.2059,0.24504,0.27279,0.28529,0.29757,0.21837,0.15676,0.17303,0.19891,0.13707,0.10466,0.11188,0.064468,0.026608,0.023743,0.016176,0.018125,0.060804,0.097672,0.059083,0.016064,0.015217,0.034637,0.071615,0.099462,0.059268,0.018902,0.027201,0.043144,0.027255,0.020755,0.083441,0.22779,0.37459,0.38683,0.27423,0.19556,0.099434,0.021872,0.0049224,0.016033,0.034604,0.034604,0.015979,0.0031543,0.00024651,7.2257e-06,0,0,0,0,0,0,0,0
6.4766e-05,0.0021454,0.026149,0.11741,0.19643,0.14887,0.19176,0.42005,0.5575,0.48999,0.42113,0.39506,0.42361,0.54276,0.64822,0.66085,0.61994,0.4314,0.18349,0.064471,0.10476,0.33311,0.60897,0.59726,0.3861,0.17301,0.080094,0.15285,0.31055,0.41668,0.46265,0.41641,0.23113,0.12946,0.20119,0.33689,0.4089,0.36666,0.31227,0.17937,0.095681,0.15463,0.2099,0.12535,0.043016,0.02591,0.01388,0.0040418,0.0020566,0.0014119,0.0032725,0.013178,0.021588,0.013124,0.0032617,0.0031121,0.023322,0.097606,0.15943,0.097645,0.034844,0.061391,0.098362,0.059894,0.017377,0.030061,0.11476,0.26575,0.33022,0.22694,0.13222,0.061455,0.014223,0.014156,0.058822,0.097605,0.060318,0.014137,0.0013117,5.2025e-05,5.9312e-07,0,0,0,0,0,0,0,0
6.0617e-05,0.0020152,0.024713,0.11281,0.1969,0.15958,0.17669,0.33231,0.46011,0.53813,0.55307,0.42421,0.34405,0.42259,0.48302,0.49223,0.48828,0.41288,0.25934,0.14987,0.15878,0.29332,0.5238,0.55358,0.32741,0.12211,0.095719,0.19713,0.3083,0.3541,0.32228,0.29084,0.23234,0.14045,0.18544,0.39432,0.51388,0.39611,0.22576,0.10467,0.10218,0.20986,0.24425,0.13733,0.049512,0.018726,0.0051967,0.00083523,0.00040041,0.0011586,0.0020224,0.0021656,0.0022467,0.002165,0.0020475,0.0021968,0.013358,0.058602,0.096594,0.060319,0.034611,0.097638,0.15924,0.096592,0.022065,0.0070677,0.030872,0.094466,0.13429,0.087613,0.037759,0.014437,0.00473,0.021812,0.096601,0.15922,0.096594,0.021572,0.0017753,5.3984e-05,1.7911e-08,0,0,0,0,0,0,0,0
3.2976e-05,0.0011317,0.014616,0.075642,0.17105,0.1916,0.15262,0.16991,0.25049,0.38871,0.50347,0.52694,0.49717,0.46417,0.35887,0.32559,0.3792,0.40525,0.32502,0.22651,0.21914,0.28953,0.49144,0.55279,0.30969,0.11496,0.13536,0.25887,0.32778,0.294,0.21072,0.27593,0.37273,0.23345,0.1364,0.2415,0.35344,0.30464,0.14915,0.060816,0.11786,0.23332,0.22973,0.15573,0.12786,0.08262,0.028216,0.0063787,0.0051947,0.014164,0.021794,0.013356,0.0058841,0.013336,0.021561,0.013304,0.0058301,0.013304,0.021579,0.014137,0.015987,0.058822,0.096594,0.058584,0.013106,0.0016048,0.0043275,0.016022,0.024733,0.015514,0.0049571,0.0013851,0.0015588,0.014156,0.060319,0.097605,0.058789,0.013084,0.001073,3.2383e-05,0,0,0,0,0,0,0,0,0
7.2436e-06,0.00032626,0.0057829,0.047954,0.17802,0.27364,0.17474,0.08394,0.13897,0.26192,0.3972,0.57881,0.69823,0.67315,0.4816,0.41572,0.43453,0.38698,0.26611,0.17146,0.16033,0.24803,0.50002,0.61804,0.39523,0.19274,0.15126,0.22378,0.28189,0.21519,0.14152,0.26968,0.41768,0.25546,0.076232,0.065454,0.11538,0.12782,0.069349,0.030351,0.077268,0.17187,0.2004,0.19479,0.23771,0.20771,0.10462,0.042041,0.038677,0.07194,0.09952,0.059869,0.026136,0.059623,0.096566,0.05857,0.013311,0.0021778,0.0018695,0.0014033,0.0034866,0.014243,0.023348,0.014145,0.0031573,0.00032568,0.00076529,0.0033035,0.0053972,0.0032891,0.00078628,0.00033843,0.0031633,0.01598,0.034604,0.034604,0.015979,0.0031543,0.00024651,7.2257e-06,0,0,0,0,0,0,0,0,0
1.1862e-06,0.00012046,0.003371,0.038885,0.17106,0.28059,0.17274,0.055087,0.069771,0.14349,0.27021,0.50323,0.72895,0.78124,0.625,0.55165,0.46502,0.33146,0.22025,0.17897,0.15975,0.22482,0.47268,0.6303,0.48859,0.30013,0.17584,0.14055,0.1407,0.088782,0.05605,0.13557,0.21778,0.13331,0.032153,0.0097107,0.020687,0.037036,0.035708,0.023916,0.052207,0.14388,0.20303,0.18485,0.22847,0.27919,0.21936,0.14176,0.13406,0.15801,0.17339,0.099646,0.043184,0.098334,0.15922,0.096554,0.021794,0.0029254,0.002195,0.0027077,0.0062485,0.016998,0.02462,0.014396,0.0031968,0.00077828,0.0059309,0.026247,0.043179,0.026201,0.0059237,0.0015845,0.013106,0.05879,0.097605,0.060318,0.014137,0.0013117,5.2025e-05,5.9312e-07,0,0,0,0,0,0,0,0,0
1.9659e-05,0.00031909,0.0037029,0.033766,0.1446,0.23937,0.15708,0.060551,0.045635,0.073104,0.17452,0.42851,0.71868,0.7908,0.68194,0.63006,0.48563,0.28486,0.22785,0.32212,0.33831,0.26025,0.30066,0.40658,0.39884,0.31,0.24767,0.18925,0.099573,0.031371,0.014635,0.043752,0.079533,0.061848,0.022169,0.0051477,0.014645,0.060511,0.099058,0.07641,0.10003,0.18167,0.17461,0.10327,0.1172,0.21082,0.24381,0.21172,0.20972,0.17952,0.1317,0.065398,0.02819,0.060702,0.096812,0.058829,0.016226,0.015456,0.026527,0.031189,0.05083,0.093445,0.11257,0.061757,0.013642,0.0045366,0.029002,0.11996,0.19462,0.11843,0.02797,0.0049858,0.021844,0.09656,0.1592,0.096619,0.021625,0.0018077,6.121e-05,6.1103e-07,1.7911e-08,0,0,0,0,0,0,0,0
0.00023928,0.0030086,0.016164,0.05933,0.18336,0.29527,0.23229,0.16187,0.14722,0.16056,0.26475,0.56228,0.78961,0.71911,0.69134,0.82055,0.73938,0.41258,0.27783,0.44299,0.54583,0.40371,0.23225,0.21757,0.26796,0.28073,0.33505,0.31097,0.15919,0.043684,0.021204,0.075431,0.16047,0.15838,0.072904,0.01817,0.026267,0.099123,0.16407,0.13725,0.19623,0.29674,0.19615,0.061864,0.047774,0.10472,0.1411,0.15112,0.19417,0.18278,0.09905,0.040777,0.028535,0.026433,0.024509,0.014616,0.018934,0.072959,0.13227,0.145,0.1926,0.25293,0.23082,0.11092,0.025938,0.021369,0.077776,0.22792,0.33721,0.20928,0.064897,0.01768,0.016087,0.058816,0.096812,0.059676,0.014865,0.002152,0.00027226,1.9659e-05,5.9312e-07,0,0,0,0,0,0,0,0
0.0010724,0.013151,0.061411,0.13144,0.2166,0.29377,0.27268,0.28941,0.32032,0.30631,0.40074,0.75045,0.91407,0.69072,0.72345,1.0804,1.1706,0.77214,0.44724,0.50679,0.65778,0.66304,0.43429,0.25067,0.23923,0.27313,0.37313,0.39021,0.25971,0.11286,0.055069,0.13529,0.27764,0.26954,0.12794,0.052525,0.059299,0.088284,0.1224,0.14236,0.27144,0.41162,0.28651,0.10382,0.077113,0.11785,0.11379,0.14215,0.23219,0.23614,0.12784,0.083605,0.10064,0.0608,0.015165,0.0050054,0.034929,0.15692,0.27904,0.27426,0.30341,0.31711,0.21475,0.083202,0.03016,0.076653,0.18235,0.2735,0.27776,0.18979,0.12377,0.060967,0.016071,0.014615,0.025559,0.027897,0.025527,0.013543,0.0029419,0.00023987,7.2257e-06,0,0,0,0,0,0,0,0
0.0017681,0.02158,0.097865,0.17542,0.17065,0.16033,0.18251,0.30793,0.40985,0.3416,0.34508,0.64724,0.8636,0.75223,0.9606,1.429,1.5,1.0742,0.60235,0.53856,0.80323,1.0235,0.75522,0.35628,0.2196,0.287,0.45349,0.49907,0.41096,0.24915,0.11523,0.14555,0.25309,0.21878,0.12391,0.15415,0.21155,0.14869,0.12583,0.21685,0.38027,0.55061,0.50164,0.2617,0.15675,0.19452,0.20162,0.24289,0.28302,0.20957,0.10616,0.12562,0.18366,0.11077,0.024841,0.0049076,0.034738,0.15626,0.2701,0.22802,0.19437,0.17207,0.093772,0.031957,0.040407,0.14036,0.27464,0.2865,0.18293,0.14598,0.16684,0.097146,0.022112,0.0068999,0.028057,0.081227,0.10985,0.061486,0.013304,0.0010796,3.2383e-05,0,0,0,0,0,0,0,0
0.0011048,0.013133,0.059081,0.10265,0.087164,0.077258,0.14175,0.32356,0.46672,0.43199,0.40269,0.57491,0.79294,0.8124,1.0568,1.3447,1.2081,0.87126,0.52914,0.52054,0.90914,1.1967,0.90632,0.4774,0.28598,0.32362,0.47486,0.51442,0.49509,0.35435,0.16174,0.13767,0.19799,0.14962,0.14024,0.2951,0.38264,0.24764,0.20293,0.33087,0.4721,0.65346,0.71378,0.44566,0.20377,0.1975,0.26647,0.29238,0.22045,0.10521,0.057259,0.13533,0.21668,0.13128,0.029396,0.0039871,0.017147,0.073883,0.12528,0.10102,0.072446,0.0501,0.021808,0.018635,0.073181,0.16821,0.21414,0.17137,0.089307,0.075103,0.09919,0.060462,0.015749,0.018321,0.083731,0.19524,0.21819,0.10964,0.022613,0.0018004,5.3391e-05,0,0,0,0,0,0,0,0
0.0013117,0.0047173,0.015244,0.035209,0.074759,0.12691,0.20337,0.39691,0.59068,0.70638,0.78969,0.82054,0.8562,0.77979,0.77982,0.75892,0.57919,0.45904,0.4374,0.56319,0.85527,1.0413,0.84677,0.58453,0.39513,0.32703,0.39856,0.4466,0.46564,0.31414,0.12102,0.082942,0.11925,0.10884,0.15067,0.28195,0.30806,0.23757,0.27841,0.35463,0.39474,0.52582,0.61466,0.43982,0.20939,0.17061,0.23878,0.21065,0.10484,0.034303,0.046859,0.18353,0.30011,0.18254,0.042501,0.0076211,0.01667,0.037307,0.051894,0.080483,0.10493,0.062222,0.016252,0.023151,0.099747,0.17514,0.13116,0.056454,0.021009,0.019259,0.034912,0.035197,0.023642,0.051902,0.15292,0.24385,0.19893,0.080622,0.014879,0.001133,3.2976e-05,3.5821e-08,5.9312e-07,7.2257e-06,3.2383e-05,5.3391e-05,3.2383e-05,7.2257e-06,5.9312e-07
0.013085,0.021871,0.016384,0.028414,0.10286,0.18197,0.22368,0.40923,0.67481,0.90562,1.1109,1.0399,0.79873,0.6327,0.60274,0.51218,0.39311,0.35897,0.48327,0.61948,0.70589,0.77811,0.6858,0.51863,0.32873,0.25835,0.34146,0.36715,0.30513,0.17259,0.074837,0.071838,0.12806,0.15069,0.13358,0.14043,0.13962,0.21954,0.37846,0.36902,0.26213,0.30506,0.39483,0.34052,0.21703,0.14091,0.12833,0.0956,0.04988,0.025033,0.06447,0.23681,0.37003,0.23096,0.071833,0.031891,0.063674,0.10679,0.10984,0.1549,0.18696,0.10261,0.023164,0.014882,0.058864,0.097845,0.061398,0.01599,0.0037688,0.0147,0.06149,0.10158,0.087123,0.14376,0.25565,0.22697,0.10729,0.030041,0.0051246,0.00051095,2.6867e-05,1.1862e-06,1.9641e-05,0.00023928,0.0010724,0.0017681,0.0010724,0.00023928,1.9641e-05
0.058565,0.097051,0.065485,0.052351,0.10422,0.14383,0.19813,0.429,0.6995,0.83303,0.9547,0.87866,0.60443,0.62138,0.88006,0.83818,0.60341,0.45883,0.52185,0.57058,0.54505,0.501,0.44215,0.35101,0.21435,0.23833,0.40049,0.38207,0.22261,0.15211,0.16866,0.21533,0.31078,0.29467,0.15811,0.063341,0.057551,0.17987,0.34386,0.30465,0.16475,0.18365,0.3093,0.34415,0.26767,0.13358,0.060239,0.075583,0.10193,0.075564,0.11037,0.26868,0.35028,0.24306,0.15002,0.10505,0.12786,0.20346,0.24865,0.28661,0.21946,0.086762,0.016529,0.0042921,0.013125,0.021599,0.01339,0.0041416,0.0040945,0.025647,0.11027,0.18537,0.15469,0.22154,0.33412,0.21874,0.071083,0.029128,0.013664,0.0029431,0.00023991,1.4451e-05,0.00023928,0.002915,0.013064,0.021539,0.013064,0.002915,0.00023928
0.096598,0.16131,0.12291,0.14167,0.21041,0.171,0.23258,0.57191,0.85299,0.7653,0.66693,0.63285,0.51382,0.72379,1.1712,1.148,0.71718,0.50815,0.60813,0.61836,0.54059,0.4478,0.43008,0.35546,0.19612,0.21755,0.38419,0.38251,0.27451,0.30512,0.36824,0.3773,0.42596,0.35132,0.19941,0.078449,0.034307,0.10616,0.26406,0.31478,0.19407,0.18007,0.33127,0.40407,0.30323,0.1398,0.058157,0.10366,0.16487,0.12627,0.15052,0.25855,0.25349,0.20859,0.23812,0.20895,0.15538,0.21377,0.35461,0.40951,0.24401,0.079299,0.019614,0.0035022,0.0013261,0.0020152,0.0040071,0.013608,0.024783,0.041201,0.12407,0.20875,0.16482,0.15661,0.20076,0.13441,0.089355,0.10113,0.059174,0.013137,0.0010808,6.5359e-05,0.0010724,0.013064,0.05855,0.096533,0.05855,0.013064,0.0010724
0.058658,0.10009,0.1019,0.20776,0.32758,0.2427,0.27565,0.65127,0.98202,0.86764,0.71212,0.72456,0.67723,0.84625,1.2251,1.242,0.78182,0.52142,0.60023,0.58707,0.50755,0.53121,0.60011,0.46295,0.22618,0.17405,0.27477,0.36041,0.40455,0.47006,0.44441,0.31872,0.26755,0.23869,0.1997,0.10414,0.033922,0.087424,0.30865,0.48954,0.35808,0.23339,0.35535,0.52249,0.48696,0.2819,0.11112,0.092419,0.13844,0.13291,0.17142,0.22973,0.17341,0.14329,0.21202,0.22603,0.14825,0.17455,0.31989,0.3511,0.22711,0.13241,0.061713,0.013222,0.0011917,0.0011978,0.013343,0.061534,0.11164,0.10562,0.1488,0.24371,0.21225,0.10969,0.065814,0.075056,0.14578,0.18685,0.10415,0.023123,0.0020752,0.00015881,0.0017759,0.02154,0.096533,0.15916,0.096533,0.021539,0.0017681
0.013136,0.023925,0.042181,0.13472,0.23257,0.22525,0.33014,0.68029,1.0047,0.94988,0.8392,0.88551,0.85799,0.97076,1.3135,1.3914,1.0276,0.75088,0.69265,0.59436,0.53768,0.65089,0.73689,0.57781,0.34881,0.26854,0.24278,0.33673,0.52738,0.59111,0.43387,0.20106,0.091625,0.09583,0.12126,0.084681,0.046959,0.12796,0.37732,0.62952,0.62234,0.45966,0.48943,0.70445,0.73784,0.4637,0.18693,0.1337,0.20677,0.25476,0.28655,0.28405,0.21261,0.16387,0.14496,0.1295,0.095955,0.12965,0.26022,0.33265,0.27477,0.20535,0.10237,0.022964,0.0036514,0.0029731,0.022923,0.10976,0.21892,0.20815,0.16126,0.20972,0.22053,0.11454,0.054521,0.13617,0.25622,0.22708,0.10652,0.029354,0.0058209,0.0013764,0.0013189,0.013084,0.058551,0.096534,0.058557,0.013097,0.0011258
0.0011726,0.0033659,0.020514,0.092804,0.19182,0.26152,0.39616,0.70057,1.001,0.93619,0.88457,0.98599,0.90611,0.92805,1.2627,1.4381,1.2587,1.1271,1.0542,0.84957,0.68867,0.72097,0.74984,0.60194,0.4529,0.40525,0.27104,0.28757,0.52925,0.6351,0.44871,0.17893,0.059065,0.080223,0.13824,0.1429,0.10572,0.1956,0.42445,0.68235,0.8488,0.69476,0.53385,0.57369,0.56834,0.35681,0.19204,0.23664,0.34255,0.38711,0.37212,0.33562,0.31459,0.25731,0.13876,0.086662,0.12473,0.18557,0.298,0.42322,0.3572,0.20049,0.078611,0.028403,0.024492,0.015806,0.020185,0.083924,0.1955,0.22218,0.13584,0.10324,0.11394,0.071605,0.072229,0.22153,0.36044,0.27915,0.15714,0.078332,0.03497,0.014152,0.0031867,0.0031543,0.013072,0.021559,0.013304,0.0039874,0.0020073
0.0018551,0.0030003,0.024541,0.12738,0.309,0.43649,0.51004,0.73677,0.97378,0.88908,0.93245,1.0751,0.93231,0.83106,1.0612,1.2627,1.214,1.244,1.3158,1.1136,0.82591,0.70048,0.60097,0.50722,0.47613,0.425,0.25654,0.22947,0.37903,0.44724,0.34492,0.1673,0.13069,0.26242,0.36726,0.30975,0.18196,0.20328,0.35302,0.53979,0.72894,0.61334,0.40616,0.34178,0.27039,0.15791,0.16095,0.26357,0.29753,0.29296,0.31573,0.39231,0.44259,0.3202,0.16182,0.177,0.31364,0.33355,0.29484,0.35696,0.32753,0.16194,0.055997,0.076684,0.11911,0.078796,0.047863,0.071592,0.10652,0.11594,0.066418,0.034045,0.051018,0.071903,0.11698,0.23769,0.30935,0.26416,0.21648,0.16069,0.11846,0.060359,0.013145,0.0013123,0.001112,0.0020073,0.0039874,0.013304,0.021559
0.021574,0.014318,0.020588,0.11045,0.3382,0.56,0.6335,0.77472,0.92144,0.87816,0.94392,1.0081,0.88515,0.75466,0.87195,0.98555,0.94453,1.0794,1.3389,1.2613,1.0289,0.87948,0.65086,0.59398,0.66168,0.561,0.35314,0.30915,0.32336,0.28607,0.25065,0.18235,0.25294,0.49257,0.56163,0.39157,0.23207,0.17546,0.19772,0.31101,0.47538,0.44209,0.35366,0.34397,0.22343,0.11903,0.16823,0.25512,0.25405,0.26845,0.34726,0.49287,0.57352,0.43058,0.27011,0.31588,0.4876,0.44617,0.30044,0.31275,0.29769,0.14762,0.066729,0.15916,0.26109,0.19432,0.17374,0.21302,0.13504,0.049156,0.018126,0.031388,0.12276,0.21841,0.23418,0.28421,0.31002,0.26321,0.19756,0.17083,0.17511,0.09871,0.021812,0.0017949,0.00011875,0.0011258,0.013097,0.058557,0.096534
0.096581,0.059844,0.029094,0.096832,0.2957,0.51905,0.65754,0.83106,0.96134,0.94554,0.9384,0.84455,0.7128,0.63401,0.67935,0.69627,0.63303,0.7549,1.0523,1.1397,1.1519,1.1549,0.93961,0.8968,0.94948,0.78194,0.57826,0.51943,0.35448,0.19356,0.19825,0.23769,0.346,0.52841,0.48019,0.31748,0.2857,0.25292,0.17215,0.19345,0.29438,0.29465,0.33368,0.42385,0.33774,0.26249,0.30965,0.36385,0.35938,0.36562,0.38657,0.46926,0.57679,0.50673,0.36617,0.36058,0.50106,0.49728,0.39367,0.42845,0.38349,0.19932,0.10112,0.17494,0.27567,0.25712,0.32476,0.38214,0.21096,0.048583,0.01173,0.056913,0.21696,0.34838,0.28052,0.26237,0.3254,0.28563,0.15716,0.10806,0.12281,0.071908,0.015994,0.001344,0.00014639,0.0018004,0.021547,0.096534,0.15916
0.1595,0.10281,0.07669,0.23197,0.47184,0.60899,0.74815,0.9869,1.1392,1.0343,0.83788,0.63728,0.55744,0.62436,0.65439,0.58357,0.53645,0.64606,0.83658,0.95212,1.1845,1.3944,1.2547,1.1371,1.0609,0.90344,0.81336,0.72473,0.4005,0.17659,0.24602,0.3882,0.46618,0.52835,0.40639,0.25905,0.32291,0.41962,0.3291,0.2283,0.23267,0.23369,0.33358,0.48546,0.5075,0.48606,0.50987,0.50303,0.41969,0.30904,0.25092,0.30287,0.39684,0.36314,0.31265,0.37054,0.48272,0.46198,0.38624,0.46252,0.48552,0.35951,0.22086,0.15336,0.16091,0.19982,0.29974,0.31792,0.18435,0.059977,0.027755,0.090823,0.2293,0.28142,0.18482,0.14668,0.18509,0.16367,0.089875,0.08684,0.11942,0.071687,0.016226,0.0024164,0.0018934,0.0021772,0.013311,0.05857,0.096534
0.09802,0.078314,0.14251,0.42163,0.67322,0.64406,0.64994,0.8287,1.0464,1.0654,0.82444,0.61378,0.59698,0.68093,0.66028,0.56263,0.61029,0.83919,0.90909,0.8371,1.0658,1.4434,1.3336,0.98467,0.76014,0.74689,0.83743,0.75171,0.44987,0.31403,0.43894,0.62273,0.65229,0.57688,0.43943,0.33153,0.41393,0.59037,0.52118,0.29202,0.17883,0.20146,0.32994,0.47362,0.57243,0.63317,0.72724,0.6896,0.47273,0.25033,0.18655,0.22305,0.23549,0.23983,0.32465,0.46048,0.51245,0.38945,0.32586,0.49647,0.68276,0.62678,0.38948,0.18368,0.11974,0.13172,0.17311,0.23168,0.26585,0.18639,0.10342,0.15092,0.27044,0.26599,0.18507,0.15681,0.109,0.052697,0.039143,0.10083,0.16119,0.097872,0.024933,0.015924,0.023369,0.014376,0.0060694,0.013323,0.021547
0.026626,0.053415,0.1785,0.43677,0.61838,0.54786,0.46869,0.5629,0.80083,1.0085,0.92951,0.82382,0.81238,0.73059,0.619,0.56338,0.66802,0.98584,1.0976,0.95692,1.0532,1.4792,1.4775,0.95217,0.51878,0.49144,0.62885,0.63466,0.53889,0.53088,0.6361,0.81584,0.8047,0.54954,0.39135,0.45216,0.61674,0.72358,0.60179,0.34587,0.16512,0.1882,0.34923,0.45182,0.53821,0.73297,0.92451,0.86272,0.59182,0.36357,0.33848,0.31125,0.24241,0.31348,0.45443,0.5627,0.60236,0.49612,0.54528,0.76678,0.87586,0.71474,0.40158,0.25811,0.30061,0.25544,0.17839,0.29363,0.50768,0.49942,0.32277,0.24378,0.31341,0.31717,0.28313,0.28416,0.16124,0.038852,0.017246,0.058928,0.096647,0.059902,0.029083,0.072741,0.11814,0.071641,0.016219,0.0023841,0.0018077
0.01962,0.093688,0.23168,0.4021,0.61445,0.68114,0.57187,0.63062,0.81227,0.93529,0.92494,0.95914,1.0085,0.94205,0.88768,0.76301,0.64835,0.79084,1.0374,1.1546,1.3062,1.6815,1.7421,1.1695,0.66062,0.59014,0.60575,0.61512,0.63013,0.58127,0.60287,0.79923,0.8114,0.52001,0.36277,0.54523,0.78755,0.76454,0.56828,0.40467,0.24365,0.27615,0.53875,0.65511,0.62222,0.73262,0.78397,0.69158,0.52365,0.40671,0.41878,0.32032,0.23867,0.35702,0.48878,0.54868,0.58567,0.61331,0.82599,0.98902,0.81452,0.52531,0.29645,0.36053,0.58502,0.50504,0.32275,0.4026,0.66727,0.77749,0.57868,0.34083,0.28755,0.26165,0.27529,0.30901,0.17449,0.038627,0.0060959,0.013207,0.021731,0.01623,0.038631,0.1571,0.25677,0.15532,0.034631,0.0028734,0.00013916
0.041927,0.1997,0.40396,0.49981,0.67898,0.83947,0.82466,0.97877,1.1022,0.97646,0.82614,0.83017,1.0586,1.3968,1.5085,1.0889,0.66867,0.55997,0.76131,1.1325,1.5523,1.8657,1.8062,1.3343,1.0229,0.93825,0.74943,0.68746,0.66736,0.50241,0.49191,0.72056,0.78484,0.57854,0.43329,0.52667,0.6735,0.62184,0.48348,0.43056,0.33919,0.37671,0.69821,0.86065,0.67679,0.59223,0.53327,0.43616,0.32711,0.24848,0.247,0.18418,0.14733,0.23817,0.37245,0.46092,0.45771,0.49628,0.67687,0.79126,0.57934,0.31573,0.22594,0.43285,0.74452,0.69797,0.53947,0.56216,0.71184,0.75356,0.55765,0.30787,0.2019,0.19543,0.28384,0.32187,0.17146,0.037074,0.0036403,0.0025298,0.0049875,0.0097007,0.049226,0.1769,0.26877,0.158,0.034843,0.0028477,8.5774e-05
0.064595,0.29847,0.57965,0.60743,0.62695,0.80651,1.0205,1.225,1.2822,1.1145,0.92543,0.79735,1.1002,1.7532,1.9505,1.3627,0.85548,0.6287,0.65702,0.95581,1.497,1.9235,1.8428,1.5039,1.356,1.139,0.79962,0.71082,0.70143,0.57343,0.57919,0.72606,0.76255,0.62017,0.45216,0.36678,0.40995,0.50901,0.54613,0.52282,0.46701,0.4882,0.72706,0.85068,0.61744,0.5124,0.58428,0.61657,0.45731,0.22773,0.17021,0.2031,0.1988,0.23187,0.32229,0.38465,0.34693,0.34176,0.39754,0.48019,0.40657,0.29619,0.34341,0.58017,0.87742,0.85112,0.69254,0.63801,0.68125,0.58502,0.39194,0.28184,0.23749,0.26087,0.42438,0.49191,0.27228,0.066178,0.010593,0.017536,0.037577,0.050092,0.090756,0.17132,0.17687,0.084686,0.017052,0.001344,3.9609e-05
0.084658,0.30615,0.54865,0.53257,0.56383,0.89154,1.2456,1.2991,1.2847,1.2661,1.1427,0.90651,1.1035,1.7152,1.881,1.4443,1.1533,0.95091,0.76214,0.79263,1.1931,1.7193,1.8189,1.5551,1.4108,1.1542,0.83187,0.75185,0.79693,0.76129,0.776,0.80416,0.78502,0.69154,0.49108,0.31757,0.39352,0.68591,0.82557,0.73455,0.66466,0.67797,0.77936,0.77873,0.59534,0.59264,0.7932,0.95707,0.73876,0.37264,0.33443,0.48153,0.46216,0.45285,0.51586,0.46916,0.37763,0.3596,0.27806,0.23012,0.2275,0.32437,0.55086,0.75084,0.90232,0.8408,0.68135,0.6629,0.72339,0.54157,0.32649,0.32387,0.36735,0.38105,0.48659,0.57743,0.37735,0.12062,0.036143,0.087752,0.17951,0.19019,0.17424,0.18767,0.12095,0.035708,0.0049224,0.00031231,7.8188e-06
0.13945,0.25455,0.37084,0.39604,0.63198,1.1086,1.3843,1.349,1.3534,1.4183,1.3742,1.0919,1.0926,1.4815,1.5673,1.3144,1.2458,1.2021,0.93766,0.77898,0.98907,1.3706,1.5975,1.3811,1.1467,0.98704,0.83271,0.88087,1.0123,0.92695,0.87388,0.877,0.8845,0.8637,0.724,0.61916,0.7408,1.0305,1.0664,0.92183,0.91098,0.91683,0.85086,0.77518,0.68306,0.69159,0.79799,0.88269,0.70613,0.5048,0.57722,0.735,0.64642,0.6646,0.86996,0.78178,0.5432,0.44202,0.26275,0.10349,0.1003,0.31464,0.70051,0.88894,0.81953,0.71301,0.62079,0.67254,0.73147,0.48862,0.25471,0.25334,0.4007,0.51973,0.49747,0.48787,0.35963,0.14638,0.076235,0.20114,0.36665,0.33026,0.19017,0.12202,0.062225,0.014222,0.0013189,5.2618e-05,6.1103e-07
0.19084,0.23674,0.27027,0.29783,0.62413,1.1803,1.4696,1.5528,1.5453,1.4837,1.491,1.2603,1.0876,1.1712,1.1774,1.0508,0.98538,1.1173,1.1094,0.91192,0.95024,1.1456,1.3562,1.214,0.94049,0.85108,0.81877,0.94329,1.1215,1.0048,0.86636,0.78914,0.84024,0.94169,1.0239,1.135,1.2515,1.4017,1.322,1.1807,1.1819,1.1231,0.87861,0.8158,0.82886,0.7119,0.64602,0.70612,0.73752,0.77817,0.7701,0.71763,0.58093,0.69586,1.006,0.94621,0.64449,0.47852,0.30741,0.11881,0.079139,0.30236,0.73166,0.90761,0.67342,0.44429,0.36699,0.43999,0.5028,0.38814,0.28234,0.23615,0.4135,0.66407,0.58876,0.42104,0.25795,0.11959,0.13139,0.2789,0.37598,0.26784,0.10731,0.037509,0.014276,0.0029798,0.00024651,7.8188e-06,1.7911e-08
0.13729,0.20154,0.23217,0.20478,0.39286,0.81246,1.1565,1.3806,1.3359,1.1904,1.2556,1.2158,1.025,0.90574,0.90721,0.87165,0.7658,0.96434,1.1851,0.96889,0.87756,1.1171,1.3045,1.1126,0.84045,0.798,0.78368,0.78068,0.81107,0.73124,0.64303,0.49546,0.49639,0.69602,1.009,1.2821,1.3821,1.4505,1.4044,1.2818,1.1622,0.97025,0.68951,0.72087,0.84244,0.69085,0.58311,0.67878,0.83947,0.93673,0.74127,0.51837,0.44179,0.60954,0.8283,0.80121,0.58319,0.45292,0.37091,0.19266,0.089793,0.18027,0.41109,0.53552,0.40884,0.21818,0.16733,0.23266,0.26668,0.3117,0.3693,0.28939,0.41668,0.69826,0.6387,0.40574,0.19663,0.12597,0.21468,0.29255,0.24076,0.116,0.031916,0.0060482,0.0013513,0.00024651,1.9641e-05,5.9312e-07,0
0.11762,0.24089,0.25767,0.15185,0.15422,0.33973,0.66305,0.97529,0.95413,0.83576,0.94422,1.0868,0.97118,0.76898,0.77737,0.82,0.71149,0.81835,1.0729,1.0069,0.9474,1.1893,1.24,0.89584,0.60778,0.55714,0.50643,0.48667,0.51116,0.45436,0.39643,0.27191,0.28488,0.48887,0.71483,0.96132,1.1275,1.1684,1.0936,0.85853,0.62302,0.44724,0.31383,0.41169,0.58819,0.57547,0.53568,0.55588,0.62091,0.68486,0.52202,0.30908,0.27859,0.41318,0.53643,0.56338,0.44667,0.38573,0.3618,0.24569,0.16242,0.11182,0.11288,0.15332,0.15013,0.11096,0.15637,0.22971,0.19982,0.22919,0.30323,0.23976,0.33431,0.5593,0.54503,0.40274,0.21184,0.14993,0.22425,0.20756,0.10447,0.030744,0.0053849,0.00058398,5.9843e-05,7.8188e-06,5.9312e-07,1.7911e-08,0
0.17016,0.31663,0.25685,0.11149,0.064225,0.13695,0.42237,0.77293,0.83403,0.76656,0.77614,0.92427,0.88591,0.63772,0.60414,0.67651,0.55236,0.55126,0.81347,1.0088,1.107,1.2371,1.0557,0.63996,0.4171,0.34666,0.25521,0.30098,0.41303,0.36029,0.29185,0.23803,0.36302,0.59726,0.6453,0.7462,0.8981,0.84274,0.67179,0.41086,0.19494,0.099534,0.071286,0.13172,0.24327,0.32202,0.363,0.35136,0.36505,0.43386,0.40249,0.22355,0.13308,0.18053,0.24319,0.27824,0.26393,0.27698,0.25858,0.26191,0.29555,0.17262,0.047293,0.024799,0.040675,0.099748,0.23017,0.31413,0.25708,0.21164,0.22231,0.15569,0.16685,0.2715,0.32323,0.3227,0.18792,0.099588,0.11296,0.081296,0.027982,0.0051456,0.00055055,3.4686e-05,1.2041e-06,1.7911e-08,0,0,0
0.15809,0.2699,0.18982,0.10723,0.11415,0.14481,0.33752,0.63541,0.80536,0.82749,0.72703,0.76108,0.77963,0.63253,0.59009,0.59731,0.49439,0.48964,0.6736,0.84987,1.0164,1.1325,0.87608,0.52923,0.39881,0.31433,0.19491,0.22805,0.3278,0.31256,0.32498,0.37187,0.53458,0.72422,0.66653,0.57721,0.61541,0.55607,0.45088,0.34216,0.17193,0.048164,0.012701,0.022846,0.064148,0.15167,0.23462,0.25331,0.3093,0.38182,0.35702,0.19276,0.086623,0.10532,0.14599,0.13373,0.12494,0.13572,0.13323,0.24112,0.35647,0.21403,0.04818,0.0070712,0.025651,0.12389,0.29082,0.37785,0.31719,0.20795,0.15031,0.093154,0.05679,0.079111,0.15951,0.22206,0.13387,0.04239,0.025004,0.014937,0.0040408,0.00051095,3.4093e-05,1.1862e-06,1.7911e-08,0,0,0,0
0.071927,0.12117,0.0963,0.11868,0.1927,0.25174,0.40475,0.58755,0.71676,0.73429,0.64911,0.62412,0.65503,0.70583,0.76274,0.76059,0.71555,0.74572,0.82816,0.73881,0.68196,0.72713,0.5918,0.41832,0.33353,0.2678,0.21905,0.25285,0.2674,0.25885,0.36586,0.53613,0.69131,0.69603,0.52286,0.33487,0.29391,0.3211,0.40997,0.46603,0.30748,0.10324,0.017068,0.0037497,0.016423,0.063941,0.11564,0.1434,0.22473,0.2937,0.24207,0.15511,0.13709,0.15987,0.18887,0.16294,0.13373,0.086554,0.065569,0.17324,0.27775,0.1682,0.037831,0.0053432,0.016136,0.074071,0.17055,0.22876,0.23177,0.19565,0.15298,0.12438,0.066796,0.041653,0.11398,0.18303,0.11096,0.025775,0.0038274,0.001187,0.00027166,2.6867e-05,1.1862e-06,1.7911e-08,0,0,0,0,0
0.014423,0.027574,0.04338,0.10023,0.1796,0.30951,0.51601,0.62149,0.61766,0.55228,0.60512,0.72556,0.72104,0.69718,0.72313,0.80968,0.9083,0.99912,1.0947,0.87659,0.57767,0.48665,0.44227,0.36105,0.35556,0.39786,0.42938,0.47971,0.41375,0.29464,0.3291,0.47813,0.58777,0.46152,0.26694,0.17305,0.17729,0.22254,0.32929,0.39154,0.29833,0.12448,0.023993,0.0031847,0.0048373,0.014534,0.0259,0.039572,0.086286,0.12581,0.10642,0.12511,0.17657,0.15722,0.13974,0.15721,0.17349,0.1008,0.03895,0.074734,0.11995,0.073167,0.020213,0.01641,0.025814,0.029583,0.042254,0.069574,0.1361,0.19799,0.198,0.18206,0.099705,0.03503,0.061488,0.098423,0.059663,0.013343,0.001146,6.5377e-05,7.2257e-06,5.9312e-07,1.7911e-08,0,0,0,0,0,0
0.0022364,0.016437,0.076804,0.17343,0.21832,0.27761,0.40066,0.42637,0.38286,0.3719,0.60286,0.89298,0.86495,0.66747,0.57012,0.71143,0.93949,1,1.0511,0.94056,0.73331,0.63272,0.54405,0.41278,0.45177,0.56475,0.58717,0.61417,0.5273,0.29981,0.18998,0.22124,0.2598,0.17378,0.088723,0.11875,0.1792,0.1652,0.15865,0.16224,0.13581,0.065693,0.016491,0.014171,0.021812,0.014164,0.0051623,0.0053199,0.015377,0.025048,0.02927,0.064597,0.10104,0.072954,0.047709,0.072934,0.10059,0.06087,0.017338,0.015495,0.023685,0.018157,0.029291,0.080369,0.10986,0.062829,0.017456,0.01809,0.062742,0.11096,0.11741,0.10966,0.05987,0.01602,0.014169,0.021625,0.013097,0.0029223,0.00023987,7.2436e-06,0,0,0,0,0,0,0,0,0
0.0020937,0.026296,0.13148,0.2808,0.30113,0.26333,0.2927,0.30417,0.30047,0.27892,0.46048,0.74786,0.77283,0.60266,0.4612,0.56674,0.75579,0.78465,0.84084,0.80111,0.7145,0.65005,0.50009,0.34757,0.31863,0.357,0.38421,0.41802,0.34464,0.17713,0.091911,0.079154,0.066269,0.034834,0.022348,0.060688,0.099862,0.072439,0.039704,0.030745,0.026665,0.014855,0.016026,0.058791,0.096547,0.058584,0.013145,0.0013843,0.0014191,0.0049877,0.017113,0.034896,0.034877,0.017299,0.0080767,0.017298,0.034851,0.034644,0.016226,0.0042915,0.0031937,0.015944,0.080336,0.19309,0.21771,0.10964,0.022944,0.0048409,0.01345,0.024495,0.026136,0.024456,0.013323,0.0031615,0.0013117,0.0017753,0.0010724,0.00023928,1.9641e-05,5.9312e-07,0,0,0,0,0,0,0,0,0
0.0021772,0.027202,0.13024,0.25383,0.24042,0.20778,0.2567,0.32063,0.36903,0.27583,0.29324,0.48257,0.55317,0.4642,0.35386,0.38522,0.41786,0.42649,0.49746,0.44167,0.36444,0.33288,0.27761,0.23202,0.1572,0.11647,0.1689,0.2289,0.17153,0.12381,0.16523,0.15893,0.075537,0.016666,0.0045932,0.013196,0.021789,0.014171,0.0049872,0.0024908,0.0021327,0.0028745,0.02178,0.096553,0.15916,0.096533,0.02154,0.0018077,0.0011588,0.013137,0.058822,0.097613,0.060327,0.014221,0.0026767,0.014221,0.060326,0.097606,0.058797,0.01317,0.0029268,0.022677,0.1096,0.21771,0.19307,0.08009,0.014852,0.0013656,0.0011244,0.0020073,0.0021448,0.0020074,0.0010926,0.0002471,5.2025e-05,5.3984e-05,3.2383e-05,7.2257e-06,5.9312e-07,1.7911e-08,0,0,0,0,0,0,0,0,0
0.0020146,0.024694,0.11257,0.19577,0.15567,0.14937,0.21297,0.24032,0.27834,0.24047,0.20422,0.27109,0.29987,0.25502,0.23676,0.25476,0.1886,0.1448,0.1672,0.12904,0.084116,0.077161,0.091962,0.10641,0.064814,0.032181,0.06542,0.10392,0.086785,0.13358,0.25733,0.25586,0.11819,0.023392,0.0020752,0.0011276,0.0017753,0.0011054,0.0002999,8.4408e-05,9.3593e-05,0.0011054,0.013072,0.058551,0.096533,0.05855,0.013064,0.0011258,0.0018005,0.02154,0.09654,0.15919,0.096586,0.021626,0.0035506,0.021626,0.096586,0.15919,0.09654,0.021572,0.0028477,0.013357,0.061465,0.1096,0.08009,0.026129,0.003988,0.00027891,4.0202e-05,6.0617e-05,6.4766e-05,6.0617e-05,3.2976e-05,7.2436e-06,5.9312e-07,1.7911e-08,0,0,0,0,0,0,0,0,0,0,0,0,0
0.0010926,0.013323,0.059895,0.10047,0.074709,0.07453,0.10723,0.10742,0.15537,0.21703,0.25004,0.3145,0.28049,0.20742,0.23924,0.24655,0.13113,0.045043,0.030104,0.01897,0.0087404,0.0081667,0.015839,0.023231,0.015252,0.0070848,0.013748,0.022837,0.027349,0.074602,0.15534,0.15509,0.071615,0.014137,0.001112,6.4766e-05,5.3391e-05,3.2383e-05,7.2257e-06,5.9312e-07,7.2436e-06,0.00023928,0.002915,0.013064,0.021539,0.013064,0.002915,0.00027166,0.0010796,0.013064,0.05855,0.096533,0.05855,0.013097,0.0021448,0.013097,0.05855,0.096533,0.05855,0.013072,0.0013123,0.0029671,0.013304,0.022612,0.014832,0.0039874,0.00047856,2.6867e-05,5.9312e-07,0,0,0,0,0,0,0,0,0,0,0,0,0,0,0,0,0,0,0,0
0.00023989,0.0029229,0.013111,0.021865,0.016074,0.016123,0.023391,0.028421,0.068619,0.14403,0.27506,0.43289,0.3799,0.25263,0.24547,0.19998,0.094662,0.037821,0.01614,0.0041872,0.00067046,0.00065301,0.0040606,0.014848,0.022633,0.013543,0.0040143,0.0022544,0.0042339,0.016219,0.034623,0.034604,0.015979,0.0031543,0.00024651,7.2257e-06,0,0,0,0,5.9312e-07,1.9641e-05,0.00023928,0.0010724,0.0017681,0.0010724,0.00023928,2.6867e-05,0.00023987,0.002915,0.013064,0.021539,0.013064,0.0029223,0.00047856,0.0029223,0.013064,0.021539,0.013064,0.0029156,0.00025894,0.0002471,0.0010796,0.0018004,0.0011258,0.00027166,2.6867e-05,1.1862e-06,1.7911e-08,0,0,0,0,0,0,0,0,0,0,0,0,0,0,0,0,0,0,0,0
1.9641e-05,0.00023928,0.001073,0.0017877,0.0013117,0.0013201,0.0020414,0.0041176,0.015588,0.048833,0.14332,0.2557,0.22729,0.14628,0.12595,0.094353,0.084751,0.10056,0.058876,0.013104,0.0011126,0.0011126,0.013097,0.058604,0.096566,0.058565,0.013098,0.001146,0.00032369,0.0013189,0.002841,0.0028405,0.0013117,0.00025892,2.0235e-05,5.9312e-07,0,0,0,0,1.7911e-08,5.9312e-07,7.2257e-06,3.2383e-05,5.3391e-05,3.2383e-05,7.2257e-06,1.1862e-06,1.9659e-05,0.00023928,0.0010724,0.0017681,0.0010724,0.00023987,3.9283e-05,0.00023987,0.0010724,0.0017681,0.0010724,0.0002393,2.0235e-05,7.8188e-06,3.2383e-05,5.3391e-05,3.2383e-05,7.2257e-06,5.9312e-07,1.7911e-08,0,0,0,0,0,0,0,0,0,0,0,0,0,0,0,0,0,0,0,0,0
5.9312e-07,7.2257e-06,3.2401e-05,5.3984e-05,3.9609e-05,4.0202e-05,7.3625e-05,0.00028613,0.0015654,0.007838,0.030123,0.056622,0.050622,0.032252,0.027773,0.036626,0.10053,0.15963,0.09656,0.02154,0.0018215,0.0018215,0.021539,0.096533,0.15916,0.096533,0.021539,0.0017687,6.121e-05,3.9609e-05,8.5774e-05,8.5774e-05,3.9609e-05,7.8188e-06,6.1103e-07,1.7911e-08,0,0,0,0,0,0,0,0,0,0,0,1.7911e-08,5.9312e-07,7.2257e-06,3.2383e-05,5.3391e-05,3.2383e-05,7.2436e-06,1.1862e-06,7.2436e-06,3.2383e-05,5.3391e-05,3.2383e-05,7.2257e-06,5.9312e-07,1.7911e-08,0,0,0,0,0,0,0,0,0,0,0,0,0,0,0,0,0,0,0,0,0,0,0,0,0,0,0
0,0,0,0,0,1.7911e-08,5.9312e-07,8.4119e-06,7.2259e-05,0.00055159,0.002417,0.0046354,0.0041533,0.002663,0.0031514,0.014211,0.058822,0.09656,0.058551,0.013064,0.0011048,0.0011048,0.013064,0.05855,0.096533,0.05855,0.013064,0.0010724,3.2383e-05,0,0,0,0,0,0,0,0,0,0,0,0,0,0,0,0,0,0,0,0,0,0,0,0,0,0,0,0,0,0,0,0,0,0,0,0,0,0,0,0,0,0,0,0,0,0,0,0,0,0,0,0,0,0,0,0,0,0,0,0
0,0,0,0,0,0,0,3.5821e-08,1.2041e-06,1.5044e-05,7.201e-05,0.00013976,0.00012538,8.6443e-05,0.00030108,0.0029481,0.013072,0.02154,0.013064,0.002915,0.00024651,0.00024651,0.002915,0.013064,0.021539,0.013064,0.002915,0.00023928,7.2257e-06,0,0,0,0,0,0,0,0,0,0,0,0,0,0,0,0,0,0,0,0,0,0,0,0,0,0,0,0,0,0,0,0,0,0,0,0,0,0,0,0,0,0,0,0,0,0,0,0,0,0,0,0,0,0,0,0,0,0,0,0
0,0,0,0,0,0,0,0,0,0,0,0,0,5.9312e-07,1.9641e-05,0.00023928,0.0010724,0.0017681,0.0010724,0.00023928,2.0235e-05,2.0235e-05,0.00023928,0.0010724,0.0017681,0.0010724,0.00023928,1.9641e-05,5.9312e-07,0,0,0,0,0,0,0,0,0,0,0,0,0,0,0,0,0,0,0,0,0,0,0,0,0,0,0,0,0,0,0,0,0,0,0,0,0,0,0,0,0,0,0,0,0,0,0,0,0,0,0,0,0,0,0,0,0,0,0,0
0,0,0,0,0,0,0,0,0,0,0,0,0,1.7911e-08,5.9312e-07,7.2257e-06,3.2383e-05,5.3391e-05,3.2383e-05,7.2257e-06,6.1103e-07,6.1103e-07,7.2257e-06,3.2383e-05,5.3391e-05,3.2383e-05,7.2257e-06,5.9312e-07,1.7911e-08,0,0,0,0,0,0,0,0,0,0,0,0,0,0,0,0,0,0,0,0,0,0,0,0,0,0,0,0,0,0,0,0,0,0,0,0,0,0,0,0,0,0,0,0,0,0,0,0,0,0,0,0,0,0,0,0,0,0,0,0
0,0,0,0,0,0,0,0,0,0,1.7911e-08,5.9312e-07,7.2257e-06,3.2383e-05,5.3391e-05,3.2383e-05,7.2257e-06,5.9312e-07,1.7911e-08,0,0,0,0,0,0,0,0,0,0,0,0,0,0,0,0,0,0,0,0,0,0,0,0,0,0,0,0,0,0,0,0,0,0,0,0,0,0,0,0,0,0,0,0,0,0,0,0,0,0,0,0,0,0,0,0,0,0,0,0,0,0,0,0,0,0,0,0,0,0
0,0,0,0,0,0,0,0,0,0,5.9312e-07,1.9641e-05,0.00023928,0.0010724,0.0017681,0.0010724,0.00023928,1.9641e-05,5.9312e-07,0,0,0,0,0,0,0,0,0,0,0,0,0,0,0,0,0,0,0,0,0,0,0,0,0,0,0,0,0,0,0,0,0,0,0,0,0,0,0,0,0,0,0,0,0,0,0,0,0,0,0,0,0,0,0,0,0,0,0,0,0,0,0,0,0,0,0,0,0,0
0,0,0,0,0,0,0,0,0,0,7.2257e-06,0.00023928,0.002915,0.013064,0.021539,0.013064,0.002915,0.00023928,7.2257e-06,0,0,0,0,0,0,0,0,0,0,0,0,0,0,0,0,0,0,0,0,0,0,0,0,0,0,0,0,0,0,0,0,0,0,0,0,0,0,0,0,0,0,0,0,0,0,0,0,0,0,0,0,0,0,0,0,0,0,0,0,0,0,0,0,0,0,0,0,0,0
0,0,0,0,0,0,0,0,0,0,3.2383e-05,0.0010724,0.013064,0.05855,0.096533,0.05855,0.013064,0.0010724,3.2383e-05,0,0,0,0,0,0,0,0,0,0,0,0,0,0,0,0,0,0,0,0,0,0,0,0,0,0,0,0,0,0,0,0,0,0,0,0,0,0,0,0,0,0,0,0,0,0,0,0,0,0,0,0,0,0,0,0,0,0,0,0,0,0,0,0,0,0,0,0,0,0
0,0,0,0,0,0,0,0,0,0,5.3391e-05,0.0017681,0.021539,0.096533,0.15916,0.096533,0.021539,0.0017681,5.3391e-05,0,0,0,0,0,0,0,0,0,0,0,0,0,0,0,0,0,0,0,0,0,0,0,0,0,0,0,0,0,0,0,0,0,0,0,0,0,0,0,0,0,0,0,0,0,0,0,0,0,0,0,0,0,0,0,0,0,0,0,0,0,0,0,0,0,0,0,0,0,0
0,0,0,0,0,0,0,0,0,0,3.2383e-05,0.0010724,0.013064,0.05855,0.096533,0.05855,0.013064,0.0010724,3.2383e-05,0,0,0,0,0,0,0,0,0,0,0,0,0,0,0,0,0,0,0,0,0,0,0,0,0,0,0,0,0,0,0,0,0,0,0,0,0,0,0,0,0,0,0,0,0,0,0,0,0,0,0,0,0,0,0,0,0,0,0,0,0,0,0,0,0,0,0,0,0,0
0,0,0,0,0,0,0,0,0,0,7.2257e-06,0.00023928,0.002915,0.013064,0.021539,0.013064,0.002915,0.00023928,7.2257e-06,0,0,0,0,0,0,0,0,0,0,0,0,0,0,0,0,0,0,0,0,0,0,0,0,0,0,0,0,0,0,0,0,0,0,0,0,0,0,0,0,0,0,0,0,0,0,0,0,0,0,0,0,0,0,0,0,0,0,0,0,0,0,0,0,0,0,0,0,0,0
0,0,0,0,0,0,0,0,0,0,5.9312e-07,1.9641e-05,0.00023928,0.0010724,0.0017681,0.0010724,0.00023928,1.9641e-05,5.9312e-07,0,0,0,0,0,0,0,0,0,0,0,0,0,0,0,0,0,0,0,0,0,0,0,0,0,0,0,0,0,0,0,0,0,0,0,0,0,0,0,0,0,0,0,0,0,0,0,0,0,0,0,0,0,0,0,0,0,0,0,0,0,0,0,0,0,0,0,0,0,0
0,0,0,0,0,0,0,0,0,0,1.7911e-08,5.9312e-07,7.2257e-06,3.2383e-05,5.3391e-05,3.2383e-05,7.2257e-06,5.9312e-07,1.7911e-08,0,0,0,0,0,0,0,0,0,0,0,0,0,0,0,0,0,0,0,0,0,0,0,0,0,0,0,0,0,0,0,0,0,0,0,0,0,0,0,0,0,0,0,0,0,0,0,0,0,0,0,0,0,0,0,0,0,0,0,0,0,0,0,0,0,0,0,0,0,0
0,0,0,0,0,0,0,0,0,0,0,0,0,0,0,0,0,0,0,0,0,0,0,0,0,0,0,0,0,0,0,0,0,0,0,0,0,0,0,0,0,0,0,0,0,0,0,0,0,0,0,0,0,0,0,0,0,0,0,0,0,0,0,0,0,0,0,0,0,0,0,0,0,0,0,0,0,0,0,0,0,0,0,0,0,0,0,0,0
0,0,0,0,0,0,0,0,0,0,0,0,0,0,0,0,0,0,0,0,0,0,0,0,0,0,0,0,0,0,0,0,0,0,0,0,0,0,0,0,0,0,0,0,0,0,0,0,0,0,0,0,0,0,0,0,0,0,0,0,0,0,0,0,0,0,0,0,0,0,0,0,0,0,0,0,0,0,0,0,0,0,0,0,0,0,0,0,0
0,0,0,0,0,0,0,0,0,0,0,0,0,0,0,0,0,0,0,0,0,0,0,0,0,0,0,0,0,0,0,0,0,0,0,0,0,0,0,0,0,0,0,0,0,0,0,0,0,0,0,0,0,0,0,0,0,0,0,0,0,0,0,0,0,0,0,0,0,0,0,0,0,0,0,0,0,0,0,0,0,0,0,0,0,0,0,0,0
0,0,0,0,0,0,0,0,0,0,0,0,0,0,0,0,0,0,0,0,0,0,0,0,0,0,0,0,0,0,0,0,0,0,0,0,0,0,0,0,0,0,0,0,0,0,0,0,0,0,0,0,0,0,0,0,0,0,0,0,0,0,0,0,0,0,0,0,0,0,0,0,0,0,0,0,0,0,0,0,0,0,0,0,0,0,0,0,0
0,0,0,0,0,0,0,0,0,0,0,0,0,0,0,0,0,0,0,0,0,0,0,0,0,0,0,0,0,0,0,0,0,0,0,0,0,0,0,0,0,0,0,0,0,0,0,0,0,0,0,0,0,0,0,0,0,0,0,0,0,0,0,0,0,0,0,0,0,0,0,0,0,0,0,0,0,0,0,0,0,0,0,0,0,0,0,0,0
0,0,0,0,0,0,0,0,0,0,0,0,0,0,0,0,0,0,0,0,0,0,0,0,0,0,0,0,0,0,0,0,0,0,0,0,0,0,0,0,0,0,0,0,0,0,0,0,0,0,0,0,0,0,0,0,0,0,0,0,0,0,0,0,0,0,0,0,0,0,0,0,0,0,0,0,0,0,0,0,0,0,0,0,0,0,0,0,0
0,0,0,0,0,0,0,0,0,0,0,0,0,0,0,0,0,0,0,0,0,0,0,0,0,0,0,0,0,0,0,0,0,0,0,0,0,0,0,0,0,0,0,0,0,0,0,0,0,0,0,0,0,0,0,0,0,0,0,0,0,0,0,0,0,0,0,0,0,0,0,0,0,0,0,0,0,0,0,0,0,0,0,0,0,0,0,0,0
0,0,0,0,0,0,0,0,0,0,0,0,0,0,0,0,0,0,0,0,0,0,0,0,0,0,0,0,0,0,0,0,0,0,0,0,0,0,0,0,0,0,0,0,0,0,0,0,0,0,0,0,0,0,0,0,0,0,0,0,0,0,0,0,0,0,0,0,0,0,0,0,0,0,0,0,0,0,0,0,0,0,0,0,0,0,0,0,0
0,0,0,0,0,0,0,0,0,0,0,0,0,0,0,0,0,0,0,0,0,0,0,0,0,0,0,0,0,0,0,0,0,0,0,0,0,0,0,0,0,0,0,0,0,0,0,0,0,0,0,0,0,0,0,0,0,0,0,0,0,0,0,0,0,0,0,0,0,0,0,0,0,0,0,0,0,0,0,0,0,0,0,0,0,0,0,0,0
0,0,0,0,0,0,0,0,0,0,1.7911e-08,5.9312e-07,7.2257e-06,3.2383e-05,5.3391e-05,3.2383e-05,7.2257e-06,5.9312e-07,1.7911e-08,0,0,0,0,0,0,0,0,0,0,0,0,0,0,0,0,0,0,0,0,0,0,0,0,0,0,0,0,0,0,0,0,0,0,0,0,0,0,0,0,0,0,0,0,0,0,0,0,0,0,0,0,0,0,0,0,0,0,0,0,0,0,0,0,0,0,0,0,0,0
0,0,0,0,0,0,0,0,0,0,5.9312e-07,1.9641e-05,0.00023928,0.0010724,0.0017681,0.0010724,0.00023928,1.9641e-05,5.9312e-07,0,0,0,0,0,0,0,0,0,0,0,0,0,0,0,0,0,0,0,0,0,0,0,0,0,0,0,0,0,0,0,0,0,0,0,0,0,0,0,0,0,0,0,0,0,0,0,0,0,0,0,0,0,0,0,0,0,0,0,0,0,0,0,0,0,0,0,0,0,0
0,0,0,0,0,0,0,0,0,0,7.2257e-06,0.00023928,0.002915,0.013064,0.021539,0.013064,0.002915,0.00023928,7.2257e-06,0,0,0,0,0,0,0,0,0,0,0,0,0,0,0,0,0,0,0,0,0,0,0,0,0,0,0,0,0,0,0,0,0,0,0,0,0,0,0,0,0,0,0,0,0,0,0,0,0,0,0,0,0,0,0,0,0,0,0,0,0,0,0,0,0,0,0,0,0,0
0,0,0,0,0,0,0,0,0,0,3.2383e-05,0.0010724,0.013064,0.05855,0.096533,0.05855,0.013064,0.0010724,3.2383e-05,0,0,0,0,0,0,0,0,0,0,0,0,0,0,0,0,0,0,0,0,0,0,0,0,0,0,0,0,0,0,0,0,0,0,0,0,0,0,0,0,0,0,0,0,0,0,0,0,0,0,0,0,0,0,0,0,0,0,0,0,0,0,0,0,0,0,0,0,0,0
0,0,0,0,0,0,0,0,0,0,5.3391e-05,0.0017681,0.021539,0.096533,0.15916,0.096533,0.021539,0.0017681,5.3391e-05,0,0,0,0,0,0,0,0,0,0,0,0,0,0,0,0,0,0,0,0,0,0,0,0,0,0,0,0,0,0,0,0,0,0,0,0,0,0,0,0,0,0,0,0,0,0,0,0,0,0,0,0,0,0,0,0,0,0,0,0,0,0,0,0,0,0,0,0,0,0
