0,0,0,0,0,0,0,0,0,0,0,0,0,0,0,0,0,5.3391e-05,0.0017681,0.021539,0.096533,0.15916,0.096533,0.02154,0.0017877,0.00029267,0.0010724,0.0017681,0.0010724,0.00023928,1.9641e-05,5.9312e-07,0,0,0,0,7.2257e-06,0.00023928,0.0029156,0.013084,0.021779,0.014137,0.0046831,0.0013117,0.00024651,1.9641e-05,5.9312e-07,0,0,0,0,0,0,0,0,0,0,0,0,0,0,0,0,0,0,0,0,0,0,0,0,0,0,5.9312e-07,1.9641e-05,0.00024651,0.0013117,0.0046831,0.014137,0.021779,0.013084,0.0029156,0.00023928,7.2257e-06,0,0,0,0,5.9312e-07,1.9641e-05,0.00023928,0.0010724,0.0017681,0.0010724,0.00029267,0.0017877,0.02154,0.096533,0.15916,0.096533,0.021539,0.0017681,5.3391e-05,0,0,0,0,0,0,0,0,0,0,0,0,0,0,0,0,0
0,0,0,0,0,0,0,0,0,0,0,0,0,0,0,0,0,3.2383e-05,0.0010724,0.013064,0.05855,0.096533,0.05855,0.013072,0.0013117,0.0029474,0.013064,0.021539,0.013064,0.002915,0.00023928,7.2257e-06,0,0,0,0,3.2383e-05,0.0010724,0.013072,0.058789,0.099448,0.071614,0.034604,0.014137,0.0029474,0.00023928,7.2257e-06,0,0,0,0,0,0,0,0,0,0,0,0,0,0,0,0,0,0,0,0,0,0,0,0,0,0,7.2257e-06,0.00023928,0.0029474,0.014137,0.034604,0.071614,0.099448,0.058789,0.013072,0.0010724,3.2383e-05,0,0,0,0,7.2257e-06,0.00023928,0.002915,0.013064,0.021539,0.013064,0.0029474,0.0013117,0.013072,0.05855,0.096533,0.05855,0.013064,0.0010724,3.2383e-05,0,0,0,0,0,0,0,0,0,0,0,0,0,0,0,0,0
0,0,0,0,0,0,0,0,0,0,0,0,0,0,0,0,0,7.2257e-06,0.00023928,0.002915,0.013064,0.021539,0.013064,0.0029474,0.0013117,0.013072,0.05855,0.096533,0.05855,0.013064,0.0010724,3.2383e-05,1.7911e-08,5.9312e-07,7.2257e-06,3.2383e-05,0.00010678,0.0018004,0.021579,0.097606,0.17222,0.15508,0.11807,0.060318,0.013118,0.0010724,3.2383e-05,0,0,0,0,1.7911e-08,5.9312e-07,7.2257e-06,3.2383e-05,5.3391e-05,3.2383e-05,7.2257e-06,5.9312e-07,1.7911e-08,1.7911e-08,5.9312e-07,7.2257e-06,3.2383e-05,5.3391e-05,3.2383e-05,7.2257e-06,5.9312e-07,1.7911e-08,0,0,0,0,3.2383e-05,0.0010724,0.013118,0.060318,0.11807,0.15508,0.17222,0.097606,0.021579,0.0018004,0.00010678,3.2383e-05,7.2257e-06,5.9312e-07,1.7911e-08,3.2383e-05,0.0010724,0.013064,0.05855,0.096533,0.05855,0.013072,0.0013117,0.0029474,0.013064,0.021539,0.013064,0.002915,0.00023928,7.2257e-06,0,0,0,0,0,0,0,0,0,0,0,0,0,0,0,0,0
0,0,0,0,0,0,0,0,0,0,0,0,0,0,0,0,0,5.9312e-07,1.9641e-05,0.00023928,0.0010724,0.0017681,0.0010724,0.00029267,0.0017877,0.02154,0.096533,0.15916,0.096533,0.021539,0.0017681,5.3391e-05,5.9312e-07,1.9641e-05,0.00023928,0.0010724,0.0018004,0.0021448,0.013357,0.060338,0.11807,0.15508,0.17222,0.097605,0.021572,0.0017681,5.3391e-05,0,0,0,0,5.9312e-07,1.9641e-05,0.00023928,0.0010724,0.0017681,0.0010724,0.00023928,1.9641e-05,5.9312e-07,5.9312e-07,1.9641e-05,0.00023928,0.0010724,0.0017681,0.0010724,0.00023928,1.9641e-05,5.9312e-07,0,0,0,0,5.3391e-05,0.0017681,0.021572,0.097605,0.17222,0.15508,0.11807,0.060338,0.013357,0.0021448,0.0018004,0.0010724,0.00023928,1.9641e-05,5.9312e-07,5.3391e-05,0.0017681,0.021539,0.096533,0.15916,0.096533,0.02154,0.0017877,0.00029267,0.0010724,0.0017681,0.0010724,0.00023928,1.9641e-05,5.9312e-07,0,0,0,0,0,0,0,0,0,0,0,0,0,0,0,0,0
0,0,0,0,0,0,0,0,0,0,0,0,0,0,0,0,0,1.7911e-08,5.9312e-07,7.2257e-06,3.2383e-05,5.3391e-05,3.2383e-05,3.9609e-05,0.001073,0.013064,0.05855,0.096533,0.05855,0.013064,0.0010724,3.2383e-05,7.2257e-06,0.00023928,0.002915,0.013064,0.021547,0.013304,0.0058625,0.014376,0.034611,0.071614,0.099448,0.058789,0.013072,0.0010724,3.2383e-05,0,0,0,0,7.2257e-06,0.00023928,0.002915,0.013064,0.021539,0.013064,0.002915,0.00023928,7.2257e-06,7.2257e-06,0.00023928,0.002915,0.013064,0.021539,0.013064,0.002915,0.00023928,7.2257e-06,0,0,0,0,3.2383e-05,0.0010724,0.013072,0.058789,0.099448,0.071614,0.034611,0.014376,0.0058625,0.013304,0.021547,0.013064,0.002915,0.00023928,7.2257e-06,3.2383e-05,0.0010724,0.013064,0.05855,0.096533,0.05855,0.013064,0.001073,3.9609e-05,3.2383e-05,5.3391e-05,3.2383e-05,7.2257e-06,5.9312e-07,1.7911e-08,0,0,0,0,0,0,0,0,0,0,0,0,0,0,0,0,0
0,0,0,0,0,0,0,0,0,0,0,0,0,0,0,0,0,0,0,0,0,0,0,7.2257e-06,0.0002393,0.0029156,0.013072,0.021572,0.013118,0.0029474,0.00024651,7.8188e-06,3.2401e-05,0.0010724,0.013064,0.05855,0.096534,0.05857,0.013311,0.002384,0.0047155,0.014137,0.021779,0.013084,0.0029156,0.00023928,7.2257e-06,0,0,0,0,3.2383e-05,0.0010724,0.013064,0.05855,0.096533,0.05855,0.013064,0.0010724,3.2383e-05,3.2383e-05,0.0010724,0.013064,0.05855,0.096533,0.05855,0.013064,0.0010724,3.2383e-05,0,0,0,0,7.2257e-06,0.00023928,0.0029156,0.013084,0.021779,0.014137,0.0047155,0.002384,0.013311,0.05857,0.096534,0.05855,0.013064,0.0010724,3.2401e-05,7.8188e-06,0.00024651,0.0029474,0.013118,0.021572,0.013072,0.0029156,0.0002393,7.2257e-06,0,0,0,0,0,0,0,0,0,0,0,0,0,0,0,0,0,0,0,0,0,0,0
0,0,0,0,0,0,0,0,0,0,0,0,0,0,0,0,0,0,0,0,0,0,0,5.9312e-07,2.0235e-05,0.00025892,0.0013117,0.0028404,0.0028404,0.0013117,0.00025892,2.0235e-05,5.3984e-05,0.0017681,0.021539,0.096533,0.15916,0.096534,0.021547,0.0018201,0.00034606,0.0011048,0.0017753,0.001073,0.0002393,1.9641e-05,5.9312e-07,0,0,0,0,5.3391e-05,0.0017681,0.021539,0.096533,0.15916,0.096533,0.021539,0.0017681,5.3391e-05,5.3391e-05,0.0017681,0.021539,0.096533,0.15916,0.096533,0.021539,0.0017681,5.3391e-05,0,0,0,0,5.9312e-07,1.9641e-05,0.0002393,0.001073,0.0017753,0.0011048,0.00034606,0.0018201,0.021547,0.096534,0.15916,0.096533,0.021539,0.0017681,5.3984e-05,2.0235e-05,0.00025892,0.0013117,0.0028404,0.0028404,0.0013117,0.00025892,2.0235e-05,5.9312e-07,0,0,0,0,0,0,0,0,0,0,0,0,0,0,0,0,0,0,0,0,0,0,0
0,0,0,0,0,0,0,0,0,0,0,0,1.7911e-08,5.9312e-07,7.2257e-06,3.2383e-05,5.3391e-05,3.2383e-05,7.2257e-06,5.9312e-07,1.7911e-08,0,0,1.7911e-08,7.8188e-06,0.00024651,0.0029474,0.013118,0.021572,0.013072,0.0029156,0.0002393,3.9609e-05,0.0010724,0.013064,0.05855,0.096533,0.05855,0.013064,0.001073,3.9609e-05,3.2383e-05,5.3391e-05,3.2383e-05,7.2257e-06,5.9312e-07,1.7911e-08,0,0,0,0,3.2383e-05,0.0010724,0.013064,0.058551,0.09654,0.058583,0.013118,0.0011048,4.0202e-05,4.0202e-05,0.0011048,0.013118,0.058583,0.09654,0.058551,0.013064,0.0010724,3.2383e-05,0,0,0,0,1.7911e-08,5.9312e-07,7.2257e-06,3.2383e-05,5.3391e-05,3.2383e-05,3.9609e-05,0.001073,0.013064,0.05855,0.096533,0.05855,0.013064,0.0010724,3.9609e-05,0.0002393,0.0029156,0.013072,0.021572,0.013118,0.0029474,0.00024651,7.8188e-06,1.7911e-08,0,0,1.7911e-08,5.9312e-07,7.2257e-06,3.2383e-05,5.3391e-05,3.2383e-05,7.2257e-06,5.9312e-07,1.7911e-08,0,0,0,0,0,0,0,0,0,0,0,0
0,0,0,0,0,0,0,0,0,0,0,0,5.9312e-07,1.9641e-05,0.00023928,0.0010724,0.0017681,0.0010724,0.00023928,1.9641e-05,5.9312e-07,0,0,0,3.2383e-05,0.0010724,0.013064,0.05855,0.096533,0.05855,0.013064,0.0010724,3.9609e-05,0.00023928,0.002915,0.013064,0.021539,0.013064,0.002915,0.00023928,7.2257e-06,0,0,0,0,0,0,0,0,0,0,7.2257e-06,0.0002393,0.0029162,0.013091,0.021811,0.01419,0.0047155,0.0013195,0.00026676,0.00026676,0.0013195,0.0047155,0.01419,0.021811,0.013091,0.0029162,0.0002393,7.2257e-06,0,0,0,0,0,0,0,0,0,0,7.2257e-06,0.00023928,0.002915,0.013064,0.021539,0.013064,0.002915,0.00023928,3.9609e-05,0.0010724,0.013064,0.05855,0.096533,0.05855,0.013064,0.0010724,3.2383e-05,0,0,0,5.9312e-07,1.9641e-05,0.00023928,0.0010724,0.0017681,0.0010724,0.00023928,1.9641e-05,5.9312e-07,0,0,0,0,0,0,0,0,0,0,0,0
0,0,0,0,0,0,0,0,0,0,0,0,7.2257e-06,0.00023928,0.002915,0.013064,0.021539,0.013064,0.002915,0.00023928,7.2257e-06,0,0,0,5.3391e-05,0.0017681,0.021539,0.096533,0.15916,0.096533,0.021539,0.0017681,5.3984e-05,1.9641e-05,0.00023928,0.0010724,0.0017681,0.0010724,0.00023928,1.9641e-05,5.9312e-07,0,1.7911e-08,5.9312e-07,7.2257e-06,3.2383e-05,5.3391e-05,3.2383e-05,7.2257e-06,5.9312e-07,1.7911e-08,5.9312e-07,2.0235e-05,0.00026615,0.0015509,0.0057555,0.015905,0.022851,0.01333,0.0031752,0.0031752,0.01333,0.022851,0.015905,0.0057555,0.0015509,0.00026615,2.0235e-05,5.9312e-07,1.7911e-08,5.9312e-07,7.2257e-06,3.2383e-05,5.3391e-05,3.2383e-05,7.2257e-06,5.9312e-07,1.7911e-08,0,5.9312e-07,1.9641e-05,0.00023928,0.0010724,0.0017681,0.0010724,0.00023928,1.9641e-05,5.3984e-05,0.0017681,0.021539,0.096533,0.15916,0.096533,0.021539,0.0017681,5.3391e-05,0,0,0,7.2257e-06,0.00023928,0.002915,0.013064,0.021539,0.013064,0.002915,0.00023928,7.2257e-06,0,0,0,0,0,0,0,0,0,0,0,0
0,0,0,0,0,0,0,0,0,0,0,0,3.2383e-05,0.0010724,0.013064,0.05855,0.096533,0.05855,0.013064,0.0010724,3.2383e-05,0,0,0,3.2383e-05,0.0010724,0.013064,0.05855,0.096533,0.05855,0.013064,0.0010724,3.2401e-05,5.9312e-07,7.2257e-06,3.2383e-05,5.3391e-05,3.2383e-05,7.2257e-06,5.9312e-07,1.7911e-08,0,5.9312e-07,1.9641e-05,0.00023928,0.0010724,0.0017681,0.0010724,0.00023928,1.9641e-05,5.9312e-07,1.7911e-08,7.8188e-06,0.00027891,0.0040204,0.026189,0.080154,0.10966,0.061531,0.014391,0.014391,0.061531,0.10966,0.080154,0.026189,0.0040204,0.00027891,7.8188e-06,1.7911e-08,5.9312e-07,1.9641e-05,0.00023928,0.0010724,0.0017681,0.0010724,0.00023928,1.9641e-05,5.9312e-07,0,1.7911e-08,5.9312e-07,7.2257e-06,3.2383e-05,5.3391e-05,3.2383e-05,7.2257e-06,5.9312e-07,3.2401e-05,0.0010724,0.013064,0.05855,0.096533,0.05855,0.013064,0.0010724,3.2383e-05,0,0,0,3.2383e-05,0.0010724,0.013064,0.05855,0.096533,0.05855,0.013064,0.0010724,3.2383e-05,0,0,0,0,0,0,0,0,0,0,0,0
0,0,0,0,0,0,0,0,0,0,0,0,5.3391e-05,0.0017681,0.021539,0.096533,0.15916,0.096533,0.021539,0.0017681,5.3391e-05,0,0,0,7.2436e-06,0.00023987,0.0029223,0.013097,0.021593,0.013097,0.0029223,0.00023987,7.2436e-06,0,0,0,0,0,0,0,0,0,7.2257e-06,0.00023928,0.002915,0.013064,0.021539,0.013064,0.002915,0.00023928,7.2257e-06,0,3.2401e-05,0.001127,0.014859,0.080361,0.19419,0.21951,0.11073,0.024672,0.024672,0.11073,0.21951,0.19419,0.080361,0.014859,0.001127,3.2401e-05,0,7.2257e-06,0.00023928,0.002915,0.013064,0.021539,0.013064,0.002915,0.00023928,7.2257e-06,0,0,0,0,0,0,0,0,0,7.2436e-06,0.00023987,0.0029223,0.013097,0.021593,0.013097,0.0029223,0.00023987,7.2436e-06,0,0,0,5.3391e-05,0.0017681,0.021539,0.096533,0.15916,0.096533,0.021539,0.0017681,5.3391e-05,0,0,0,0,0,0,0,0,0,0,0,0
0,0,0,0,0,0,0,0,0,0,0,0,3.2383e-05,0.0010724,0.013064,0.05855,0.096533,0.05855,0.013064,0.0010724,3.2383e-05,0,0,0,1.1862e-06,3.9283e-05,0.00047856,0.0021448,0.0035361,0.0021448,0.00047856,3.9283e-05,1.1862e-06,0,0,0,0,0,0,0,0,0,3.2383e-05,0.0010724,0.013065,0.058557,0.096565,0.058604,0.013097,0.0010796,3.2976e-05,1.7911e-08,5.3984e-05,0.0018273,0.02309,0.11358,0.23254,0.21568,0.093433,0.019133,0.019133,0.093433,0.21568,0.23254,0.11358,0.02309,0.0018273,5.3984e-05,1.7911e-08,3.2976e-05,0.0010796,0.013097,0.058604,0.096565,0.058557,0.013065,0.0010724,3.2383e-05,0,0,0,0,0,0,0,0,0,1.1862e-06,3.9283e-05,0.00047856,0.0021448,0.0035361,0.0021448,0.00047856,3.9283e-05,1.1862e-06,0,0,0,3.2383e-05,0.0010724,0.013064,0.05855,0.096533,0.05855,0.013064,0.0010724,3.2383e-05,0,0,0,0,0,0,0,0,0,0,0,0
0,0,0,0,0,0,0,0,0,0,0,0,7.2257e-06,0.00023928,0.002915,0.013064,0.021539,0.013064,0.002915,0.00023928,7.2257e-06,0,0,0,7.2436e-06,0.00023987,0.0029223,0.013097,0.0216,0.013129,0.0029757,0.00027226,1.4469e-05,5.9312e-07,1.7911e-08,0,0,0,0,0,0,0,5.3391e-05,0.0017687,0.021559,0.096772,0.16023,0.098301,0.022612,0.0020146,0.00010542,5.4002e-05,7.2585e-05,0.0013657,0.017324,0.087647,0.18972,0.18969,0.087634,0.018642,0.018642,0.087634,0.18969,0.18972,0.087647,0.017324,0.0013657,7.2585e-05,5.4002e-05,0.00010542,0.0020146,0.022612,0.098301,0.16023,0.096772,0.021559,0.0017687,5.3391e-05,0,0,0,0,0,0,0,1.7911e-08,5.9312e-07,1.4469e-05,0.00027226,0.0029757,0.013129,0.0216,0.013097,0.0029223,0.00023987,7.2436e-06,0,0,0,7.2257e-06,0.00023928,0.002915,0.013064,0.021539,0.013064,0.002915,0.00023928,7.2257e-06,0,0,0,0,0,0,0,0,0,0,0,0
0,0,0,0,0,0,0,0,0,0,0,0,5.9312e-07,1.9641e-05,0.00023928,0.0010724,0.0017681,0.0010724,0.00023928,1.9641e-05,5.9312e-07,0,0,0,3.2383e-05,0.0010724,0.013065,0.05857,0.096772,0.059623,0.014832,0.0021448,0.00027168,2.0235e-05,7.8188e-06,3.2383e-05,5.3391e-05,3.2383e-05,7.2436e-06,1.1862e-06,7.2436e-06,3.2383e-05,8.5774e-05,0.001112,0.013311,0.061466,0.1096,0.080123,0.026202,0.0042591,0.0013513,0.0017765,0.0011317,0.0018442,0.018859,0.095162,0.21675,0.23278,0.11366,0.024918,0.024918,0.11366,0.23278,0.21675,0.095162,0.018859,0.0018442,0.0011317,0.0017765,0.0013513,0.0042591,0.026202,0.080123,0.1096,0.061466,0.013311,0.001112,8.5774e-05,3.2383e-05,7.2436e-06,1.1862e-06,7.2436e-06,3.2383e-05,5.3391e-05,3.2383e-05,7.8188e-06,2.0235e-05,0.00027168,0.0021448,0.014832,0.059623,0.096772,0.05857,0.013065,0.0010724,3.2383e-05,0,0,0,5.9312e-07,1.9641e-05,0.00023928,0.0010724,0.0017681,0.0010724,0.00023928,1.9641e-05,5.9312e-07,0,0,0,0,0,0,0,0,0,0,0,0
0,0,0,0,0,0,0,0,0,0,0,0,1.7911e-08,5.9312e-07,7.2257e-06,3.2383e-05,5.3391e-05,3.2383e-05,7.2257e-06,5.9312e-07,1.7911e-08,0,0,0,5.3409e-05,0.0017687,0.021554,0.096805,0.16212,0.10963,0.043086,0.014833,0.002969,0.00025892,0.00024651,0.0010724,0.0017687,0.0010796,0.00027226,9.2674e-05,0.00027226,0.0010796,0.0017759,0.0013441,0.0042273,0.026168,0.080337,0.11071,0.063527,0.017331,0.014423,0.021653,0.013398,0.0076898,0.036209,0.13226,0.23258,0.19711,0.080633,0.015993,0.015993,0.080633,0.19711,0.23258,0.13226,0.036209,0.0076898,0.013398,0.021653,0.014423,0.017331,0.063527,0.11071,0.080337,0.026168,0.0042273,0.0013441,0.0017759,0.0010796,0.00027226,9.2674e-05,0.00027226,0.0010796,0.0017687,0.0010724,0.00024651,0.00025892,0.002969,0.014833,0.043086,0.10963,0.16212,0.096805,0.021554,0.0017687,5.3409e-05,0,0,0,1.7911e-08,5.9312e-07,7.2257e-06,3.2383e-05,5.3391e-05,3.2383e-05,7.2257e-06,5.9312e-07,1.7911e-08,0,0,0,0,0,0,0,0,0,0,0,0
0,0,0,0,0,0,0,0,0,0,0,0,0,0,0,0,0,0,0,0,0,0,0,0,3.2976e-05,0.001092,0.013336,0.060695,0.11137,0.11817,0.10984,0.059642,0.013105,0.0013117,0.0029474,0.013065,0.021559,0.013304,0.0039947,0.0022466,0.0039947,0.013304,0.02156,0.013138,0.0049302,0.02311,0.10146,0.1744,0.12117,0.048999,0.064547,0.098673,0.061007,0.028574,0.074753,0.15914,0.16844,0.093206,0.027216,0.0042921,0.0042921,0.027216,0.093206,0.16844,0.15914,0.074753,0.028574,0.061007,0.098673,0.064547,0.048999,0.12117,0.1744,0.10146,0.02311,0.0049302,0.013138,0.02156,0.013304,0.0039947,0.0022466,0.0039947,0.013304,0.021559,0.013065,0.0029474,0.0013117,0.013105,0.059642,0.10984,0.11817,0.11137,0.060695,0.013336,0.001092,3.2976e-05,0,0,0,0,0,0,0,0,0,0,0,0,0,0,0,0,0,0,0,0,0,0,0,0
0,0,0,0,0,0,0,0,0,0,0,0,0,0,0,0,0,0,0,0,0,0,0,0,1.4469e-05,0.00047916,0.0058907,0.027929,0.064672,0.12269,0.16499,0.097019,0.021619,0.0028944,0.013157,0.058598,0.096834,0.061537,0.026254,0.023771,0.026201,0.061473,0.096773,0.05859,0.014184,0.015481,0.074615,0.16824,0.17864,0.10913,0.12668,0.18257,0.1154,0.061066,0.12409,0.18582,0.12208,0.036612,0.0057633,0.00055882,0.00055882,0.0057633,0.036612,0.12208,0.18582,0.12409,0.061066,0.1154,0.18257,0.12668,0.10913,0.17864,0.16824,0.074615,0.015481,0.014184,0.05859,0.096773,0.061473,0.026201,0.023771,0.026254,0.061537,0.096834,0.058598,0.013157,0.0028944,0.021619,0.097019,0.16499,0.12269,0.064672,0.027929,0.0058907,0.00047916,1.4469e-05,0,0,0,0,0,0,0,0,0,0,0,0,0,0,0,0,0,0,0,0,0,0,0,0
0,0,0,0,0,0,0,0,0,0,0,0,0,0,0,0,0,0,0,0,0,0,0,0,3.3569e-05,0.0011117,0.013575,0.061767,0.11313,0.11925,0.1101,0.059901,0.014224,0.0046287,0.022891,0.09793,0.16233,0.11201,0.08323,0.10293,0.081462,0.10989,0.16031,0.096638,0.021925,0.0075565,0.047729,0.17669,0.2709,0.18414,0.15225,0.19999,0.14445,0.11936,0.17057,0.15918,0.073709,0.015318,0.0014629,0.0002326,0.0002326,0.0014629,0.015318,0.073709,0.15918,0.17057,0.11936,0.14445,0.19999,0.15225,0.18414,0.2709,0.17669,0.047729,0.0075565,0.021925,0.096638,0.16031,0.10989,0.081462,0.10293,0.08323,0.11201,0.16233,0.09793,0.022891,0.0046287,0.014224,0.059901,0.1101,0.11925,0.11313,0.061767,0.013575,0.0011117,3.3569e-05,0,0,0,0,0,0,0,0,0,0,0,0,0,0,0,0,0,0,0,0,0,0,0,0
0,0,0,0,0,0,0,0,0,0,0,0,0,0,0,0,0,0,0,0,0,0,0,0,6.0634e-05,0.0020079,0.024469,0.10987,0.18366,0.1227,0.04624,0.017987,0.01608,0.02311,0.029297,0.075902,0.125,0.11021,0.14739,0.19618,0.12586,0.084336,0.10055,0.060756,0.015178,0.0052514,0.035981,0.15699,0.25882,0.18006,0.14644,0.20038,0.19216,0.22247,0.23416,0.13267,0.03773,0.0064719,0.0032496,0.0058038,0.0058038,0.0032496,0.0064719,0.03773,0.13267,0.23416,0.22247,0.19216,0.20038,0.14644,0.18006,0.25882,0.15699,0.035981,0.0052514,0.015178,0.060756,0.10055,0.084336,0.12586,0.19618,0.14739,0.11021,0.125,0.075902,0.029297,0.02311,0.01608,0.017987,0.04624,0.1227,0.18366,0.10987,0.024469,0.0020079,6.0634e-05,0,0,0,0,0,0,0,0,0,0,0,0,0,0,0,0,0,0,0,0,0,0,0,0
0,0,0,0,0,0,0,0,0,0,0,0,0,0,0,0,0,0,0,0,0,0,0,0,6.4766e-05,0.0021448,0.026129,0.11712,0.19331,0.11824,0.029022,0.016314,0.058908,0.098104,0.077478,0.098887,0.15593,0.16944,0.23258,0.25369,0.1361,0.053601,0.048178,0.039259,0.027429,0.015101,0.020014,0.073716,0.12052,0.088173,0.09078,0.14672,0.19548,0.25628,0.21305,0.10205,0.043878,0.025156,0.037809,0.072595,0.072595,0.037809,0.025156,0.043878,0.10205,0.21305,0.25628,0.19548,0.14672,0.09078,0.088173,0.12052,0.073716,0.020014,0.015101,0.027429,0.039259,0.048178,0.053601,0.1361,0.25369,0.23258,0.16944,0.15593,0.098887,0.077478,0.098104,0.058908,0.016314,0.029022,0.11824,0.19331,0.11712,0.026129,0.0021448,6.4766e-05,0,0,0,0,0,0,0,0,0,0,0,0,0,0,0,0,0,0,0,0,0,0,0,0
0,0,0,0,0,0,0,0,0,0,0,0,0,0,0,0,0,0,0,1.7911e-08,5.9312e-07,7.2257e-06,3.2383e-05,5.3391e-05,9.3e-05,0.0020146,0.024456,0.10962,0.18094,0.11076,0.028044,0.024652,0.096934,0.16207,0.1315,0.1798,0.28385,0.27898,0.30494,0.28249,0.14635,0.087991,0.11367,0.11829,0.11014,0.062849,0.029324,0.036808,0.037956,0.034176,0.07898,0.14608,0.19327,0.22838,0.17326,0.14873,0.17332,0.14091,0.19148,0.34957,0.34957,0.19148,0.14091,0.17332,0.14873,0.17326,0.22838,0.19327,0.14608,0.07898,0.034176,0.037956,0.036808,0.029324,0.062849,0.11014,0.11829,0.11367,0.087991,0.14635,0.28249,0.30494,0.27898,0.28385,0.1798,0.1315,0.16207,0.096934,0.024652,0.028044,0.11076,0.18094,0.10962,0.024456,0.0020146,9.3e-05,5.3391e-05,3.2383e-05,7.2257e-06,5.9312e-07,1.7911e-08,0,0,0,0,0,0,0,0,0,0,0,0,0,0,0,0,0,0,0
0,0,0,0,0,0,0,0,0,0,0,0,0,0,0,0,0,1.7911e-08,5.9312e-07,7.8188e-06,5.2025e-05,0.00029267,0.0011048,0.0017753,0.001106,0.0013313,0.01333,0.059862,0.10122,0.072719,0.035916,0.02724,0.061823,0.10069,0.095208,0.17327,0.28429,0.24883,0.20685,0.17747,0.11617,0.12584,0.18511,0.19456,0.1836,0.1125,0.08069,0.099751,0.065136,0.049081,0.12271,0.20146,0.22461,0.24233,0.23352,0.35189,0.4768,0.38518,0.41692,0.68601,0.68601,0.41692,0.38518,0.4768,0.35189,0.23352,0.24233,0.22461,0.20146,0.12271,0.049081,0.065136,0.099751,0.08069,0.1125,0.1836,0.19456,0.18511,0.12584,0.11617,0.17747,0.20685,0.24883,0.28429,0.17327,0.095208,0.10069,0.061823,0.02724,0.035916,0.072719,0.10122,0.059862,0.01333,0.0013313,0.001106,0.0017753,0.0011048,0.00029267,5.2025e-05,7.8188e-06,5.9312e-07,1.7911e-08,0,0,0,0,0,0,0,0,0,0,0,0,0,0,0,0,0
0,0,0,0,0,0,0,0,0,1.7911e-08,5.9312e-07,7.2257e-06,3.2383e-05,5.3391e-05,3.2383e-05,7.2257e-06,5.9312e-07,6.1103e-07,1.9641e-05,0.00024651,0.0013117,0.0046831,0.014137,0.021779,0.013091,0.0031555,0.0031939,0.014176,0.034657,0.071654,0.099702,0.061944,0.029091,0.03702,0.051696,0.10092,0.1832,0.18653,0.12404,0.10975,0.12726,0.12294,0.12867,0.13416,0.13449,0.095558,0.11437,0.16268,0.111,0.093279,0.15906,0.18161,0.19173,0.23521,0.27378,0.45912,0.61727,0.49811,0.4394,0.61134,0.61134,0.4394,0.49811,0.61727,0.45912,0.27378,0.23521,0.19173,0.18161,0.15906,0.093279,0.111,0.16268,0.11437,0.095558,0.13449,0.13416,0.12867,0.12294,0.12726,0.10975,0.12404,0.18653,0.1832,0.10092,0.051696,0.03702,0.029091,0.061944,0.099702,0.071654,0.034657,0.014176,0.0031939,0.0031555,0.013091,0.021779,0.014137,0.0046831,0.0013117,0.00024651,1.9641e-05,6.1103e-07,5.9312e-07,7.2257e-06,3.2383e-05,5.3391e-05,3.2383e-05,7.2257e-06,5.9312e-07,1.7911e-08,0,0,0,0,0,0,0,0,0
0,0,0,0,0,0,0,0,0,5.9312e-07,1.9641e-05,0.00023928,0.0010724,0.0017681,0.0010724,0.00023928,1.9641e-05,7.8188e-06,0.00023928,0.0029474,0.014137,0.034604,0.071614,0.099448,0.05879,0.013091,0.0013651,0.0028728,0.023307,0.097606,0.15945,0.097864,0.035685,0.062399,0.10259,0.094725,0.13615,0.19051,0.14565,0.13472,0.17127,0.12744,0.093697,0.12132,0.14101,0.10114,0.096376,0.11269,0.083284,0.11281,0.17531,0.1426,0.14538,0.20091,0.19863,0.2656,0.35134,0.33223,0.313,0.33136,0.33136,0.313,0.33223,0.35134,0.2656,0.19863,0.20091,0.14538,0.1426,0.17531,0.11281,0.083284,0.11269,0.096376,0.10114,0.14101,0.12132,0.093697,0.12744,0.17127,0.13472,0.14565,0.19051,0.13615,0.094725,0.10259,0.062399,0.035685,0.097864,0.15945,0.097606,0.023307,0.0028728,0.0013651,0.013091,0.05879,0.099448,0.071614,0.034604,0.014137,0.0029474,0.00023928,7.8188e-06,1.9641e-05,0.00023928,0.0010724,0.0017681,0.0010724,0.00023928,1.9641e-05,5.9312e-07,0,0,0,0,0,0,0,0,0
5.3391e-05,3.2383e-05,7.2257e-06,5.9312e-07,1.7911e-08,0,0,0,0,7.2257e-06,0.00023928,0.002915,0.013064,0.02154,0.013072,0.0029474,0.00029327,7.9218e-05,0.001112,0.013172,0.060351,0.11808,0.15508,0.17222,0.097605,0.021572,0.0018077,0.0011582,0.013118,0.058583,0.096594,0.060326,0.034637,0.097719,0.1606,0.11184,0.095049,0.15908,0.16857,0.1314,0.12514,0.13414,0.19176,0.25591,0.24611,0.17323,0.13251,0.082983,0.039267,0.06281,0.09897,0.073644,0.074047,0.10309,0.079218,0.068116,0.10831,0.21547,0.3136,0.26859,0.26859,0.3136,0.21547,0.10831,0.068116,0.079218,0.10309,0.074047,0.073644,0.09897,0.06281,0.039267,0.082983,0.13251,0.17323,0.24611,0.25591,0.19176,0.13414,0.12514,0.1314,0.16857,0.15908,0.095049,0.11184,0.1606,0.097719,0.034637,0.060326,0.096594,0.058583,0.013118,0.0011582,0.0018077,0.021572,0.097605,0.17222,0.15508,0.11808,0.060351,0.013172,0.001112,7.9218e-05,0.00029327,0.0029474,0.013072,0.02154,0.013064,0.002915,0.00023928,7.2257e-06,0,0,0,0,1.7911e-08,5.9312e-07,7.2257e-06,3.2383e-05,5.3391e-05
0.0017681,0.0010724,0.00023928,1.9641e-05,5.9312e-07,0,0,0,0,3.2383e-05,0.0010724,0.013064,0.058551,0.096553,0.058789,0.014137,0.0028601,0.0013974,0.0030797,0.023359,0.098678,0.17246,0.1551,0.11807,0.060318,0.013118,0.0010796,0.00027166,0.002915,0.013064,0.021572,0.014137,0.015999,0.059037,0.097912,0.065034,0.048801,0.11966,0.17525,0.11434,0.066666,0.13402,0.27187,0.31638,0.23633,0.17878,0.17519,0.099688,0.025593,0.01514,0.021937,0.016289,0.017165,0.024166,0.017206,0.014936,0.055888,0.19581,0.34752,0.35408,0.35408,0.34752,0.19581,0.055888,0.014936,0.017206,0.024166,0.017165,0.016289,0.021937,0.01514,0.025593,0.099688,0.17519,0.17878,0.23633,0.31638,0.27187,0.13402,0.066666,0.11434,0.17525,0.11966,0.048801,0.065034,0.097912,0.059037,0.015999,0.014137,0.021572,0.013064,0.002915,0.00027166,0.0010796,0.013118,0.060318,0.11807,0.1551,0.17246,0.098678,0.023359,0.0030797,0.0013974,0.0028601,0.014137,0.058789,0.096553,0.058551,0.013064,0.0010724,3.2383e-05,0,0,0,0,5.9312e-07,1.9641e-05,0.00023928,0.0010724,0.0017681
0.021539,0.013064,0.002915,0.00023928,7.2257e-06,0,0,0,0,5.3391e-05,0.0017681,0.021539,0.09654,0.1594,0.099448,0.034611,0.023547,0.016065,0.017052,0.03485,0.071861,0.10236,0.071854,0.034618,0.014169,0.0030008,0.00027226,3.4093e-05,0.00023987,0.0010724,0.0017753,0.0013189,0.0033936,0.016,0.034656,0.035915,0.030117,0.063492,0.098123,0.060974,0.029016,0.07424,0.15941,0.17149,0.10947,0.089588,0.1028,0.059621,0.014455,0.0039297,0.0031402,0.0045253,0.014928,0.027388,0.030137,0.040337,0.090372,0.19782,0.31247,0.39226,0.39226,0.31247,0.19782,0.090372,0.040337,0.030137,0.027388,0.014928,0.0045253,0.0031402,0.0039297,0.014455,0.059621,0.1028,0.089588,0.10947,0.17149,0.15941,0.07424,0.029016,0.060974,0.098123,0.063492,0.030117,0.035915,0.034656,0.016,0.0033936,0.0013189,0.0017753,0.0010724,0.00023987,3.4093e-05,0.00027226,0.0030008,0.014169,0.034618,0.071854,0.10236,0.071861,0.03485,0.017052,0.016065,0.023547,0.034611,0.099448,0.1594,0.09654,0.021539,0.0017681,5.3391e-05,0,0,0,0,7.2257e-06,0.00023928,0.002915,0.013064,0.021539
0.096533,0.05855,0.013064,0.0010724,3.2383e-05,0,0,0,0,3.2383e-05,0.0010724,0.013064,0.058583,0.097606,0.071622,0.071679,0.098731,0.071686,0.071861,0.10052,0.071667,0.034844,0.015236,0.0049877,0.0024447,0.0020793,0.0011527,0.00027344,3.4111e-05,3.3569e-05,5.4002e-05,8.4408e-05,0.0013189,0.014137,0.060326,0.097852,0.061737,0.026202,0.022659,0.01339,0.0063632,0.019201,0.048427,0.063525,0.060935,0.065093,0.049758,0.022116,0.016493,0.021879,0.014444,0.017363,0.064585,0.12386,0.14074,0.14487,0.16581,0.21805,0.26869,0.35525,0.35525,0.26869,0.21805,0.16581,0.14487,0.14074,0.12386,0.064585,0.017363,0.014444,0.021879,0.016493,0.022116,0.049758,0.065093,0.060935,0.063525,0.048427,0.019201,0.0063632,0.01339,0.022659,0.026202,0.061737,0.097852,0.060326,0.014137,0.0013189,8.4408e-05,5.4002e-05,3.3569e-05,3.4111e-05,0.00027344,0.0011527,0.0020793,0.0024447,0.0049877,0.015236,0.034844,0.071667,0.10052,0.071861,0.071686,0.098731,0.071679,0.071622,0.097606,0.058583,0.013064,0.0010724,3.2383e-05,0,0,0,0,3.2383e-05,0.0010724,0.013064,0.05855,0.096533
0.15916,0.096533,0.021539,0.0017681,5.3391e-05,0,0,0,0,7.2257e-06,0.00023928,0.002915,0.013118,0.023327,0.034843,0.10057,0.16293,0.11915,0.11833,0.16118,0.09766,0.023342,0.003352,0.0043531,0.015124,0.023692,0.015072,0.0040071,0.00047916,2.6867e-05,6.1103e-07,5.3984e-05,0.0017753,0.021572,0.096587,0.15921,0.096779,0.022612,0.0035367,0.0011784,0.0015706,0.014468,0.063784,0.12849,0.19056,0.23014,0.13588,0.044319,0.061474,0.096977,0.063307,0.048856,0.13406,0.25268,0.29494,0.25759,0.18978,0.18584,0.24891,0.36088,0.36088,0.24891,0.18584,0.18978,0.25759,0.29494,0.25268,0.13406,0.048856,0.063307,0.096977,0.061474,0.044319,0.13588,0.23014,0.19056,0.12849,0.063784,0.014468,0.0015706,0.0011784,0.0035367,0.022612,0.096779,0.15921,0.096587,0.021572,0.0017753,5.3984e-05,6.1103e-07,2.6867e-05,0.00047916,0.0040071,0.015072,0.023692,0.015124,0.0043531,0.003352,0.023342,0.09766,0.16118,0.11833,0.11915,0.16293,0.10057,0.034843,0.023327,0.013118,0.002915,0.00023928,7.2257e-06,0,0,0,0,5.3391e-05,0.0017681,0.021539,0.096533,0.15916
0.096533,0.05855,0.013064,0.0010724,3.2383e-05,0,0,0,0,5.9312e-07,1.9641e-05,0.00023928,0.001112,0.0030797,0.017052,0.071887,0.11917,0.084712,0.074584,0.097884,0.058637,0.01339,0.0050994,0.026408,0.083005,0.12266,0.083005,0.026368,0.0039947,0.00027166,7.2257e-06,3.2383e-05,0.0010724,0.013064,0.05855,0.096534,0.058557,0.013097,0.0011258,0.00011936,0.0017903,0.021751,0.10129,0.21566,0.35112,0.44956,0.27698,0.091906,0.10588,0.16196,0.11209,0.097042,0.18188,0.2697,0.30483,0.24634,0.18411,0.23607,0.337,0.41797,0.41797,0.337,0.23607,0.18411,0.24634,0.30483,0.2697,0.18188,0.097042,0.11209,0.16196,0.10588,0.091906,0.27698,0.44956,0.35112,0.21566,0.10129,0.021751,0.0017903,0.00011936,0.0011258,0.013097,0.058557,0.096534,0.05855,0.013064,0.0010724,3.2383e-05,7.2257e-06,0.00027166,0.0039947,0.026368,0.083005,0.12266,0.083005,0.026408,0.0050994,0.01339,0.058637,0.097884,0.074584,0.084712,0.11917,0.071887,0.017052,0.0030797,0.001112,0.00023928,1.9641e-05,5.9312e-07,0,0,0,0,3.2383e-05,0.0010724,0.013064,0.05855,0.096533
0.021539,0.013064,0.002915,0.00023928,7.2257e-06,0,0,0,0,1.7911e-08,5.9312e-07,7.2257e-06,7.1992e-05,0.0013651,0.016012,0.071649,0.11855,0.075602,0.030812,0.023923,0.013376,0.0040605,0.015105,0.081169,0.20613,0.27626,0.20613,0.081162,0.014865,0.0011258,3.2383e-05,7.2257e-06,0.00023928,0.002915,0.013064,0.021539,0.013064,0.002915,0.00023989,5.9843e-05,0.0013189,0.014287,0.064317,0.14638,0.2855,0.42413,0.31523,0.13243,0.097465,0.11581,0.097724,0.14009,0.21488,0.21738,0.21795,0.20891,0.21949,0.35963,0.49162,0.50367,0.50367,0.49162,0.35963,0.21949,0.20891,0.21795,0.21738,0.21488,0.14009,0.097724,0.11581,0.097465,0.13243,0.31523,0.42413,0.2855,0.14638,0.064317,0.014287,0.0013189,5.9843e-05,0.00023989,0.002915,0.013064,0.021539,0.013064,0.002915,0.00023928,7.2257e-06,3.2383e-05,0.0011258,0.014865,0.081162,0.20613,0.27626,0.20613,0.081169,0.015105,0.0040605,0.013376,0.023923,0.030812,0.075602,0.11855,0.071649,0.016012,0.0013651,7.1992e-05,7.2257e-06,5.9312e-07,1.7911e-08,0,0,0,0,7.2257e-06,0.00023928,0.002915,0.013064,0.021539
0.0017681,0.0010724,0.00023928,1.9641e-05,5.9312e-07,0,0,0,0,0,0,0,5.3984e-05,0.0017877,0.021786,0.097845,0.16386,0.11091,0.04439,0.01662,0.0040954,0.0022862,0.022724,0.11142,0.23928,0.28961,0.23925,0.11137,0.022698,0.0018611,0.00011818,6.1803e-05,5.9843e-05,0.00027891,0.0011264,0.0018005,0.0010796,0.00023987,2.7478e-05,0.00026674,0.0033936,0.017099,0.037976,0.056339,0.12247,0.24042,0.25764,0.17825,0.13688,0.10186,0.11333,0.19451,0.2328,0.20777,0.19433,0.20436,0.19596,0.28821,0.3919,0.36189,0.36189,0.3919,0.28821,0.19596,0.20436,0.19433,0.20777,0.2328,0.19451,0.11333,0.10186,0.13688,0.17825,0.25764,0.24042,0.12247,0.056339,0.037976,0.017099,0.0033936,0.00026674,2.7478e-05,0.00023987,0.0010796,0.0018005,0.0011264,0.00027891,5.9843e-05,6.1803e-05,0.00011818,0.0018611,0.022698,0.11137,0.23925,0.28961,0.23928,0.11142,0.022724,0.0022862,0.0040954,0.01662,0.04439,0.11091,0.16386,0.097845,0.021786,0.0017877,5.3984e-05,0,0,0,0,0,0,0,5.9312e-07,1.9641e-05,0.00023928,0.0010724,0.0017681
5.3391e-05,3.2383e-05,7.2257e-06,5.9312e-07,1.7911e-08,0,0,0,0,0,0,0,3.2401e-05,0.001073,0.013104,0.059655,0.10965,0.11714,0.10964,0.059677,0.013181,0.0023985,0.014441,0.064306,0.12373,0.13888,0.1227,0.062778,0.014429,0.0030942,0.0022101,0.0020804,0.0013643,0.0013267,0.0018207,0.0011264,0.00027166,2.6867e-05,4.0795e-05,0.0013123,0.015999,0.071862,0.11946,0.077856,0.045418,0.087245,0.13655,0.17481,0.21126,0.16995,0.20018,0.29683,0.27613,0.22282,0.16402,0.124,0.089928,0.10976,0.15086,0.12831,0.12831,0.15086,0.10976,0.089928,0.124,0.16402,0.22282,0.27613,0.29683,0.20018,0.16995,0.21126,0.17481,0.13655,0.087245,0.045418,0.077856,0.11946,0.071862,0.015999,0.0013123,4.0795e-05,2.6867e-05,0.00027166,0.0011264,0.0018207,0.0013267,0.0013643,0.0020804,0.0022101,0.0030942,0.014429,0.062778,0.1227,0.13888,0.12373,0.064306,0.014441,0.0023985,0.013181,0.059677,0.10964,0.11714,0.10965,0.059655,0.013104,0.001073,3.2401e-05,0,0,0,0,0,0,0,1.7911e-08,5.9312e-07,7.2257e-06,3.2383e-05,5.3391e-05
0,0,1.7911e-08,5.9312e-07,7.2257e-06,3.2383e-05,5.3391e-05,3.2383e-05,7.2257e-06,5.9312e-07,1.7911e-08,0,7.2257e-06,0.00023928,0.0029684,0.014832,0.043079,0.1096,0.16207,0.096779,0.021793,0.004923,0.01606,0.035083,0.038598,0.030851,0.026059,0.016505,0.016272,0.024934,0.027215,0.026462,0.017291,0.016226,0.021798,0.013072,0.002915,0.00023928,9.3e-05,0.0028405,0.034604,0.15509,0.25577,0.15587,0.039825,0.021732,0.051044,0.14405,0.26036,0.26165,0.26289,0.30103,0.23277,0.157,0.0879,0.038196,0.018892,0.022322,0.042263,0.055127,0.055127,0.042263,0.022322,0.018892,0.038196,0.0879,0.157,0.23277,0.30103,0.26289,0.26165,0.26036,0.14405,0.051044,0.021732,0.039825,0.15587,0.25577,0.15509,0.034604,0.0028405,9.3e-05,0.00023928,0.002915,0.013072,0.021798,0.016226,0.017291,0.026462,0.027215,0.024934,0.016272,0.016505,0.026059,0.030851,0.038598,0.035083,0.01606,0.004923,0.021793,0.096779,0.16207,0.1096,0.043079,0.014832,0.0029684,0.00023928,7.2257e-06,0,1.7911e-08,5.9312e-07,7.2257e-06,3.2383e-05,5.3391e-05,3.2383e-05,7.2257e-06,5.9312e-07,1.7911e-08,0,0
0,0,5.9312e-07,1.9641e-05,0.00023928,0.0010724,0.0017681,0.0010724,0.00023928,1.9641e-05,5.9312e-07,0,5.9312e-07,1.9641e-05,0.00027166,0.0021448,0.014832,0.059623,0.096772,0.058602,0.014138,0.014156,0.058824,0.097652,0.060829,0.016367,0.0059526,0.015308,0.060342,0.11255,0.1302,0.13221,0.085751,0.074562,0.097845,0.05859,0.013064,0.0010724,0.00011816,0.0028404,0.034604,0.15509,0.25593,0.15803,0.048,0.027566,0.041205,0.13624,0.29209,0.34338,0.29051,0.21623,0.15844,0.13652,0.075808,0.01894,0.0042671,0.016934,0.076648,0.16068,0.16068,0.076648,0.016934,0.0042671,0.01894,0.075808,0.13652,0.15844,0.21623,0.29051,0.34338,0.29209,0.13624,0.041205,0.027566,0.048,0.15803,0.25593,0.15509,0.034604,0.0028404,0.00011816,0.0010724,0.013064,0.05859,0.097845,0.074562,0.085751,0.13221,0.1302,0.11255,0.060342,0.015308,0.0059526,0.016367,0.060829,0.097652,0.058824,0.014156,0.014138,0.058602,0.096772,0.059623,0.014832,0.0021448,0.00027166,1.9641e-05,5.9312e-07,0,5.9312e-07,1.9641e-05,0.00023928,0.0010724,0.0017681,0.0010724,0.00023928,1.9641e-05,5.9312e-07,0,0
0,0,7.2257e-06,0.00023928,0.002915,0.013064,0.021539,0.013064,0.002915,0.00023928,7.2257e-06,0,1.7911e-08,5.9312e-07,1.4451e-05,0.00027166,0.0029684,0.013097,0.021547,0.013118,0.0046831,0.021779,0.096555,0.15943,0.099509,0.034722,0.025136,0.034776,0.1023,0.194,0.25168,0.279,0.17839,0.13119,0.162,0.096619,0.021539,0.0017681,9.3e-05,0.0013117,0.015979,0.071647,0.11915,0.084687,0.074602,0.099055,0.073106,0.087586,0.17997,0.257,0.24872,0.15712,0.1376,0.17901,0.11954,0.035291,0.0098111,0.039906,0.1559,0.30631,0.30631,0.1559,0.039906,0.0098111,0.035291,0.11954,0.17901,0.1376,0.15712,0.24872,0.257,0.17997,0.087586,0.073106,0.099055,0.074602,0.084687,0.11915,0.071647,0.015979,0.0013117,9.3e-05,0.0017681,0.021539,0.096619,0.162,0.13119,0.17839,0.279,0.25168,0.194,0.1023,0.034776,0.025136,0.034722,0.099509,0.15943,0.096555,0.021779,0.0046831,0.013118,0.021547,0.013097,0.0029684,0.00027166,1.4451e-05,5.9312e-07,1.7911e-08,0,7.2257e-06,0.00023928,0.002915,0.013064,0.021539,0.013064,0.002915,0.00023928,7.2257e-06,0,0
0,0,3.2383e-05,0.0010724,0.013064,0.05855,0.096533,0.05855,0.013064,0.0010724,3.2383e-05,0,0,0,5.9312e-07,1.9641e-05,0.0002393,0.001073,0.0017753,0.0011372,0.0013651,0.013116,0.05859,0.097606,0.071622,0.071679,0.098731,0.071765,0.074462,0.13221,0.2137,0.26983,0.16922,0.093186,0.099373,0.058636,0.013064,0.0010724,4.0795e-05,0.00026615,0.0031867,0.014244,0.025128,0.035923,0.10077,0.16143,0.10081,0.039103,0.052445,0.1066,0.13651,0.091808,0.090766,0.15803,0.15676,0.07562,0.032259,0.089305,0.24118,0.38184,0.38184,0.24118,0.089305,0.032259,0.07562,0.15676,0.15803,0.090766,0.091808,0.13651,0.1066,0.052445,0.039103,0.10081,0.16143,0.10077,0.035923,0.025128,0.014244,0.0031867,0.00026615,4.0795e-05,0.0010724,0.013064,0.058636,0.099373,0.093186,0.16922,0.26983,0.2137,0.13221,0.074462,0.071765,0.098731,0.071679,0.071622,0.097606,0.05859,0.013116,0.0013651,0.0011372,0.0017753,0.001073,0.0002393,1.9641e-05,5.9312e-07,0,0,0,3.2383e-05,0.0010724,0.013064,0.05855,0.096533,0.05855,0.013064,0.0010724,3.2383e-05,0,0
0,0,5.3391e-05,0.0017681,0.021539,0.096533,0.15916,0.096533,0.021539,0.0017681,5.3391e-05,0,0,0,1.7911e-08,5.9312e-07,7.8367e-06,5.2618e-05,0.0002999,0.0011444,0.002068,0.0040204,0.013365,0.023347,0.034844,0.10053,0.1614,0.10057,0.036155,0.039306,0.08474,0.12123,0.074769,0.029051,0.022851,0.013104,0.002915,0.00023987,2.7478e-05,0.00025952,0.0013189,0.0029124,0.0042055,0.017323,0.071881,0.11811,0.071914,0.018603,0.020139,0.074748,0.12262,0.089681,0.072422,0.13561,0.19121,0.13614,0.080236,0.14188,0.29997,0.40993,0.40993,0.29997,0.14188,0.080236,0.13614,0.19121,0.13561,0.072422,0.089681,0.12262,0.074748,0.020139,0.018603,0.071914,0.11811,0.071881,0.017323,0.0042055,0.0029124,0.0013189,0.00025952,2.7478e-05,0.00023987,0.002915,0.013104,0.022851,0.029051,0.074769,0.12123,0.08474,0.039306,0.036155,0.10057,0.1614,0.10053,0.034844,0.023347,0.013365,0.0040204,0.002068,0.0011444,0.0002999,5.2618e-05,7.8367e-06,5.9312e-07,1.7911e-08,0,0,0,5.3391e-05,0.0017681,0.021539,0.096533,0.15916,0.096533,0.021539,0.0017681,5.3391e-05,0,0
0,0,3.2383e-05,0.0010724,0.013064,0.05855,0.096533,0.05855,0.013064,0.0010724,3.2383e-05,0,0,0,0,0,7.8188e-06,0.00025892,0.0031543,0.014137,0.023327,0.014376,0.0042663,0.0033392,0.017067,0.071887,0.11817,0.071895,0.017318,0.0062346,0.015249,0.023566,0.014396,0.0042279,0.0020342,0.0011126,0.00029269,5.9843e-05,0.00025434,0.0029486,0.013126,0.021651,0.014469,0.018981,0.071893,0.11809,0.071677,0.017807,0.023209,0.098804,0.17409,0.15754,0.13361,0.13483,0.18238,0.21629,0.1853,0.15874,0.20648,0.24665,0.24665,0.20648,0.15874,0.1853,0.21629,0.18238,0.13483,0.13361,0.15754,0.17409,0.098804,0.023209,0.017807,0.071677,0.11809,0.071893,0.018981,0.014469,0.021651,0.013126,0.0029486,0.00025434,5.9843e-05,0.00029269,0.0011126,0.0020342,0.0042279,0.014396,0.023566,0.015249,0.0062346,0.017318,0.071895,0.11817,0.071887,0.017067,0.0033392,0.0042663,0.014376,0.023327,0.014137,0.0031543,0.00025892,7.8188e-06,0,0,0,0,0,3.2383e-05,0.0010724,0.013064,0.05855,0.096533,0.05855,0.013064,0.0010724,3.2383e-05,0,0
0,0,7.2257e-06,0.00023928,0.002915,0.013064,0.021539,0.013064,0.002915,0.00023928,7.2257e-06,1.7911e-08,5.9312e-07,7.2257e-06,3.2383e-05,5.3391e-05,7.1992e-05,0.0013189,0.01598,0.071615,0.11807,0.071622,0.016052,0.0026964,0.016291,0.072694,0.11984,0.072695,0.016271,0.0016312,0.0011774,0.0018293,0.0011132,0.00029855,0.00031291,0.0011054,0.0017759,0.001125,0.0015516,0.014165,0.060378,0.097984,0.061735,0.03667,0.099759,0.1612,0.09769,0.022906,0.014946,0.060431,0.11837,0.15649,0.17877,0.13512,0.16156,0.27197,0.27496,0.19318,0.15881,0.12428,0.12428,0.15881,0.19318,0.27496,0.27197,0.16156,0.13512,0.17877,0.15649,0.11837,0.060431,0.014946,0.022906,0.09769,0.1612,0.099759,0.03667,0.061735,0.097984,0.060378,0.014165,0.0015516,0.001125,0.0017759,0.0011054,0.00031291,0.00029855,0.0011132,0.0018293,0.0011774,0.0016312,0.016271,0.072695,0.11984,0.072694,0.016291,0.0026964,0.016052,0.071622,0.11807,0.071615,0.01598,0.0013189,7.1992e-05,5.3391e-05,3.2383e-05,7.2257e-06,5.9312e-07,1.7911e-08,7.2257e-06,0.00023928,0.002915,0.013064,0.021539,0.013064,0.002915,0.00023928,7.2257e-06,0,0
0,0,5.9312e-07,1.9641e-05,0.00023928,0.0010724,0.0017681,0.0010724,0.00023928,1.9641e-05,5.9312e-07,5.9312e-07,1.9641e-05,0.00023928,0.0010724,0.0017681,0.0011582,0.0030797,0.034623,0.15508,0.25569,0.15508,0.034665,0.0048674,0.02478,0.11067,0.18246,0.11067,0.024694,0.0020342,9.3611e-05,5.3984e-05,4.6835e-05,0.00027889,0.002969,0.013097,0.021554,0.013358,0.0076184,0.035109,0.11963,0.17801,0.11643,0.057702,0.073701,0.099814,0.059902,0.015086,0.0051,0.014648,0.037539,0.084733,0.12237,0.087541,0.091568,0.16281,0.17957,0.17137,0.18134,0.1276,0.1276,0.18134,0.17137,0.17957,0.16281,0.091568,0.087541,0.12237,0.084733,0.037539,0.014648,0.0051,0.015086,0.059902,0.099814,0.073701,0.057702,0.11643,0.17801,0.11963,0.035109,0.0076184,0.013358,0.021554,0.013097,0.002969,0.00027889,4.6835e-05,5.3984e-05,9.3611e-05,0.0020342,0.024694,0.11067,0.18246,0.11067,0.02478,0.0048674,0.034665,0.15508,0.25569,0.15508,0.034623,0.0030797,0.0011582,0.0017681,0.0010724,0.00023928,1.9641e-05,5.9312e-07,5.9312e-07,1.9641e-05,0.00023928,0.0010724,0.0017681,0.0010724,0.00023928,1.9641e-05,5.9312e-07,0,0
0,0,1.7911e-08,5.9312e-07,7.2257e-06,3.2383e-05,5.3391e-05,3.2383e-05,7.2257e-06,5.9312e-07,1.7911e-08,7.2257e-06,0.0002393,0.0029156,0.013072,0.021572,0.013203,0.0057879,0.03485,0.15509,0.25569,0.15508,0.034669,0.0049858,0.026222,0.11714,0.19315,0.11719,0.026168,0.0021526,6.5971e-05,1.9659e-05,0.00027166,0.0021448,0.014832,0.059623,0.096812,0.059715,0.027509,0.075938,0.17223,0.20279,0.16501,0.12957,0.076121,0.037837,0.027295,0.024592,0.013622,0.0053142,0.017988,0.072724,0.11908,0.080737,0.058267,0.080386,0.077043,0.096942,0.14052,0.12569,0.12569,0.14052,0.096942,0.077043,0.080386,0.058267,0.080737,0.11908,0.072724,0.017988,0.0053142,0.013622,0.024592,0.027295,0.037837,0.076121,0.12957,0.16501,0.20279,0.17223,0.075938,0.027509,0.059715,0.096812,0.059623,0.014832,0.0021448,0.00027166,1.9659e-05,6.5971e-05,0.0021526,0.026168,0.11719,0.19315,0.11714,0.026222,0.0049858,0.034669,0.15508,0.25569,0.15509,0.03485,0.0057879,0.013203,0.021572,0.013072,0.0029156,0.0002393,7.2257e-06,1.7911e-08,5.9312e-07,7.2257e-06,3.2383e-05,5.3391e-05,3.2383e-05,7.2257e-06,5.9312e-07,1.7911e-08,0,0
0,0,0,0,0,0,0,0,0,0,0,3.2383e-05,0.001073,0.013084,0.058789,0.097605,0.060358,0.015448,0.017291,0.071667,0.11807,0.071614,0.01604,0.0033196,0.024514,0.10984,0.18177,0.11137,0.025534,0.002279,0.00014087,0.00027226,0.0029757,0.014833,0.043079,0.10962,0.16236,0.099672,0.046437,0.11755,0.24766,0.29579,0.28649,0.2358,0.11342,0.038828,0.064271,0.099667,0.059943,0.015145,0.022953,0.098035,0.16449,0.12693,0.14314,0.20042,0.13768,0.1172,0.21336,0.28597,0.28597,0.21336,0.1172,0.13768,0.20042,0.14314,0.12693,0.16449,0.098035,0.022953,0.015145,0.059943,0.099667,0.064271,0.038828,0.11342,0.2358,0.28649,0.29579,0.24766,0.11755,0.046437,0.099672,0.16236,0.10962,0.043079,0.014833,0.0029757,0.00027226,0.00014087,0.002279,0.025534,0.11137,0.18177,0.10984,0.024514,0.0033196,0.01604,0.071614,0.11807,0.071667,0.017291,0.015448,0.060358,0.097605,0.058789,0.013084,0.001073,3.2383e-05,0,0,0,0,0,0,0,0,0,0,0
0,0,0,0,0,0,0,0,0,0,0,5.3391e-05,0.0017753,0.021779,0.099448,0.17222,0.11808,0.034863,0.0078374,0.01443,0.023322,0.014169,0.0032407,0.0013911,0.013565,0.062571,0.11143,0.081246,0.026668,0.0051124,0.0020799,0.0021526,0.013336,0.059642,0.10961,0.11734,0.11255,0.074053,0.052457,0.10933,0.24124,0.34243,0.33161,0.2176,0.0887,0.053564,0.13254,0.19382,0.11255,0.025795,0.015599,0.06325,0.11902,0.13943,0.24334,0.33951,0.22297,0.18845,0.40522,0.63692,0.63692,0.40522,0.18845,0.22297,0.33951,0.24334,0.13943,0.11902,0.06325,0.015599,0.025795,0.11255,0.19382,0.13254,0.053564,0.0887,0.2176,0.33161,0.34243,0.24124,0.10933,0.052457,0.074053,0.11255,0.11734,0.10961,0.059642,0.013336,0.0021526,0.0020799,0.0051124,0.026668,0.081246,0.11143,0.062571,0.013565,0.0013911,0.0032407,0.014169,0.023322,0.01443,0.0078374,0.034863,0.11808,0.17222,0.099448,0.021779,0.0017753,5.3391e-05,0,0,0,0,0,0,0,0,0,0,0
0,0,0,0,0,0,0,0,0,0,0,3.2383e-05,0.0011048,0.014137,0.071614,0.15508,0.15508,0.071635,0.014384,0.0022292,0.0020931,0.0021772,0.0020224,0.0013845,0.0044744,0.027273,0.082158,0.11201,0.066395,0.027461,0.022912,0.014885,0.024469,0.097044,0.16216,0.1107,0.05619,0.074727,0.11659,0.14457,0.20328,0.23207,0.18915,0.11085,0.06605,0.10289,0.21707,0.25188,0.13019,0.027739,0.0095912,0.04441,0.13219,0.23443,0.30836,0.29556,0.16653,0.17228,0.52063,0.98235,0.98235,0.52063,0.17228,0.16653,0.29556,0.30836,0.23443,0.13219,0.04441,0.0095912,0.027739,0.13019,0.25188,0.21707,0.10289,0.06605,0.11085,0.18915,0.23207,0.20328,0.14457,0.11659,0.074727,0.05619,0.1107,0.16216,0.097044,0.024469,0.014885,0.022912,0.027461,0.066395,0.11201,0.082158,0.027273,0.0044744,0.0013845,0.0020224,0.0021772,0.0020931,0.0022292,0.014384,0.071635,0.15508,0.15508,0.071614,0.014137,0.0011048,3.2383e-05,0,0,0,0,0,0,0,0,0,0,0
0,0,0,0,0,0,0,0,0,0,0,7.2257e-06,0.00029267,0.0046831,0.034604,0.11807,0.17222,0.099449,0.021793,0.002047,0.0030218,0.013097,0.021554,0.013377,0.0078447,0.036155,0.1228,0.18743,0.13429,0.093413,0.10126,0.059935,0.026383,0.060747,0.098679,0.062495,0.036672,0.10049,0.18146,0.19755,0.20143,0.14864,0.095374,0.10716,0.15066,0.19454,0.28512,0.27861,0.13123,0.027673,0.021234,0.10946,0.30147,0.46302,0.46398,0.33055,0.15018,0.14163,0.53743,1.128,1.128,0.53743,0.14163,0.15018,0.33055,0.46398,0.46302,0.30147,0.10946,0.021234,0.027673,0.13123,0.27861,0.28512,0.19454,0.15066,0.10716,0.095374,0.14864,0.20143,0.19755,0.18146,0.10049,0.036672,0.062495,0.098679,0.060747,0.026383,0.059935,0.10126,0.093413,0.13429,0.18743,0.1228,0.036155,0.0078447,0.013377,0.021554,0.013097,0.0030218,0.002047,0.021793,0.099449,0.17222,0.11807,0.034604,0.0046831,0.00029267,7.2257e-06,0,0,0,0,0,0,0,0,0,0,0
0,0,0,0,0,0,0,0,0,0,0,5.9312e-07,5.2025e-05,0.0013117,0.014137,0.060318,0.097605,0.058789,0.013116,0.0021454,0.013097,0.05855,0.096565,0.059656,0.027241,0.073792,0.16829,0.21543,0.18969,0.16922,0.17335,0.098176,0.027727,0.029055,0.044979,0.028314,0.01922,0.060154,0.10968,0.11848,0.12437,0.12525,0.15196,0.2319,0.30747,0.24579,0.19765,0.16151,0.073384,0.018397,0.040429,0.19336,0.4427,0.58188,0.61478,0.53492,0.26774,0.12839,0.35999,0.76328,0.76328,0.35999,0.12839,0.26774,0.53492,0.61478,0.58188,0.4427,0.19336,0.040429,0.018397,0.073384,0.16151,0.19765,0.24579,0.30747,0.2319,0.15196,0.12525,0.12437,0.11848,0.10968,0.060154,0.01922,0.028314,0.044979,0.029055,0.027727,0.098176,0.17335,0.16922,0.18969,0.21543,0.16829,0.073792,0.027241,0.059656,0.096565,0.05855,0.013097,0.0021454,0.013116,0.058789,0.097605,0.060318,0.014137,0.0013117,5.2025e-05,5.9312e-07,0,0,0,0,0,0,0,0,0,0,0
0,0,0,0,0,0,0,0,0,0,0,1.7911e-08,7.8188e-06,0.00024651,0.0029474,0.013118,0.021572,0.013072,0.002969,0.0020074,0.021547,0.096533,0.15921,0.098308,0.043371,0.10298,0.19385,0.21568,0.20682,0.15979,0.11866,0.062968,0.032177,0.0766,0.12119,0.073186,0.019168,0.014669,0.024618,0.028236,0.049419,0.12831,0.23476,0.33291,0.41127,0.2898,0.13113,0.057944,0.022551,0.0194,0.058071,0.18953,0.37665,0.48825,0.63698,0.67593,0.3893,0.15506,0.17321,0.3062,0.3062,0.17321,0.15506,0.3893,0.67593,0.63698,0.48825,0.37665,0.18953,0.058071,0.0194,0.022551,0.057944,0.13113,0.2898,0.41127,0.33291,0.23476,0.12831,0.049419,0.028236,0.024618,0.014669,0.019168,0.073186,0.12119,0.0766,0.032177,0.062968,0.11866,0.15979,0.20682,0.21568,0.19385,0.10298,0.043371,0.098308,0.15921,0.096533,0.021547,0.0020074,0.002969,0.013072,0.021572,0.013118,0.0029474,0.00024651,7.8188e-06,1.7911e-08,0,0,0,0,0,0,0,0,0,0,0
0,0,0,0,0,0,0,1.7911e-08,5.9312e-07,7.2257e-06,3.2383e-05,5.3391e-05,3.2976e-05,2.6867e-05,0.00023987,0.0010724,0.0017681,0.0010724,0.00027166,0.001092,0.013065,0.058557,0.096598,0.059677,0.026213,0.060942,0.11072,0.11914,0.11365,0.073212,0.037935,0.033012,0.072194,0.18997,0.27173,0.15832,0.03537,0.0050863,0.0042245,0.0069273,0.034464,0.14018,0.26916,0.35027,0.46284,0.44791,0.2674,0.094614,0.030203,0.062411,0.11583,0.1505,0.23968,0.37905,0.54916,0.60784,0.47325,0.32838,0.24702,0.268,0.268,0.24702,0.32838,0.47325,0.60784,0.54916,0.37905,0.23968,0.1505,0.11583,0.062411,0.030203,0.094614,0.2674,0.44791,0.46284,0.35027,0.26916,0.14018,0.034464,0.0069273,0.0042245,0.0050863,0.03537,0.15832,0.27173,0.18997,0.072194,0.033012,0.037935,0.073212,0.11365,0.11914,0.11072,0.060942,0.026213,0.059677,0.096598,0.058557,0.013065,0.001092,0.00027166,0.0010724,0.0017681,0.0010724,0.00023987,2.6867e-05,3.2976e-05,5.3391e-05,3.2383e-05,7.2257e-06,5.9312e-07,1.7911e-08,0,0,0,0,0,0,0
0,0,0,0,0,0,0,5.9312e-07,1.9641e-05,0.00023928,0.0010724,0.0017681,0.0010724,0.00023987,2.6885e-05,3.3569e-05,6.0617e-05,6.4766e-05,6.7842e-05,0.00027287,0.0029425,0.013311,0.022651,0.015125,0.0069433,0.013816,0.024754,0.027275,0.026546,0.0168,0.020225,0.077554,0.19101,0.31043,0.32738,0.16975,0.039743,0.017992,0.026007,0.032467,0.076263,0.21761,0.37269,0.39845,0.48935,0.60031,0.42834,0.15616,0.050937,0.11295,0.1881,0.15566,0.21108,0.40977,0.51628,0.47971,0.48924,0.50751,0.47126,0.53341,0.53341,0.47126,0.50751,0.48924,0.47971,0.51628,0.40977,0.21108,0.15566,0.1881,0.11295,0.050937,0.15616,0.42834,0.60031,0.48935,0.39845,0.37269,0.21761,0.076263,0.032467,0.026007,0.017992,0.039743,0.16975,0.32738,0.31043,0.19101,0.077554,0.020225,0.0168,0.026546,0.027275,0.024754,0.013816,0.0069433,0.015125,0.022651,0.013311,0.0029425,0.00027287,6.7842e-05,6.4766e-05,6.0617e-05,3.3569e-05,2.6885e-05,0.00023987,0.0010724,0.0017681,0.0010724,0.00023928,1.9641e-05,5.9312e-07,0,0,0,0,0,0,0
0,0,0,0,0,0,0,7.2257e-06,0.00023928,0.002915,0.013064,0.021539,0.013064,0.002915,0.00023987,2.6867e-05,0.00023928,0.0010724,0.0017687,0.0010998,0.00073749,0.0042463,0.015906,0.024399,0.014623,0.0045059,0.0051891,0.015257,0.0239,0.018958,0.039627,0.14122,0.28477,0.33047,0.23773,0.10068,0.045034,0.082799,0.1239,0.13623,0.20608,0.33601,0.43387,0.39289,0.38366,0.45115,0.31633,0.10918,0.046322,0.13265,0.22052,0.17686,0.24685,0.46097,0.47996,0.33423,0.32751,0.46791,0.63955,0.79514,0.79514,0.63955,0.46791,0.32751,0.33423,0.47996,0.46097,0.24685,0.17686,0.22052,0.13265,0.046322,0.10918,0.31633,0.45115,0.38366,0.39289,0.43387,0.33601,0.20608,0.13623,0.1239,0.082799,0.045034,0.10068,0.23773,0.33047,0.28477,0.14122,0.039627,0.018958,0.0239,0.015257,0.0051891,0.0045059,0.014623,0.024399,0.015906,0.0042463,0.00073749,0.0010998,0.0017687,0.0010724,0.00023928,2.6867e-05,0.00023987,0.002915,0.013064,0.021539,0.013064,0.002915,0.00023928,7.2257e-06,0,0,0,0,0,0,0
0,0,0,0,0,0,0,3.2383e-05,0.0010724,0.013064,0.05855,0.096533,0.05855,0.013065,0.0010868,0.00030405,0.0029684,0.013097,0.021547,0.013105,0.004234,0.016252,0.071682,0.11814,0.071715,0.017137,0.014683,0.05976,0.099466,0.073825,0.086006,0.16951,0.21706,0.18523,0.11018,0.064678,0.097466,0.1981,0.24154,0.23194,0.30844,0.36405,0.31098,0.21933,0.18018,0.19005,0.12081,0.038493,0.046247,0.18411,0.31081,0.25967,0.32146,0.48043,0.42249,0.2788,0.25991,0.48006,0.80186,0.96376,0.96376,0.80186,0.48006,0.25991,0.2788,0.42249,0.48043,0.32146,0.25967,0.31081,0.18411,0.046247,0.038493,0.12081,0.19005,0.18018,0.21933,0.31098,0.36405,0.30844,0.23194,0.24154,0.1981,0.097466,0.064678,0.11018,0.18523,0.21706,0.16951,0.086006,0.073825,0.099466,0.05976,0.014683,0.017137,0.071715,0.11814,0.071682,0.016252,0.004234,0.013105,0.021547,0.013097,0.0029684,0.00030405,0.0010868,0.013065,0.05855,0.096533,0.05855,0.013064,0.0010724,3.2383e-05,0,0,0,0,0,0,0
0,0,0,0,0,0,0,5.3391e-05,0.0017681,0.021539,0.096533,0.15916,0.096534,0.021559,0.0020397,0.0021982,0.014832,0.059623,0.096773,0.058663,0.015938,0.035749,0.15539,0.25677,0.15691,0.037683,0.027534,0.10976,0.18247,0.13138,0.12414,0.1772,0.13252,0.070366,0.07992,0.12347,0.16871,0.23202,0.20944,0.16511,0.23211,0.27275,0.18101,0.10117,0.10659,0.13067,0.077505,0.024672,0.062893,0.24146,0.40952,0.39654,0.44125,0.4801,0.40822,0.35304,0.31752,0.46943,0.74109,0.8957,0.8957,0.74109,0.46943,0.31752,0.35304,0.40822,0.4801,0.44125,0.39654,0.40952,0.24146,0.062893,0.024672,0.077505,0.13067,0.10659,0.10117,0.18101,0.27275,0.23211,0.16511,0.20944,0.23202,0.16871,0.12347,0.07992,0.070366,0.13252,0.1772,0.12414,0.13138,0.18247,0.10976,0.027534,0.037683,0.15691,0.25677,0.15539,0.035749,0.015938,0.058663,0.096773,0.059623,0.014832,0.0021982,0.0020397,0.021559,0.096534,0.15916,0.096533,0.021539,0.0017681,5.3391e-05,0,0,0,0,0,0,0
0,0,0,0,0,0,1.7911e-08,3.2976e-05,0.0010796,0.013097,0.058604,0.096565,0.058565,0.013304,0.0040408,0.014865,0.043079,0.1096,0.16209,0.097097,0.025467,0.038379,0.15912,0.26899,0.17671,0.049813,0.031884,0.11746,0.19415,0.13018,0.084938,0.10004,0.063231,0.03751,0.10008,0.17308,0.15941,0.13434,0.089682,0.065099,0.13674,0.20855,0.17605,0.14886,0.17287,0.1971,0.11485,0.042077,0.09957,0.28151,0.44006,0.50283,0.5714,0.54227,0.45748,0.37885,0.26104,0.28115,0.46751,0.65732,0.65732,0.46751,0.28115,0.26104,0.37885,0.45748,0.54227,0.5714,0.50283,0.44006,0.28151,0.09957,0.042077,0.11485,0.1971,0.17287,0.14886,0.17605,0.20855,0.13674,0.065099,0.089682,0.13434,0.15941,0.17308,0.10008,0.03751,0.063231,0.10004,0.084938,0.13018,0.19415,0.11746,0.031884,0.049813,0.17671,0.26899,0.15912,0.038379,0.025467,0.097097,0.16209,0.1096,0.043079,0.014865,0.0040408,0.013304,0.058565,0.096565,0.058604,0.013097,0.0010796,3.2976e-05,1.7911e-08,0,0,0,0,0,0
0,0,0,0,0,0,5.9312e-07,2.6867e-05,0.00047856,0.0039874,0.014832,0.022612,0.013336,0.0040071,0.013337,0.059637,0.10963,0.11716,0.10987,0.062592,0.027539,0.039724,0.097841,0.17961,0.16851,0.076605,0.038863,0.11072,0.18097,0.11251,0.037534,0.023658,0.014369,0.016186,0.059603,0.10378,0.089929,0.07257,0.05392,0.035609,0.067344,0.12244,0.16044,0.20002,0.21797,0.22808,0.14333,0.063998,0.12101,0.25725,0.34337,0.40421,0.47718,0.53141,0.49232,0.32626,0.17959,0.20578,0.42159,0.67068,0.67068,0.42159,0.20578,0.17959,0.32626,0.49232,0.53141,0.47718,0.40421,0.34337,0.25725,0.12101,0.063998,0.14333,0.22808,0.21797,0.20002,0.16044,0.12244,0.067344,0.035609,0.05392,0.07257,0.089929,0.10378,0.059603,0.016186,0.014369,0.023658,0.037534,0.11251,0.18097,0.11072,0.038863,0.076605,0.16851,0.17961,0.097841,0.039724,0.027539,0.062592,0.10987,0.11716,0.10963,0.059637,0.013337,0.0040071,0.013336,0.022612,0.014832,0.0039874,0.00047856,2.6867e-05,5.9312e-07,0,0,0,0,0,0
0,0,0,0,0,0,7.2257e-06,0.00023989,0.0029353,0.013311,0.022651,0.014918,0.0041266,0.0022868,0.021601,0.097013,0.16314,0.1114,0.045243,0.028384,0.062943,0.1037,0.096398,0.13515,0.17656,0.10282,0.036194,0.061639,0.098394,0.059883,0.014635,0.004179,0.0041929,0.0062873,0.018701,0.050791,0.11309,0.18902,0.18356,0.090697,0.036422,0.051236,0.096469,0.13844,0.18475,0.25558,0.22165,0.11933,0.095703,0.14257,0.17179,0.20662,0.32645,0.50149,0.47855,0.30767,0.27433,0.40178,0.6842,1.018,1.018,0.6842,0.40178,0.27433,0.30767,0.47855,0.50149,0.32645,0.20662,0.17179,0.14257,0.095703,0.11933,0.22165,0.25558,0.18475,0.13844,0.096469,0.051236,0.036422,0.090697,0.18356,0.18902,0.11309,0.050791,0.018701,0.0062873,0.0041929,0.004179,0.014635,0.059883,0.098394,0.061639,0.036194,0.10282,0.17656,0.13515,0.096398,0.1037,0.062943,0.028384,0.045243,0.1114,0.16314,0.097013,0.021601,0.0022868,0.0041266,0.014918,0.022651,0.013311,0.0029353,0.00023989,7.2257e-06,0,0,0,0,0,0
0,0,0,0,0,0,3.2383e-05,0.001073,0.013085,0.058816,0.097877,0.061444,0.01597,0.0034709,0.013596,0.061506,0.10984,0.081255,0.029957,0.029554,0.11041,0.18496,0.13707,0.10928,0.12578,0.083552,0.02931,0.017092,0.021872,0.013358,0.006109,0.016273,0.034703,0.036223,0.035125,0.10385,0.26386,0.41062,0.39473,0.20693,0.078335,0.09297,0.12879,0.10339,0.11279,0.2142,0.2826,0.22647,0.13231,0.11366,0.13408,0.14143,0.28229,0.48009,0.43367,0.37284,0.5398,0.72603,0.85783,1.0426,1.0426,0.85783,0.72603,0.5398,0.37284,0.43367,0.48009,0.28229,0.14143,0.13408,0.11366,0.13231,0.22647,0.2826,0.2142,0.11279,0.10339,0.12879,0.09297,0.078335,0.20693,0.39473,0.41062,0.26386,0.10385,0.035125,0.036223,0.034703,0.016273,0.006109,0.013358,0.021872,0.017092,0.02931,0.083552,0.12578,0.10928,0.13707,0.18496,0.11041,0.029554,0.029957,0.081255,0.10984,0.061506,0.013596,0.0034709,0.01597,0.061444,0.097877,0.058816,0.013085,0.001073,3.2383e-05,0,0,0,0,0,0
0,0,0,1.7911e-08,5.9312e-07,7.2257e-06,8.5774e-05,0.0018287,0.021818,0.099694,0.17514,0.13114,0.05615,0.018019,0.0071958,0.026395,0.080343,0.11077,0.065431,0.040569,0.11951,0.20647,0.1797,0.1489,0.14085,0.12276,0.062778,0.014409,0.0028873,0.0022425,0.014437,0.0717,0.15524,0.15806,0.10854,0.19832,0.40966,0.51667,0.46844,0.3004,0.19134,0.23972,0.2668,0.18096,0.10686,0.13517,0.24623,0.32132,0.26812,0.19993,0.19309,0.18422,0.32842,0.54068,0.56819,0.66606,0.92431,1.0177,0.85163,0.68691,0.68691,0.85163,1.0177,0.92431,0.66606,0.56819,0.54068,0.32842,0.18422,0.19309,0.19993,0.26812,0.32132,0.24623,0.13517,0.10686,0.18096,0.2668,0.23972,0.19134,0.3004,0.46844,0.51667,0.40966,0.19832,0.10854,0.15806,0.15524,0.0717,0.014437,0.0022425,0.0028873,0.014409,0.062778,0.12276,0.14085,0.1489,0.1797,0.20647,0.11951,0.040569,0.065431,0.11077,0.080343,0.026395,0.0071958,0.018019,0.05615,0.13114,0.17514,0.099694,0.021818,0.0018287,8.5774e-05,7.2257e-06,5.9312e-07,1.7911e-08,0,0,0
0,0,0,5.9312e-07,1.9641e-05,0.00023928,0.0011048,0.0028728,0.015241,0.072926,0.16817,0.21363,0.16815,0.07276,0.016184,0.023956,0.10125,0.17335,0.12032,0.059132,0.11607,0.20284,0.20922,0.20799,0.19791,0.18207,0.098568,0.021665,0.0021153,0.0029993,0.025323,0.12024,0.25802,0.26075,0.15675,0.20555,0.38641,0.4338,0.3763,0.3196,0.31364,0.39921,0.43953,0.42684,0.3245,0.23324,0.28484,0.43323,0.44676,0.28814,0.20794,0.26977,0.4894,0.7051,0.80475,1.0058,1.2132,1.0891,0.76164,0.47263,0.47263,0.76164,1.0891,1.2132,1.0058,0.80475,0.7051,0.4894,0.26977,0.20794,0.28814,0.44676,0.43323,0.28484,0.23324,0.3245,0.42684,0.43953,0.39921,0.31364,0.3196,0.3763,0.4338,0.38641,0.20555,0.15675,0.26075,0.25802,0.12024,0.025323,0.0029993,0.0021153,0.021665,0.098568,0.18207,0.19791,0.20799,0.20922,0.20284,0.11607,0.059132,0.12032,0.17335,0.10125,0.023956,0.016184,0.07276,0.16815,0.21363,0.16817,0.072926,0.015241,0.0028728,0.0011048,0.00023928,1.9641e-05,5.9312e-07,0,0,0
5.3391e-05,3.2383e-05,7.2257e-06,7.8188e-06,0.0002393,0.002915,0.013072,0.021833,0.017809,0.039326,0.13994,0.26885,0.25864,0.11835,0.024427,0.015991,0.071721,0.15515,0.15618,0.084966,0.075103,0.11547,0.13238,0.14448,0.13131,0.11258,0.059876,0.013344,0.0040271,0.014441,0.038598,0.097982,0.18249,0.1828,0.11339,0.1156,0.2001,0.23238,0.236,0.28623,0.36814,0.49679,0.66394,0.86363,0.79077,0.66137,0.64927,0.7165,0.66809,0.42798,0.33445,0.43736,0.60987,0.68965,0.69506,0.80895,0.95197,0.83423,0.65552,0.56366,0.56366,0.65552,0.83423,0.95197,0.80895,0.69506,0.68965,0.60987,0.43736,0.33445,0.42798,0.66809,0.7165,0.64927,0.66137,0.79077,0.86363,0.66394,0.49679,0.36814,0.28623,0.236,0.23238,0.2001,0.1156,0.11339,0.1828,0.18249,0.097982,0.038598,0.014441,0.0040271,0.013344,0.059876,0.11258,0.13131,0.14448,0.13238,0.11547,0.075103,0.084966,0.15618,0.15515,0.071721,0.015991,0.024427,0.11835,0.25864,0.26885,0.13994,0.039326,0.017809,0.021833,0.013072,0.002915,0.0002393,7.8188e-06,7.2257e-06,3.2383e-05,5.3391e-05
0.0017681,0.0010724,0.00023928,5.2025e-05,0.001073,0.013064,0.058551,0.096605,0.060153,0.029586,0.077303,0.15906,0.15669,0.071933,0.014457,0.0057891,0.034636,0.11808,0.17248,0.10265,0.037259,0.041123,0.086076,0.12415,0.084939,0.037534,0.014441,0.0040804,0.013376,0.059884,0.11278,0.13415,0.15727,0.15308,0.13008,0.093001,0.11082,0.16117,0.20465,0.29952,0.40089,0.50346,0.75478,1.0948,1.076,1.0501,1.1292,1.11,0.86761,0.60921,0.60197,0.56612,0.46638,0.4235,0.40661,0.39311,0.45362,0.47277,0.50796,0.63222,0.63222,0.50796,0.47277,0.45362,0.39311,0.40661,0.4235,0.46638,0.56612,0.60197,0.60921,0.86761,1.11,1.1292,1.0501,1.076,1.0948,0.75478,0.50346,0.40089,0.29952,0.20465,0.16117,0.11082,0.093001,0.13008,0.15308,0.15727,0.13415,0.11278,0.059884,0.013376,0.0040804,0.014441,0.037534,0.084939,0.12415,0.086076,0.041123,0.037259,0.10265,0.17248,0.11808,0.034636,0.0057891,0.014457,0.071933,0.15669,0.15906,0.077303,0.029586,0.060153,0.096605,0.058551,0.013064,0.001073,5.2025e-05,0.00023928,0.0010724,0.0017681
0.021539,0.013064,0.002915,0.00029267,0.0017753,0.021539,0.09654,0.15941,0.099942,0.040725,0.052644,0.070366,0.052359,0.020214,0.0037245,0.0016384,0.014177,0.060333,0.097865,0.061998,0.029016,0.046192,0.11185,0.16435,0.098971,0.023827,0.0040393,0.0038618,0.022693,0.098562,0.18103,0.19615,0.20511,0.19781,0.18417,0.12181,0.1252,0.19234,0.20623,0.27338,0.38559,0.43403,0.5939,0.85977,0.83737,0.87063,1.1605,1.2466,0.87607,0.68233,0.81074,0.64567,0.3539,0.32519,0.39293,0.29196,0.2141,0.22873,0.27679,0.3691,0.3691,0.27679,0.22873,0.2141,0.29196,0.39293,0.32519,0.3539,0.64567,0.81074,0.68233,0.87607,1.2466,1.1605,0.87063,0.83737,0.85977,0.5939,0.43403,0.38559,0.27338,0.20623,0.19234,0.1252,0.12181,0.18417,0.19781,0.20511,0.19615,0.18103,0.098562,0.022693,0.0038618,0.0040393,0.023827,0.098971,0.16435,0.11185,0.046192,0.029016,0.061998,0.097865,0.060333,0.014177,0.0016384,0.0037245,0.020214,0.052359,0.070366,0.052644,0.040725,0.099942,0.15941,0.09654,0.021539,0.0017753,0.00029267,0.002915,0.013064,0.021539
0.096533,0.05855,0.013064,0.0011048,0.0011048,0.013064,0.058583,0.097638,0.072714,0.085177,0.16038,0.17102,0.096014,0.028752,0.0053589,0.0023065,0.0040276,0.013389,0.022665,0.026196,0.062811,0.11098,0.11898,0.11083,0.06051,0.017311,0.01609,0.023778,0.026442,0.062612,0.10993,0.11847,0.12384,0.12032,0.11317,0.076894,0.08797,0.16292,0.19959,0.24827,0.35688,0.36928,0.38471,0.4805,0.42159,0.45175,0.77961,0.97611,0.77833,0.73444,0.91714,0.78993,0.53077,0.56228,0.68013,0.53155,0.3541,0.31055,0.28544,0.2492,0.2492,0.28544,0.31055,0.3541,0.53155,0.68013,0.56228,0.53077,0.78993,0.91714,0.73444,0.77833,0.97611,0.77961,0.45175,0.42159,0.4805,0.38471,0.36928,0.35688,0.24827,0.19959,0.16292,0.08797,0.076894,0.11317,0.12032,0.12384,0.11847,0.10993,0.062612,0.026442,0.023778,0.01609,0.017311,0.06051,0.11083,0.11898,0.11098,0.062811,0.026196,0.022665,0.013389,0.0040276,0.0023065,0.0053589,0.028752,0.096014,0.17102,0.16038,0.085177,0.072714,0.097638,0.058583,0.013064,0.0011048,0.0011048,0.013064,0.05855,0.096533
0.15916,0.096533,0.021539,0.0017753,0.00029267,0.002915,0.013118,0.023361,0.036405,0.12207,0.26903,0.31434,0.21493,0.084812,0.027958,0.022685,0.013336,0.0040408,0.0037826,0.022867,0.099953,0.17543,0.13231,0.058713,0.025199,0.034186,0.084303,0.11167,0.065824,0.028489,0.026893,0.02957,0.040701,0.051069,0.053798,0.055507,0.07249,0.13771,0.21542,0.28447,0.36614,0.31339,0.29202,0.36311,0.28383,0.25556,0.48206,0.75705,0.88739,0.98848,1.1101,1.0079,0.83527,0.93827,1.077,0.91193,0.66616,0.60324,0.59486,0.55163,0.55163,0.59486,0.60324,0.66616,0.91193,1.077,0.93827,0.83527,1.0079,1.1101,0.98848,0.88739,0.75705,0.48206,0.25556,0.28383,0.36311,0.29202,0.31339,0.36614,0.28447,0.21542,0.13771,0.07249,0.055507,0.053798,0.051069,0.040701,0.02957,0.026893,0.028489,0.065824,0.11167,0.084303,0.034186,0.025199,0.058713,0.13231,0.17543,0.099953,0.022867,0.0037826,0.0040408,0.013336,0.022685,0.027958,0.084812,0.21493,0.31434,0.26903,0.12207,0.036405,0.023361,0.013118,0.002915,0.00029267,0.0017753,0.021539,0.096533,0.15916
0.096533,0.05855,0.013064,0.001073,5.2025e-05,0.00023928,0.0011048,0.0028728,0.015262,0.073622,0.17664,0.25165,0.23184,0.12374,0.081227,0.098387,0.058643,0.013136,0.0022317,0.01423,0.072128,0.15936,0.17159,0.10328,0.072436,0.14058,0.24158,0.24089,0.12914,0.048372,0.019278,0.018553,0.062268,0.11291,0.13224,0.17057,0.17089,0.13645,0.15317,0.23957,0.32657,0.25569,0.25077,0.39379,0.41174,0.42442,0.62121,0.83562,1.0743,1.2961,1.3759,1.1537,0.95539,1.1061,1.2634,1.0727,0.74915,0.693,0.77315,0.82153,0.82153,0.77315,0.693,0.74915,1.0727,1.2634,1.1061,0.95539,1.1537,1.3759,1.2961,1.0743,0.83562,0.62121,0.42442,0.41174,0.39379,0.25077,0.25569,0.32657,0.23957,0.15317,0.13645,0.17089,0.17057,0.13224,0.11291,0.062268,0.018553,0.019278,0.048372,0.12914,0.24089,0.24158,0.14058,0.072436,0.10328,0.17159,0.15936,0.072128,0.01423,0.0022317,0.013136,0.058643,0.098387,0.081227,0.12374,0.23184,0.25165,0.17664,0.073622,0.015262,0.0028728,0.0011048,0.00023928,5.2025e-05,0.001073,0.013064,0.05855,0.096533
0.021539,0.013064,0.002915,0.0002393,7.8188e-06,7.2257e-06,3.9609e-05,0.0002999,0.0032191,0.017059,0.047669,0.093208,0.1143,0.083491,0.11096,0.1621,0.097763,0.021911,0.0021818,0.0050698,0.038866,0.14562,0.25747,0.24099,0.23763,0.37794,0.43854,0.30793,0.18875,0.14734,0.078081,0.040094,0.10329,0.18472,0.21519,0.27785,0.2637,0.15016,0.11433,0.21479,0.34543,0.31069,0.24224,0.37414,0.5613,0.77889,1.0448,0.9887,0.97466,1.1571,1.2153,1.0031,0.92047,1.1718,1.3216,1.0655,0.74959,0.7751,0.85127,0.82468,0.82468,0.85127,0.7751,0.74959,1.0655,1.3216,1.1718,0.92047,1.0031,1.2153,1.1571,0.97466,0.9887,1.0448,0.77889,0.5613,0.37414,0.24224,0.31069,0.34543,0.21479,0.11433,0.15016,0.2637,0.27785,0.21519,0.18472,0.10329,0.040094,0.078081,0.14734,0.18875,0.30793,0.43854,0.37794,0.23763,0.24099,0.25747,0.14562,0.038866,0.0050698,0.0021818,0.021911,0.097763,0.1621,0.11096,0.083491,0.1143,0.093208,0.047669,0.017059,0.0032191,0.0002999,3.9609e-05,7.2257e-06,7.8188e-06,0.0002393,0.002915,0.013064,0.021539
0.0018004,0.0011258,0.00027166,2.6867e-05,1.1862e-06,1.7911e-08,5.9312e-07,2.0235e-05,0.00026617,0.0015515,0.0057627,0.015977,0.024236,0.029594,0.075889,0.12141,0.075774,0.020139,0.0045362,0.0041357,0.032688,0.15766,0.33075,0.35846,0.37011,0.51856,0.50317,0.32732,0.3073,0.32373,0.17832,0.076381,0.10598,0.13719,0.1372,0.1717,0.17213,0.15114,0.22884,0.40909,0.60275,0.57557,0.36025,0.37074,0.61325,0.93838,1.1695,0.88413,0.64261,0.73426,0.88154,0.90231,1.0508,1.4501,1.579,1.2249,0.93288,1.0538,1.1246,0.97352,0.97352,1.1246,1.0538,0.93288,1.2249,1.579,1.4501,1.0508,0.90231,0.88154,0.73426,0.64261,0.88413,1.1695,0.93838,0.61325,0.37074,0.36025,0.57557,0.60275,0.40909,0.22884,0.15114,0.17213,0.1717,0.1372,0.13719,0.10598,0.076381,0.17832,0.32373,0.3073,0.32732,0.50317,0.51856,0.37011,0.35846,0.33075,0.15766,0.032688,0.0041357,0.0045362,0.020139,0.075774,0.12141,0.075889,0.029594,0.024236,0.015977,0.0057627,0.0015515,0.00026617,2.0235e-05,5.9312e-07,1.7911e-08,1.1862e-06,2.6867e-05,0.00027166,0.0011258,0.0018004
0.0011258,0.0018004,0.0010796,0.00023987,1.9659e-05,5.9312e-07,3.5821e-08,1.2041e-06,1.6231e-05,0.00011127,0.00061773,0.0023098,0.0051411,0.021294,0.08832,0.15587,0.12222,0.06681,0.040295,0.021718,0.04797,0.20998,0.42057,0.40643,0.31074,0.37105,0.3826,0.30581,0.36559,0.3927,0.24103,0.17779,0.21604,0.14657,0.071654,0.068897,0.078359,0.16063,0.3761,0.62724,0.79768,0.74794,0.53631,0.51254,0.66849,0.84149,0.90241,0.64666,0.49077,0.61754,0.86359,1.0687,1.3503,1.785,1.8547,1.398,1.0242,1.0444,1.1047,0.96395,0.96395,1.1047,1.0444,1.0242,1.398,1.8547,1.785,1.3503,1.0687,0.86359,0.61754,0.49077,0.64666,0.90241,0.84149,0.66849,0.51254,0.53631,0.74794,0.79768,0.62724,0.3761,0.16063,0.078359,0.068897,0.071654,0.14657,0.21604,0.17779,0.24103,0.3927,0.36559,0.30581,0.3826,0.37105,0.31074,0.40643,0.42057,0.20998,0.04797,0.021718,0.040295,0.06681,0.12222,0.15587,0.08832,0.021294,0.0051411,0.0023098,0.00061773,0.00011127,1.6231e-05,1.2041e-06,3.5821e-08,5.9312e-07,1.9659e-05,0.00023987,0.0010796,0.0018004,0.0011258
0.013064,0.021539,0.013064,0.002915,0.00023928,7.2436e-06,1.1862e-06,2.6867e-05,0.00027891,0.0013656,0.0047227,0.014263,0.024732,0.049097,0.1733,0.33044,0.32465,0.25178,0.18562,0.10305,0.09158,0.26826,0.49433,0.44727,0.27411,0.28365,0.34172,0.26922,0.28076,0.34963,0.32614,0.35027,0.37936,0.22985,0.14596,0.17591,0.15014,0.19181,0.36684,0.549,0.61124,0.57104,0.58133,0.64812,0.61746,0.58082,0.58991,0.55101,0.57712,0.74408,0.90246,1.0766,1.3901,1.8138,1.8413,1.3623,0.95549,0.81048,0.76765,0.68318,0.68318,0.76765,0.81048,0.95549,1.3623,1.8413,1.8138,1.3901,1.0766,0.90246,0.74408,0.57712,0.55101,0.58991,0.58082,0.61746,0.64812,0.58133,0.57104,0.61124,0.549,0.36684,0.19181,0.15014,0.17591,0.14596,0.22985,0.37936,0.35027,0.32614,0.34963,0.28076,0.26922,0.34172,0.28365,0.27411,0.44727,0.49433,0.26826,0.09158,0.10305,0.18562,0.25178,0.32465,0.33044,0.1733,0.049097,0.024732,0.014263,0.0047227,0.0013656,0.00027891,2.6867e-05,1.1862e-06,7.2436e-06,0.00023928,0.002915,0.013064,0.021539,0.013064
0.058604,0.096565,0.058557,0.013065,0.0010724,3.3587e-05,3.4686e-05,0.00051819,0.0041062,0.015998,0.035749,0.07202,0.10263,0.096304,0.19337,0.37834,0.43646,0.40766,0.35694,0.25609,0.19487,0.31338,0.47905,0.48385,0.41021,0.39965,0.37426,0.23985,0.21516,0.36941,0.52696,0.57607,0.44333,0.25937,0.32476,0.49039,0.44048,0.44202,0.47486,0.39952,0.31525,0.31905,0.4907,0.66045,0.58427,0.50147,0.59019,0.74909,0.87426,1.0158,0.98049,0.86694,1.0045,1.4921,1.7864,1.4964,1.0211,0.67601,0.5161,0.49246,0.49246,0.5161,0.67601,1.0211,1.4964,1.7864,1.4921,1.0045,0.86694,0.98049,1.0158,0.87426,0.74909,0.59019,0.50147,0.58427,0.66045,0.4907,0.31905,0.31525,0.39952,0.47486,0.44202,0.44048,0.49039,0.32476,0.25937,0.44333,0.57607,0.52696,0.36941,0.21516,0.23985,0.37426,0.39965,0.41021,0.48385,0.47905,0.31338,0.19487,0.25609,0.35694,0.40766,0.43646,0.37834,0.19337,0.096304,0.10263,0.07202,0.035749,0.015998,0.0041062,0.00051819,3.4686e-05,3.3587e-05,0.0010724,0.013065,0.058557,0.096565,0.058604
0.098301,0.16023,0.096772,0.021559,0.0017692,8.0851e-05,0.00053059,0.0052997,0.029042,0.084937,0.13353,0.1603,0.17781,0.12806,0.1299,0.21417,0.27971,0.32676,0.37945,0.37591,0.3041,0.33151,0.42043,0.57083,0.71387,0.636,0.43032,0.27413,0.22169,0.40415,0.73271,0.83321,0.6025,0.39152,0.49246,0.70367,0.7098,0.80105,0.77425,0.49073,0.32319,0.3825,0.54651,0.68304,0.61002,0.54479,0.68644,0.98761,1.3105,1.5911,1.5552,1.1226,0.93755,1.3678,1.8167,1.6972,1.1839,0.75686,0.55847,0.52094,0.52094,0.55847,0.75686,1.1839,1.6972,1.8167,1.3678,0.93755,1.1226,1.5552,1.5911,1.3105,0.98761,0.68644,0.54479,0.61002,0.68304,0.54651,0.3825,0.32319,0.49073,0.77425,0.80105,0.7098,0.70367,0.49246,0.39152,0.6025,0.83321,0.73271,0.40415,0.22169,0.27413,0.43032,0.636,0.71387,0.57083,0.42043,0.33151,0.3041,0.37591,0.37945,0.32676,0.27971,0.21417,0.1299,0.12806,0.17781,0.1603,0.13353,0.084937,0.029042,0.0052997,0.00053059,8.0851e-05,0.0017692,0.021559,0.096772,0.16023,0.098301
0.08009,0.1096,0.061465,0.013304,0.0010868,0.00031129,0.0042807,0.030826,0.115,0.23171,0.25988,0.19393,0.1458,0.12577,0.13545,0.15599,0.25999,0.4133,0.47358,0.41677,0.31686,0.32583,0.39154,0.62887,0.93243,0.82568,0.5632,0.46052,0.3605,0.53067,0.89091,0.93024,0.79006,0.63296,0.57007,0.63141,0.68819,0.81864,0.7903,0.58657,0.52354,0.62139,0.77506,0.86293,0.69136,0.61525,0.76069,1.0894,1.6095,2.168,2.3511,1.8519,1.4874,1.7109,1.9299,1.6684,1.1267,0.82486,0.80504,0.822,0.822,0.80504,0.82486,1.1267,1.6684,1.9299,1.7109,1.4874,1.8519,2.3511,2.168,1.6095,1.0894,0.76069,0.61525,0.69136,0.86293,0.77506,0.62139,0.52354,0.58657,0.7903,0.81864,0.68819,0.63141,0.57007,0.63296,0.79006,0.93024,0.89091,0.53067,0.3605,0.46052,0.5632,0.82568,0.93243,0.62887,0.39154,0.32583,0.31686,0.41677,0.47358,0.4133,0.25999,0.15599,0.13545,0.12577,0.1458,0.19393,0.25988,0.23171,0.115,0.030826,0.0042807,0.00031129,0.0010868,0.013304,0.061465,0.1096,0.08009
0.1096,0.08009,0.026129,0.0039947,0.00033643,0.0012194,0.015989,0.094505,0.26683,0.38786,0.32727,0.20583,0.11768,0.1264,0.19546,0.27744,0.52261,0.78383,0.74277,0.45735,0.29015,0.34817,0.4096,0.58364,0.86977,0.80452,0.63371,0.60578,0.52422,0.65106,0.87003,0.78825,0.72911,0.65814,0.55321,0.5412,0.58497,0.65178,0.6313,0.60012,0.67366,0.69588,0.85453,1.0287,0.87333,0.93238,1.126,1.2101,1.525,2.047,2.3407,2.2514,2.2464,2.3143,2.1032,1.6097,1.017,0.75295,0.90781,1.0926,1.0926,0.90781,0.75295,1.017,1.6097,2.1032,2.3143,2.2464,2.2514,2.3407,2.047,1.525,1.2101,1.126,0.93238,0.87333,1.0287,0.85453,0.69588,0.67366,0.60012,0.6313,0.65178,0.58497,0.5412,0.55321,0.65814,0.72911,0.78825,0.87003,0.65106,0.52422,0.60578,0.63371,0.80452,0.86977,0.58364,0.4096,0.34817,0.29015,0.45735,0.74277,0.78383,0.52261,0.27744,0.19546,0.1264,0.11768,0.20583,0.32727,0.38786,0.26683,0.094505,0.015989,0.0012194,0.00033643,0.0039947,0.026129,0.08009,0.1096
0.16023,0.098309,0.022664,0.0023,0.0012312,0.0036369,0.025699,0.13458,0.33201,0.40839,0.30803,0.21367,0.11776,0.08623,0.14755,0.30652,0.61729,0.87772,0.8576,0.53454,0.31657,0.36318,0.38361,0.42311,0.59522,0.61209,0.5306,0.52199,0.53205,0.58618,0.59347,0.43969,0.37178,0.36877,0.3972,0.47736,0.55126,0.6644,0.764,0.79327,0.92181,0.93445,1.0435,1.1748,1.079,1.3173,1.5472,1.365,1.3903,1.6999,1.8769,2.1565,2.6031,2.6014,2.1358,1.7407,1.2883,0.86364,0.84191,1.0721,1.0721,0.84191,0.86364,1.2883,1.7407,2.1358,2.6014,2.6031,2.1565,1.8769,1.6999,1.3903,1.365,1.5472,1.3173,1.079,1.1748,1.0435,0.93445,0.92181,0.79327,0.764,0.6644,0.55126,0.47736,0.3972,0.36877,0.37178,0.43969,0.59347,0.58618,0.53205,0.52199,0.5306,0.61209,0.59522,0.42311,0.38361,0.36318,0.31657,0.53454,0.8576,0.87772,0.61729,0.30652,0.14755,0.08623,0.11776,0.21367,0.30803,0.40839,0.33201,0.13458,0.025699,0.0036369,0.0012312,0.0023,0.022664,0.098309,0.16023
0.096585,0.05885,0.014408,0.0057627,0.014202,0.022924,0.028541,0.090608,0.22837,0.28744,0.20364,0.12825,0.067156,0.041536,0.07245,0.17044,0.35217,0.54282,0.66012,0.5506,0.40266,0.42794,0.37447,0.27304,0.35484,0.44974,0.4206,0.47559,0.57191,0.51633,0.38242,0.21817,0.13919,0.22233,0.42741,0.63568,0.79846,0.97955,1.1084,1.0221,1.1156,1.298,1.3949,1.3728,1.2969,1.4899,1.5534,1.2166,1.1412,1.3633,1.5113,1.9455,2.4541,2.3173,1.8362,1.7608,1.707,1.2999,0.9106,0.85236,0.85236,0.9106,1.2999,1.707,1.7608,1.8362,2.3173,2.4541,1.9455,1.5113,1.3633,1.1412,1.2166,1.5534,1.4899,1.2969,1.3728,1.3949,1.298,1.1156,1.0221,1.1084,0.97955,0.79846,0.63568,0.42741,0.22233,0.13919,0.21817,0.38242,0.51633,0.57191,0.47559,0.4206,0.44974,0.35484,0.27304,0.37447,0.42794,0.40266,0.5506,0.66012,0.54282,0.35217,0.17044,0.07245,0.041536,0.067156,0.12825,0.20364,0.28744,0.22837,0.090608,0.028541,0.022924,0.014202,0.0057627,0.014408,0.05885,0.096585
0.021779,0.016012,0.017052,0.034843,0.07163,0.099769,0.06401,0.052388,0.13744,0.20312,0.12912,0.048095,0.028471,0.063379,0.10893,0.11828,0.17885,0.30052,0.41859,0.43055,0.36238,0.35863,0.26518,0.14631,0.20449,0.31826,0.36949,0.62403,0.87947,0.69689,0.39473,0.23728,0.1645,0.2758,0.57672,0.85133,1.031,1.1198,1.1077,0.92413,0.9338,1.2261,1.4572,1.6235,1.7949,1.872,1.6183,1.103,0.99855,1.2736,1.435,1.7083,1.9315,1.7609,1.5458,1.6842,1.7662,1.4979,1.0291,0.74124,0.74124,1.0291,1.4979,1.7662,1.6842,1.5458,1.7609,1.9315,1.7083,1.435,1.2736,0.99855,1.103,1.6183,1.872,1.7949,1.6235,1.4572,1.2261,0.9338,0.92413,1.1077,1.1198,1.031,0.85133,0.57672,0.2758,0.1645,0.23728,0.39473,0.69689,0.87947,0.62403,0.36949,0.31826,0.20449,0.14631,0.26518,0.35863,0.36238,0.43055,0.41859,0.30052,0.17885,0.11828,0.10893,0.063379,0.028471,0.048095,0.12912,0.20312,0.13744,0.052388,0.06401,0.099769,0.07163,0.034843,0.017052,0.016012,0.021779
0.0028404,0.01419,0.060558,0.11809,0.15509,0.17253,0.10236,0.054903,0.11091,0.15587,0.090064,0.022937,0.024239,0.098258,0.17754,0.19402,0.26366,0.35427,0.39018,0.34399,0.23904,0.18375,0.11322,0.06255,0.10399,0.16741,0.25129,0.57844,0.93535,0.79055,0.48196,0.40668,0.33166,0.2879,0.47872,0.73899,0.85208,0.81401,0.70329,0.56297,0.55273,0.82985,1.2298,1.6953,2.0435,1.9643,1.5262,1.1534,1.3069,1.6663,1.601,1.4202,1.3135,1.2209,1.3159,1.4821,1.3108,1.046,0.8822,0.77897,0.77897,0.8822,1.046,1.3108,1.4821,1.3159,1.2209,1.3135,1.4202,1.601,1.6663,1.3069,1.1534,1.5262,1.9643,2.0435,1.6953,1.2298,0.82985,0.55273,0.56297,0.70329,0.81401,0.85208,0.73899,0.47872,0.2879,0.33166,0.40668,0.48196,0.79055,0.93535,0.57844,0.25129,0.16741,0.10399,0.06255,0.11322,0.18375,0.23904,0.34399,0.39018,0.35427,0.26366,0.19402,0.17754,0.098258,0.024239,0.022937,0.090064,0.15587,0.11091,0.054903,0.10236,0.17253,0.15509,0.11809,0.060558,0.01419,0.0028404
0.001822,0.021611,0.097645,0.17227,0.15517,0.11946,0.076855,0.10255,0.22898,0.27355,0.14336,0.031251,0.0156,0.061511,0.13255,0.23261,0.37739,0.4553,0.47586,0.37375,0.21989,0.14963,0.090017,0.080255,0.12576,0.14722,0.18407,0.31246,0.47952,0.43852,0.36697,0.50082,0.51881,0.31237,0.27635,0.43158,0.56563,0.62068,0.48135,0.29652,0.28721,0.55948,1.0086,1.4682,1.7323,1.5643,1.1483,1.1119,1.5544,1.8951,1.6361,1.1453,0.89044,0.85684,0.93498,0.96204,0.7256,0.54543,0.5983,0.65524,0.65524,0.5983,0.54543,0.7256,0.96204,0.93498,0.85684,0.89044,1.1453,1.6361,1.8951,1.5544,1.1119,1.1483,1.5643,1.7323,1.4682,1.0086,0.55948,0.28721,0.29652,0.48135,0.62068,0.56563,0.43158,0.27635,0.31237,0.51881,0.50082,0.36697,0.43852,0.47952,0.31246,0.18407,0.14722,0.12576,0.080255,0.090017,0.14963,0.21989,0.37375,0.47586,0.4553,0.37739,0.23261,0.13255,0.061511,0.0156,0.031251,0.14336,0.27355,0.22898,0.10255,0.076855,0.11946,0.15517,0.17227,0.097645,0.021611,0.001822
0.001092,0.013311,0.059869,0.10126,0.073034,0.039686,0.052562,0.16541,0.36837,0.42061,0.21616,0.045352,0.0066106,0.016052,0.057541,0.187,0.36592,0.44188,0.42341,0.2941,0.19362,0.18028,0.12332,0.12324,0.18497,0.19645,0.19367,0.14929,0.1195,0.10728,0.16327,0.37673,0.49434,0.3294,0.29425,0.42735,0.50677,0.58102,0.44219,0.23227,0.30603,0.60368,0.80182,0.96289,1.1716,1.0843,0.70833,0.68188,1.0457,1.36,1.3324,0.99074,0.74828,0.73743,0.68489,0.67454,0.66743,0.56308,0.46427,0.39155,0.39155,0.46427,0.56308,0.66743,0.67454,0.68489,0.73743,0.74828,0.99074,1.3324,1.36,1.0457,0.68188,0.70833,1.0843,1.1716,0.96289,0.80182,0.60368,0.30603,0.23227,0.44219,0.58102,0.50677,0.42735,0.29425,0.3294,0.49434,0.37673,0.16327,0.10728,0.1195,0.14929,0.19367,0.19645,0.18497,0.12324,0.12332,0.18028,0.19362,0.2941,0.42341,0.44188,0.36592,0.187,0.057541,0.016052,0.0066106,0.045352,0.21616,0.42061,0.36837,0.16541,0.052562,0.039686,0.073034,0.10126,0.059869,0.013311,0.001092
0.00047916,0.0058503,0.026388,0.044423,0.030081,0.023111,0.078465,0.19456,0.29378,0.2778,0.13419,0.0275,0.0024639,0.0025028,0.019575,0.095784,0.23214,0.30713,0.24583,0.12962,0.092673,0.11793,0.10656,0.10732,0.12692,0.12332,0.12374,0.084998,0.034081,0.016352,0.04639,0.15574,0.25123,0.27201,0.443,0.58659,0.45305,0.34162,0.24415,0.19712,0.48728,0.8809,0.79807,0.59021,0.66453,0.63722,0.35364,0.23875,0.39448,0.68909,0.98911,0.97613,0.77437,0.76334,0.73913,0.81203,1.0305,0.96745,0.64038,0.39975,0.39975,0.64038,0.96745,1.0305,0.81203,0.73913,0.76334,0.77437,0.97613,0.98911,0.68909,0.39448,0.23875,0.35364,0.63722,0.66453,0.59021,0.79807,0.8809,0.48728,0.19712,0.24415,0.34162,0.45305,0.58659,0.443,0.27201,0.25123,0.15574,0.04639,0.016352,0.034081,0.084998,0.12374,0.12332,0.12692,0.10732,0.10656,0.11793,0.092673,0.12962,0.24583,0.30713,0.23214,0.095784,0.019575,0.0025028,0.0024639,0.0275,0.13419,0.2778,0.29378,0.19456,0.078465,0.023111,0.030081,0.044423,0.026388,0.0058503,0.00047916
0.0010993,0.013543,0.062538,0.11143,0.083002,0.049287,0.11703,0.23688,0.24074,0.13623,0.043876,0.0071957,0.00053322,0.00033816,0.0042885,0.0275,0.085071,0.12511,0.086388,0.033255,0.032516,0.093924,0.1711,0.17133,0.097381,0.053339,0.084132,0.10998,0.061733,0.01426,0.0086849,0.035163,0.097912,0.24506,0.45214,0.4548,0.24103,0.10236,0.073784,0.16434,0.50533,0.8294,0.67991,0.41843,0.4193,0.38303,0.18701,0.089673,0.17906,0.42529,0.78347,0.96263,0.88007,0.90595,0.87158,0.79514,0.97465,1.0533,0.89952,0.8602,0.8602,0.89952,1.0533,0.97465,0.79514,0.87158,0.90595,0.88007,0.96263,0.78347,0.42529,0.17906,0.089673,0.18701,0.38303,0.4193,0.41843,0.67991,0.8294,0.50533,0.16434,0.073784,0.10236,0.24103,0.4548,0.45214,0.24506,0.097912,0.035163,0.0086849,0.01426,0.061733,0.10998,0.084132,0.053339,0.097381,0.17133,0.1711,0.093924,0.032516,0.033255,0.086388,0.12511,0.085071,0.0275,0.0042885,0.00033816,0.00053322,0.0071957,0.043876,0.13623,0.24074,0.23688,0.11703,0.049287,0.083002,0.11143,0.062538,0.013543,0.0010993
0.0018083,0.022651,0.10968,0.21782,0.19423,0.094951,0.095201,0.19574,0.22165,0.11421,0.024996,0.0022986,9.3878e-05,2.8646e-05,0.0004864,0.0040401,0.015133,0.023757,0.015238,0.0061542,0.024899,0.11989,0.257,0.25707,0.12187,0.046992,0.10036,0.1603,0.096775,0.021646,0.0036843,0.021126,0.11057,0.28412,0.36708,0.2365,0.080502,0.031233,0.051208,0.15136,0.34978,0.45421,0.3543,0.29132,0.36416,0.324,0.1624,0.12848,0.24658,0.37597,0.55669,0.80197,0.97843,1.0825,0.90194,0.59666,0.57303,0.68737,0.89825,1.2416,1.2416,0.89825,0.68737,0.57303,0.59666,0.90194,1.0825,0.97843,0.80197,0.55669,0.37597,0.24658,0.12848,0.1624,0.324,0.36416,0.29132,0.3543,0.45421,0.34978,0.15136,0.051208,0.031233,0.080502,0.2365,0.36708,0.28412,0.11057,0.021126,0.0036843,0.021646,0.096775,0.1603,0.10036,0.046992,0.12187,0.25707,0.257,0.11989,0.024899,0.0061542,0.015238,0.023757,0.015133,0.0040401,0.0004864,2.8646e-05,9.3878e-05,0.0022986,0.024996,0.11421,0.22165,0.19574,0.095201,0.094951,0.19423,0.21782,0.10968,0.022651,0.0018083
0.0013651,0.015905,0.081858,0.19415,0.21822,0.1136,0.048749,0.081937,0.10977,0.061604,0.013376,0.0010947,3.3605e-05,1.2221e-06,2.6885e-05,0.00027226,0.001133,0.0018328,0.001166,0.0013843,0.014196,0.07167,0.15512,0.15516,0.072748,0.027266,0.059716,0.096598,0.058557,0.013152,0.0039675,0.036034,0.17147,0.32916,0.27819,0.11368,0.035452,0.062185,0.11435,0.15012,0.22337,0.24816,0.22731,0.3262,0.42249,0.30203,0.16643,0.24542,0.38645,0.37244,0.45755,0.77418,1.029,1.0678,0.79957,0.49067,0.36792,0.36103,0.559,0.87937,0.87937,0.559,0.36103,0.36792,0.49067,0.79957,1.0678,1.029,0.77418,0.45755,0.37244,0.38645,0.24542,0.16643,0.30203,0.42249,0.3262,0.22731,0.24816,0.22337,0.15012,0.11435,0.062185,0.035452,0.11368,0.27819,0.32916,0.17147,0.036034,0.0039675,0.013152,0.058557,0.096598,0.059716,0.027266,0.072748,0.15516,0.15512,0.07167,0.014196,0.0013843,0.001166,0.0018328,0.001133,0.00027226,2.6885e-05,1.2221e-06,3.3605e-05,0.0010947,0.013376,0.061604,0.10977,0.081937,0.048749,0.1136,0.21822,0.19415,0.081858,0.015905,0.0013651
0.0031867,0.017052,0.047668,0.093154,0.11254,0.062183,0.017298,0.015912,0.022644,0.013304,0.0029347,0.00023987,7.2257e-06,1.7911e-08,5.9312e-07,7.2257e-06,3.2383e-05,5.3391e-05,3.9609e-05,0.00025373,0.0031549,0.015979,0.034604,0.034611,0.016219,0.0060694,0.013311,0.021547,0.013064,0.0030008,0.0030948,0.035109,0.16115,0.28291,0.20008,0.063733,0.030586,0.098505,0.17696,0.19026,0.24052,0.26283,0.26134,0.40136,0.46802,0.28824,0.23178,0.44309,0.57207,0.46111,0.51522,0.78457,0.81663,0.65176,0.46778,0.3548,0.29696,0.29401,0.37947,0.4981,0.4981,0.37947,0.29401,0.29696,0.3548,0.46778,0.65176,0.81663,0.78457,0.51522,0.46111,0.57207,0.44309,0.23178,0.28824,0.46802,0.40136,0.26134,0.26283,0.24052,0.19026,0.17696,0.098505,0.030586,0.063733,0.20008,0.28291,0.16115,0.035109,0.0030948,0.0030008,0.013064,0.021547,0.013311,0.0060694,0.016219,0.034611,0.034604,0.015979,0.0031549,0.00025373,3.9609e-05,5.3391e-05,3.2383e-05,7.2257e-06,5.9312e-07,1.7911e-08,7.2257e-06,0.00023987,0.0029347,0.013304,0.022644,0.015912,0.017298,0.062183,0.11254,0.093154,0.047668,0.017052,0.0031867
0.013091,0.059029,0.10052,0.073383,0.035677,0.014403,0.0032387,0.0013656,0.0018077,0.0010796,0.00023987,1.9659e-05,5.9312e-07,0,0,0,0,0,5.9312e-07,2.0235e-05,0.00025892,0.0013117,0.0028404,0.002841,0.0013313,0.0004982,0.0010926,0.0017687,0.0010724,0.00027889,0.0013643,0.017073,0.084925,0.17773,0.17,0.076707,0.027741,0.061503,0.11942,0.16928,0.23383,0.21179,0.17771,0.28179,0.34281,0.23058,0.28516,0.57137,0.68288,0.55431,0.55063,0.63729,0.46764,0.24459,0.17032,0.17371,0.21967,0.32037,0.35334,0.31259,0.31259,0.35334,0.32037,0.21967,0.17371,0.17032,0.24459,0.46764,0.63729,0.55063,0.55431,0.68288,0.57137,0.28516,0.23058,0.34281,0.28179,0.17771,0.21179,0.23383,0.16928,0.11942,0.061503,0.027741,0.076707,0.17,0.17773,0.084925,0.017073,0.0013643,0.00027889,0.0010724,0.0017687,0.0010926,0.0004982,0.0013313,0.002841,0.0028404,0.0013117,0.00025892,2.0235e-05,5.9312e-07,0,0,0,0,0,5.9312e-07,1.9659e-05,0.00023987,0.0010796,0.0018077,0.0013656,0.0032387,0.014403,0.035677,0.073383,0.10052,0.059029,0.013091
0.021541,0.09656,0.15943,0.097659,0.02334,0.0028483,0.00030049,5.2042e-05,5.3984e-05,3.2383e-05,7.2257e-06,5.9312e-07,1.7911e-08,0,0,0,0,0,1.7911e-08,6.1103e-07,7.8188e-06,3.9609e-05,8.5774e-05,8.5792e-05,4.0202e-05,1.5044e-05,3.2994e-05,5.3409e-05,3.2383e-05,1.5062e-05,0.00031352,0.0049302,0.035716,0.11993,0.17339,0.099966,0.024754,0.015922,0.034923,0.074816,0.11418,0.08953,0.070636,0.12184,0.14964,0.10813,0.17277,0.37859,0.47961,0.4294,0.44318,0.42932,0.24539,0.12573,0.12541,0.11163,0.15887,0.25997,0.23147,0.1349,0.1349,0.23147,0.25997,0.15887,0.11163,0.12541,0.12573,0.24539,0.42932,0.44318,0.4294,0.47961,0.37859,0.17277,0.10813,0.14964,0.12184,0.070636,0.08953,0.11418,0.074816,0.034923,0.015922,0.024754,0.099966,0.17339,0.11993,0.035716,0.0049302,0.00031352,1.5062e-05,3.2383e-05,5.3409e-05,3.2994e-05,1.5044e-05,4.0202e-05,8.5792e-05,8.5774e-05,3.9609e-05,7.8188e-06,6.1103e-07,1.7911e-08,0,0,0,0,0,1.7911e-08,5.9312e-07,7.2257e-06,3.2383e-05,5.3984e-05,5.2042e-05,0.00030049,0.0028483,0.02334,0.097659,0.15943,0.09656,0.021541
0.013064,0.058551,0.09654,0.058583,0.013118,0.0011048,3.9609e-05,5.9312e-07,1.7911e-08,0,0,0,0,0,0,0,0,0,0,0,0,0,0,0,0,0,0,0,0,1.2041e-06,7.2259e-05,0.0015582,0.015241,0.06214,0.098711,0.059056,0.013351,0.0023931,0.0049744,0.017331,0.037255,0.052871,0.092928,0.13769,0.097958,0.039365,0.048199,0.12037,0.17353,0.17512,0.2004,0.18761,0.11354,0.12874,0.18557,0.13621,0.13812,0.19631,0.13284,0.045283,0.045283,0.13284,0.19631,0.13812,0.13621,0.18557,0.12874,0.11354,0.18761,0.2004,0.17512,0.17353,0.12037,0.048199,0.039365,0.097958,0.13769,0.092928,0.052871,0.037255,0.017331,0.0049744,0.0023931,0.013351,0.059056,0.098711,0.06214,0.015241,0.0015582,7.2259e-05,1.2041e-06,0,0,0,0,0,0,0,0,0,0,0,0,0,0,0,0,0,0,0,0,1.7911e-08,5.9312e-07,3.9609e-05,0.0011048,0.013118,0.058583,0.09654,0.058551,0.013064
0.002915,0.013064,0.021539,0.013064,0.002915,0.00023928,7.2257e-06,0,0,0,0,0,0,0,0,0,0,0,0,0,0,0,0,0,0,0,0,0,0,7.2436e-06,0.0002471,0.0031615,0.016012,0.034657,0.034636,0.015987,0.0031627,0.00033095,0.0013729,0.014262,0.0632,0.13232,0.21466,0.27393,0.17289,0.059099,0.021724,0.021232,0.029994,0.032657,0.040086,0.039156,0.043327,0.12058,0.19447,0.13049,0.086023,0.10153,0.061548,0.015793,0.015793,0.061548,0.10153,0.086023,0.13049,0.19447,0.12058,0.043327,0.039156,0.040086,0.032657,0.029994,0.021232,0.021724,0.059099,0.17289,0.27393,0.21466,0.13232,0.0632,0.014262,0.0013729,0.00033095,0.0031627,0.015987,0.034636,0.034657,0.016012,0.0031615,0.0002471,7.2436e-06,0,0,0,0,0,0,0,0,0,0,0,0,0,0,0,0,0,0,0,0,0,0,7.2257e-06,0.00023928,0.002915,0.013064,0.021539,0.013064,0.002915
0.00023928,0.0010724,0.0017681,0.0010724,0.00023928,1.9641e-05,5.9312e-07,0,0,0,0,0,0,0,0,0,0,0,0,0,0,0,0,0,0,0,0,0,0,3.2383e-05,0.001073,0.013084,0.058789,0.097605,0.060318,0.014137,0.0013117,0.00010601,0.0017759,0.021658,0.099434,0.19406,0.25562,0.30339,0.237,0.14432,0.064625,0.014629,0.0032577,0.0025239,0.0032135,0.0049287,0.0258,0.10987,0.18096,0.11252,0.037558,0.023633,0.013219,0.0032018,0.0032018,0.013219,0.023633,0.037558,0.11252,0.18096,0.10987,0.0258,0.0049287,0.0032135,0.0025239,0.0032577,0.014629,0.064625,0.14432,0.237,0.30339,0.25562,0.19406,0.099434,0.021658,0.0017759,0.00010601,0.0013117,0.014137,0.060318,0.097605,0.058789,0.013084,0.001073,3.2383e-05,0,0,0,0,0,0,0,0,0,0,0,0,0,0,0,0,0,0,0,0,0,0,5.9312e-07,1.9641e-05,0.00023928,0.0010724,0.0017681,0.0010724,0.00023928
7.2257e-06,3.2383e-05,5.3391e-05,3.2383e-05,7.2257e-06,5.9312e-07,1.7911e-08,0,0,0,0,0,0,0,0,0,0,0,0,0,0,0,0,0,0,0,0,0,0,5.3391e-05,0.0017681,0.02154,0.09654,0.15919,0.096586,0.021572,0.0017753,8.6367e-05,0.0010724,0.013104,0.059894,0.11364,0.145,0.21123,0.26575,0.23372,0.11092,0.022684,0.0018617,0.00012538,0.00012598,0.0011784,0.013343,0.059631,0.098321,0.059862,0.014376,0.0028601,0.001106,0.00025892,0.00025892,0.001106,0.0028601,0.014376,0.059862,0.098321,0.059631,0.013343,0.0011784,0.00012598,0.00012538,0.0018617,0.022684,0.11092,0.23372,0.26575,0.21123,0.145,0.11364,0.059894,0.013104,0.0010724,8.6367e-05,0.0017753,0.021572,0.096586,0.15919,0.09654,0.02154,0.0017681,5.3391e-05,0,0,0,0,0,0,0,0,0,0,0,0,0,0,0,0,0,0,0,0,0,0,1.7911e-08,5.9312e-07,7.2257e-06,3.2383e-05,5.3391e-05,3.2383e-05,7.2257e-06
0,0,0,0,0,0,0,0,0,0,0,0,0,0,0,0,0,0,0,0,0,0,0,0,0,0,0,0,0,3.2383e-05,0.0010724,0.013064,0.05855,0.096533,0.05855,0.013064,0.0010724,3.9609e-05,0.00023928,0.0029229,0.013377,0.026494,0.049813,0.13582,0.23208,0.19623,0.080349,0.01484,0.0011258,3.2383e-05,7.2436e-06,0.00023987,0.0029223,0.013097,0.021593,0.013104,0.0029547,0.00029327,3.9645e-05,7.8188e-06,7.8188e-06,3.9645e-05,0.00029327,0.0029547,0.013104,0.021593,0.013097,0.0029223,0.00023987,7.2436e-06,3.2383e-05,0.0011258,0.01484,0.080349,0.19623,0.23208,0.13582,0.049813,0.026494,0.013377,0.0029229,0.00023928,3.9609e-05,0.0010724,0.013064,0.05855,0.096533,0.05855,0.013064,0.0010724,3.2383e-05,0,0,0,0,0,0,0,0,0,0,0,0,0,0,0,0,0,0,0,0,0,0,0,0,0,0,0,0,0
