0,0,0,0,0,0,0,0,0,0,0,0,0,0,0,0,0,0.0096452,0.01423,0.018786,0.022193,0.023461,0.022193,0.024636,0.022861,0.02104,0.013461,0.01423,0.013461,0.011394,0.0086309,0.0058501,0,0,0,0,0.0077232,0.011394,0.020893,0.026402,0.030181,0.031232,0.029273,0.024855,0.019118,0.0086309,0.0058501,0,0,0,0,0,0,0,0,0,0,0,0,0,0,0,0,0,0,0,0,0,0,0,0,0,0,0.0058501,0.0086309,0.019118,0.024855,0.029273,0.031232,0.030181,0.026402,0.020893,0.011394,0.0077232,0,0,0,0,0.0058501,0.0086309,0.011394,0.013461,0.01423,0.013461,0.02104,0.022861,0.024636,0.022193,0.023461,0.022193,0.018786,0.01423,0.0096452,0,0,0,0,0,0,0,0,0,0,0,0,0,0,0,0,0
0,0,0,0,0,0,0,0,0,0,0,0,0,0,0,0,0,0.0091239,0.013461,0.017771,0.020994,0.022193,0.020994,0.025494,0.024855,0.024167,0.017771,0.018786,0.017771,0.015043,0.011394,0.0077232,0,0,0,0,0.0091239,0.013461,0.025494,0.032388,0.037236,0.038765,0.036557,0.031232,0.024167,0.011394,0.0077232,0,0,0,0,0,0,0,0,0,0,0,0,0,0,0,0,0,0,0,0,0,0,0,0,0,0,0.0077232,0.011394,0.024167,0.031232,0.036557,0.038765,0.037236,0.032388,0.025494,0.013461,0.0091239,0,0,0,0,0.0077232,0.011394,0.015043,0.017771,0.018786,0.017771,0.024167,0.024855,0.025494,0.020994,0.022193,0.020994,0.017771,0.013461,0.0091239,0,0,0,0,0,0,0,0,0,0,0,0,0,0,0,0,0
0,0,0,0,0,0,0,0,0,0,0,0,0,0,0,0,0,0.0077232,0.011394,0.015043,0.017771,0.018786,0.017771,0.024167,0.024855,0.025494,0.020994,0.022193,0.020994,0.017771,0.013461,0.0091239,0.0039652,0.0058501,0.0077232,0.0091239,0.01929,0.023354,0.035633,0.041504,0.045197,0.043187,0.04098,0.035224,0.027416,0.013461,0.0091239,0,0,0,0,0.0039652,0.0058501,0.0077232,0.0091239,0.0096452,0.0091239,0.0077232,0.0058501,0.0039652,0.0039652,0.0058501,0.0077232,0.0091239,0.0096452,0.0091239,0.0077232,0.0058501,0.0039652,0,0,0,0,0.0091239,0.013461,0.027416,0.035224,0.04098,0.043187,0.045197,0.041504,0.035633,0.023354,0.01929,0.0091239,0.0077232,0.0058501,0.0039652,0.0091239,0.013461,0.017771,0.020994,0.022193,0.020994,0.025494,0.024855,0.024167,0.017771,0.018786,0.017771,0.015043,0.011394,0.0077232,0,0,0,0,0,0,0,0,0,0,0,0,0,0,0,0,0
0,0,0,0,0,0,0,0,0,0,0,0,0,0,0,0,0,0.0058501,0.0086309,0.011394,0.013461,0.01423,0.013461,0.02104,0.022861,0.024636,0.022193,0.023461,0.022193,0.018786,0.01423,0.0096452,0.0058501,0.0086309,0.011394,0.013461,0.023354,0.026922,0.038811,0.043855,0.04683,0.043187,0.041232,0.035654,0.02791,0.01423,0.0096452,0,0,0,0,0.0058501,0.0086309,0.011394,0.013461,0.01423,0.013461,0.011394,0.0086309,0.0058501,0.0058501,0.0086309,0.011394,0.013461,0.01423,0.013461,0.011394,0.0086309,0.0058501,0,0,0,0,0.0096452,0.01423,0.02791,0.035654,0.041232,0.043187,0.04683,0.043855,0.038811,0.026922,0.023354,0.013461,0.011394,0.0086309,0.0058501,0.0096452,0.01423,0.018786,0.022193,0.023461,0.022193,0.024636,0.022861,0.02104,0.013461,0.01423,0.013461,0.011394,0.0086309,0.0058501,0,0,0,0,0,0,0,0,0,0,0,0,0,0,0,0,0
0,0,0,0,0,0,0,0,0,0,0,0,0,0,0,0,0,0.0039652,0.0058501,0.0077232,0.0091239,0.0096452,0.0091239,0.016847,0.019311,0.021736,0.020994,0.022193,0.020994,0.017771,0.013461,0.0091239,0.0077232,0.011394,0.015043,0.017771,0.026509,0.029165,0.03921,0.042626,0.04428,0.038765,0.037236,0.032388,0.025494,0.013461,0.0091239,0,0,0,0,0.0077232,0.011394,0.015043,0.017771,0.018786,0.017771,0.015043,0.011394,0.0077232,0.0077232,0.011394,0.015043,0.017771,0.018786,0.017771,0.015043,0.011394,0.0077232,0,0,0,0,0.0091239,0.013461,0.025494,0.032388,0.037236,0.038765,0.04428,0.042626,0.03921,0.029165,0.026509,0.017771,0.015043,0.011394,0.0077232,0.0091239,0.013461,0.017771,0.020994,0.022193,0.020994,0.021736,0.019311,0.016847,0.0091239,0.0096452,0.0091239,0.0077232,0.0058501,0.0039652,0,0,0,0,0,0,0,0,0,0,0,0,0,0,0,0,0
0,0,0,0,0,0,0,0,0,0,0,0,0,0,0,0,0,0,0,0,0,0,0,0.0077232,0.01536,0.020893,0.025494,0.02791,0.027416,0.024167,0.019118,0.013573,0.013089,0.013461,0.017771,0.020994,0.028043,0.029625,0.036889,0.038316,0.038397,0.031232,0.030181,0.026402,0.020893,0.011394,0.0077232,0,0,0,0,0.0091239,0.013461,0.017771,0.020994,0.022193,0.020994,0.017771,0.013461,0.0091239,0.0091239,0.013461,0.017771,0.020994,0.022193,0.020994,0.017771,0.013461,0.0091239,0,0,0,0,0.0077232,0.011394,0.020893,0.026402,0.030181,0.031232,0.038397,0.038316,0.036889,0.029625,0.028043,0.020994,0.017771,0.013461,0.013089,0.013573,0.019118,0.024167,0.027416,0.02791,0.025494,0.020893,0.01536,0.0077232,0,0,0,0,0,0,0,0,0,0,0,0,0,0,0,0,0,0,0,0,0,0,0
0,0,0,0,0,0,0,0,0,0,0,0,0,0,0,0,0,0,0,0,0,0,0,0.0058501,0.014481,0.020025,0.024855,0.027691,0.027691,0.024855,0.020025,0.014481,0.015495,0.01423,0.018786,0.022193,0.027426,0.028043,0.03236,0.031985,0.030685,0.022585,0.021953,0.019311,0.01536,0.0086309,0.0058501,0,0,0,0,0.0096452,0.01423,0.018786,0.022193,0.023461,0.022193,0.018786,0.01423,0.0096452,0.0096452,0.01423,0.018786,0.022193,0.023461,0.022193,0.018786,0.01423,0.0096452,0,0,0,0,0.0058501,0.0086309,0.01536,0.019311,0.021953,0.022585,0.030685,0.031985,0.03236,0.028043,0.027426,0.022193,0.018786,0.01423,0.015495,0.014481,0.020025,0.024855,0.027691,0.027691,0.024855,0.020025,0.014481,0.0058501,0,0,0,0,0,0,0,0,0,0,0,0,0,0,0,0,0,0,0,0,0,0,0
0,0,0,0,0,0,0,0,0,0,0,0,0.0039652,0.0058501,0.0077232,0.0091239,0.0096452,0.0091239,0.0077232,0.0058501,0.0039652,0,0,0.0039652,0.013573,0.019118,0.024167,0.027416,0.02791,0.025494,0.020893,0.01536,0.016847,0.013461,0.017771,0.020994,0.022193,0.020994,0.021736,0.019311,0.016847,0.0091239,0.0096452,0.0091239,0.0077232,0.0058501,0.0039652,0,0,0,0,0.0091239,0.013461,0.021736,0.026844,0.029917,0.030118,0.027416,0.02655,0.022697,0.022697,0.02655,0.027416,0.030118,0.029917,0.026844,0.021736,0.013461,0.0091239,0,0,0,0,0.0039652,0.0058501,0.0077232,0.0091239,0.0096452,0.0091239,0.016847,0.019311,0.021736,0.020994,0.022193,0.020994,0.017771,0.013461,0.016847,0.01536,0.020893,0.025494,0.02791,0.027416,0.024167,0.019118,0.013573,0.0039652,0,0,0.0039652,0.0058501,0.0077232,0.0091239,0.0096452,0.0091239,0.0077232,0.0058501,0.0039652,0,0,0,0,0,0,0,0,0,0,0,0
0,0,0,0,0,0,0,0,0,0,0,0,0.0058501,0.0086309,0.011394,0.013461,0.01423,0.013461,0.011394,0.0086309,0.0058501,0,0,0,0.0091239,0.013461,0.017771,0.020994,0.022193,0.020994,0.017771,0.013461,0.016847,0.011394,0.015043,0.017771,0.018786,0.017771,0.015043,0.011394,0.0077232,0,0,0,0,0,0,0,0,0,0,0.0077232,0.01536,0.026743,0.034125,0.039305,0.040877,0.038397,0.038429,0.037564,0.037564,0.038429,0.038397,0.040877,0.039305,0.034125,0.026743,0.01536,0.0077232,0,0,0,0,0,0,0,0,0,0,0.0077232,0.011394,0.015043,0.017771,0.018786,0.017771,0.015043,0.011394,0.016847,0.013461,0.017771,0.020994,0.022193,0.020994,0.017771,0.013461,0.0091239,0,0,0,0.0058501,0.0086309,0.011394,0.013461,0.01423,0.013461,0.011394,0.0086309,0.0058501,0,0,0,0,0,0,0,0,0,0,0,0
0,0,0,0,0,0,0,0,0,0,0,0,0.0077232,0.011394,0.015043,0.017771,0.018786,0.017771,0.015043,0.011394,0.0077232,0,0,0,0.0096452,0.01423,0.018786,0.022193,0.023461,0.022193,0.018786,0.01423,0.015495,0.0086309,0.011394,0.013461,0.01423,0.013461,0.011394,0.0086309,0.0058501,0,0.0039652,0.0058501,0.0077232,0.0091239,0.0096452,0.0091239,0.0077232,0.0058501,0.0039652,0.0058501,0.014481,0.027749,0.03625,0.042734,0.045462,0.043642,0.04552,0.046768,0.046768,0.04552,0.043642,0.045462,0.042734,0.03625,0.027749,0.014481,0.0058501,0.0039652,0.0058501,0.0077232,0.0091239,0.0096452,0.0091239,0.0077232,0.0058501,0.0039652,0,0.0058501,0.0086309,0.011394,0.013461,0.01423,0.013461,0.011394,0.0086309,0.015495,0.01423,0.018786,0.022193,0.023461,0.022193,0.018786,0.01423,0.0096452,0,0,0,0.0077232,0.011394,0.015043,0.017771,0.018786,0.017771,0.015043,0.011394,0.0077232,0,0,0,0,0,0,0,0,0,0,0,0
0,0,0,0,0,0,0,0,0,0,0,0,0.0091239,0.013461,0.017771,0.020994,0.022193,0.020994,0.017771,0.013461,0.0091239,0,0,0,0.0091239,0.013461,0.017771,0.020994,0.022193,0.020994,0.017771,0.013461,0.013089,0.0058501,0.0077232,0.0091239,0.0096452,0.0091239,0.0077232,0.0058501,0.0039652,0,0.0058501,0.0086309,0.011394,0.013461,0.01423,0.013461,0.011394,0.0086309,0.0058501,0.0039652,0.013573,0.032207,0.043478,0.05291,0.058028,0.057333,0.0641,0.067888,0.067888,0.0641,0.057333,0.058028,0.05291,0.043478,0.032207,0.013573,0.0039652,0.0058501,0.0086309,0.011394,0.013461,0.01423,0.013461,0.011394,0.0086309,0.0058501,0,0.0039652,0.0058501,0.0077232,0.0091239,0.0096452,0.0091239,0.0077232,0.0058501,0.013089,0.013461,0.017771,0.020994,0.022193,0.020994,0.017771,0.013461,0.0091239,0,0,0,0.0091239,0.013461,0.017771,0.020994,0.022193,0.020994,0.017771,0.013461,0.0091239,0,0,0,0,0,0,0,0,0,0,0,0
0,0,0,0,0,0,0,0,0,0,0,0,0.0096452,0.01423,0.018786,0.022193,0.023461,0.022193,0.018786,0.01423,0.0096452,0,0,0,0.011688,0.017245,0.022766,0.026895,0.028431,0.026895,0.022766,0.017245,0.011688,0,0,0,0,0,0,0,0,0,0.0077232,0.011394,0.015043,0.017771,0.018786,0.017771,0.015043,0.011394,0.0077232,0,0.013089,0.034806,0.048355,0.060299,0.067493,0.067809,0.076644,0.085442,0.085442,0.076644,0.067809,0.067493,0.060299,0.048355,0.034806,0.013089,0,0.0077232,0.011394,0.015043,0.017771,0.018786,0.017771,0.015043,0.011394,0.0077232,0,0,0,0,0,0,0,0,0,0.011688,0.017245,0.022766,0.026895,0.028431,0.026895,0.022766,0.017245,0.011688,0,0,0,0.0096452,0.01423,0.018786,0.022193,0.023461,0.022193,0.018786,0.01423,0.0096452,0,0,0,0,0,0,0,0,0,0,0,0
0,0,0,0,0,0,0,0,0,0,0,0,0.0091239,0.013461,0.017771,0.020994,0.022193,0.020994,0.017771,0.013461,0.0091239,0,0,0,0.0117,0.017262,0.022789,0.026922,0.02846,0.026922,0.022789,0.017262,0.0117,0,0,0,0,0,0,0,0,0,0.0091239,0.017426,0.023621,0.028717,0.031317,0.030639,0.026895,0.021184,0.014974,0.0039652,0.015495,0.039708,0.055036,0.068468,0.076456,0.076634,0.085793,0.096025,0.096025,0.085793,0.076634,0.076456,0.068468,0.055036,0.039708,0.015495,0.0039652,0.014974,0.021184,0.026895,0.030639,0.031317,0.028717,0.023621,0.017426,0.0091239,0,0,0,0,0,0,0,0,0,0.0117,0.017262,0.022789,0.026922,0.02846,0.026922,0.022789,0.017262,0.0117,0,0,0,0.0091239,0.013461,0.017771,0.020994,0.022193,0.020994,0.017771,0.013461,0.0091239,0,0,0,0,0,0,0,0,0,0,0,0
0,0,0,0,0,0,0,0,0,0,0,0,0.0077232,0.011394,0.015043,0.017771,0.018786,0.017771,0.015043,0.011394,0.0077232,0,0,0,0.011688,0.017245,0.026731,0.032745,0.036155,0.036019,0.032411,0.026368,0.019412,0.0058501,0.0039652,0,0,0,0,0,0,0,0.0096452,0.02008,0.027417,0.033588,0.036922,0.040388,0.038097,0.033348,0.0274,0.019461,0.031821,0.057149,0.072643,0.085189,0.088868,0.087468,0.094276,0.10334,0.10334,0.094276,0.087468,0.088868,0.085189,0.072643,0.057149,0.031821,0.019461,0.0274,0.033348,0.038097,0.040388,0.036922,0.033588,0.027417,0.02008,0.0096452,0,0,0,0,0,0,0,0.0039652,0.0058501,0.019412,0.026368,0.032411,0.036019,0.036155,0.032745,0.026731,0.017245,0.011688,0,0,0,0.0077232,0.011394,0.015043,0.017771,0.018786,0.017771,0.015043,0.011394,0.0077232,0,0,0,0,0,0,0,0,0,0,0,0
0,0,0,0,0,0,0,0,0,0,0,0,0.0058501,0.0086309,0.011394,0.013461,0.01423,0.013461,0.011394,0.0086309,0.0058501,0,0,0,0.0091239,0.013461,0.023621,0.029625,0.033588,0.034455,0.032001,0.026922,0.024484,0.014481,0.013573,0.0091239,0.0096452,0.0091239,0.011688,0.0117,0.011688,0.0091239,0.018769,0.030308,0.040854,0.047737,0.051653,0.054754,0.053818,0.049022,0.041703,0.033653,0.042904,0.063139,0.077766,0.089026,0.090095,0.08785,0.092594,0.10059,0.10059,0.092594,0.08785,0.090095,0.089026,0.077766,0.063139,0.042904,0.033653,0.041703,0.049022,0.053818,0.054754,0.051653,0.047737,0.040854,0.030308,0.018769,0.0091239,0.011688,0.0117,0.011688,0.0091239,0.0096452,0.0091239,0.013573,0.014481,0.024484,0.026922,0.032001,0.034455,0.033588,0.029625,0.023621,0.013461,0.0091239,0,0,0,0.0058501,0.0086309,0.011394,0.013461,0.01423,0.013461,0.011394,0.0086309,0.0058501,0,0,0,0,0,0,0,0,0,0,0,0
0,0,0,0,0,0,0,0,0,0,0,0,0.0039652,0.0058501,0.0077232,0.0091239,0.0096452,0.0091239,0.0077232,0.0058501,0.0039652,0,0,0,0.01361,0.02008,0.034233,0.042712,0.048149,0.049088,0.045296,0.037851,0.034503,0.020025,0.019118,0.017426,0.02008,0.021184,0.026368,0.026907,0.026368,0.021184,0.027803,0.037945,0.049713,0.058654,0.064748,0.074238,0.077156,0.074516,0.071162,0.06561,0.071323,0.082883,0.094152,0.10075,0.093303,0.088386,0.088747,0.090885,0.090885,0.088747,0.088386,0.093303,0.10075,0.094152,0.082883,0.071323,0.06561,0.071162,0.074516,0.077156,0.074238,0.064748,0.058654,0.049713,0.037945,0.027803,0.021184,0.026368,0.026907,0.026368,0.021184,0.02008,0.017426,0.019118,0.020025,0.034503,0.037851,0.045296,0.049088,0.048149,0.042712,0.034233,0.02008,0.01361,0,0,0,0.0039652,0.0058501,0.0077232,0.0091239,0.0096452,0.0091239,0.0077232,0.0058501,0.0039652,0,0,0,0,0,0,0,0,0,0,0,0
0,0,0,0,0,0,0,0,0,0,0,0,0,0,0,0,0,0,0,0,0,0,0,0,0.014974,0.022092,0.038289,0.047916,0.054194,0.055449,0.051359,0.043086,0.040468,0.024855,0.024167,0.023621,0.027417,0.029165,0.036227,0.037019,0.036227,0.029165,0.033267,0.041897,0.05424,0.063667,0.070584,0.083128,0.088696,0.09178,0.092672,0.091572,0.095097,0.097077,0.10333,0.10351,0.087848,0.079271,0.0703,0.067961,0.067961,0.0703,0.079271,0.087848,0.10351,0.10333,0.097077,0.095097,0.091572,0.092672,0.09178,0.088696,0.083128,0.070584,0.063667,0.05424,0.041897,0.033267,0.029165,0.036227,0.037019,0.036227,0.029165,0.027417,0.023621,0.024167,0.024855,0.040468,0.043086,0.051359,0.055449,0.054194,0.047916,0.038289,0.022092,0.014974,0,0,0,0,0,0,0,0,0,0,0,0,0,0,0,0,0,0,0,0,0,0,0,0
0,0,0,0,0,0,0,0,0,0,0,0,0,0,0,0,0,0,0,0,0,0,0,0,0.019412,0.028639,0.047454,0.058896,0.066004,0.070824,0.06712,0.058555,0.060411,0.043186,0.048229,0.05538,0.062656,0.065973,0.071158,0.070327,0.065478,0.04961,0.047368,0.047656,0.055802,0.065211,0.072577,0.087451,0.095321,0.10207,0.10656,0.10866,0.10727,0.10186,0.10374,0.09916,0.078114,0.068032,0.056307,0.048788,0.048788,0.056307,0.068032,0.078114,0.09916,0.10374,0.10186,0.10727,0.10866,0.10656,0.10207,0.095321,0.087451,0.072577,0.065211,0.055802,0.047656,0.047368,0.04961,0.065478,0.070327,0.071158,0.065973,0.062656,0.05538,0.048229,0.043186,0.060411,0.058555,0.06712,0.070824,0.066004,0.058896,0.047454,0.028639,0.019412,0,0,0,0,0,0,0,0,0,0,0,0,0,0,0,0,0,0,0,0,0,0,0,0
0,0,0,0,0,0,0,0,0,0,0,0,0,0,0,0,0,0,0,0,0,0,0,0,0.020824,0.030723,0.049684,0.061377,0.068424,0.07476,0.071384,0.063111,0.071517,0.056402,0.066339,0.079777,0.089453,0.093255,0.1002,0.098675,0.095785,0.074964,0.068771,0.063138,0.066318,0.071938,0.075662,0.090037,0.10016,0.11318,0.12543,0.1348,0.13782,0.12891,0.12782,0.12641,0.10864,0.1023,0.088486,0.084532,0.084532,0.088486,0.1023,0.10864,0.12641,0.12782,0.12891,0.13782,0.1348,0.12543,0.11318,0.10016,0.090037,0.075662,0.071938,0.066318,0.063138,0.068771,0.074964,0.095785,0.098675,0.1002,0.093255,0.089453,0.079777,0.066339,0.056402,0.071517,0.063111,0.071384,0.07476,0.068424,0.061377,0.049684,0.030723,0.020824,0,0,0,0,0,0,0,0,0,0,0,0,0,0,0,0,0,0,0,0,0,0,0,0
0,0,0,0,0,0,0,0,0,0,0,0,0,0,0,0,0,0,0,0,0,0,0,0,0.021334,0.031474,0.049276,0.060483,0.066935,0.074582,0.071733,0.064288,0.076845,0.063667,0.077426,0.096032,0.10727,0.11155,0.11793,0.1156,0.11272,0.088309,0.081165,0.0751,0.076645,0.082361,0.085511,0.098912,0.10834,0.1225,0.1362,0.14907,0.16043,0.15675,0.15948,0.16723,0.15884,0.15607,0.1411,0.14334,0.14334,0.1411,0.15607,0.15884,0.16723,0.15948,0.15675,0.16043,0.14907,0.1362,0.1225,0.10834,0.098912,0.085511,0.082361,0.076645,0.0751,0.081165,0.088309,0.11272,0.1156,0.11793,0.11155,0.10727,0.096032,0.077426,0.063667,0.076845,0.064288,0.071733,0.074582,0.066935,0.060483,0.049276,0.031474,0.021334,0,0,0,0,0,0,0,0,0,0,0,0,0,0,0,0,0,0,0,0,0,0,0,0
0,0,0,0,0,0,0,0,0,0,0,0,0,0,0,0,0,0,0,0,0,0,0,0,0.018248,0.026922,0.045357,0.056469,0.063504,0.073697,0.072878,0.067278,0.08293,0.076889,0.09364,0.11374,0.13101,0.13769,0.14433,0.14127,0.13763,0.10903,0.096384,0.087226,0.084165,0.084533,0.089853,0.10258,0.1125,0.13255,0.14976,0.16572,0.18034,0.18024,0.18212,0.19109,0.18959,0.18941,0.17401,0.18061,0.18061,0.17401,0.18941,0.18959,0.19109,0.18212,0.18024,0.18034,0.16572,0.14976,0.13255,0.1125,0.10258,0.089853,0.084533,0.084165,0.087226,0.096384,0.10903,0.13763,0.14127,0.14433,0.13769,0.13101,0.11374,0.09364,0.076889,0.08293,0.067278,0.072878,0.073697,0.063504,0.056469,0.045357,0.026922,0.018248,0,0,0,0,0,0,0,0,0,0,0,0,0,0,0,0,0,0,0,0,0,0,0,0
0,0,0,0,0,0,0,0,0,0,0,0,0,0,0,0,0,0,0,0.0039652,0.0058501,0.0077232,0.0091239,0.0096452,0.026492,0.033348,0.049494,0.058411,0.061365,0.072194,0.075899,0.072845,0.091022,0.089238,0.10788,0.12755,0.14556,0.15103,0.15517,0.14771,0.14849,0.12114,0.10858,0.098295,0.091822,0.087278,0.090527,0.098772,0.10598,0.12437,0.14323,0.16185,0.18516,0.19229,0.2009,0.21735,0.22704,0.23557,0.22416,0.23872,0.23872,0.22416,0.23557,0.22704,0.21735,0.2009,0.19229,0.18516,0.16185,0.14323,0.12437,0.10598,0.098772,0.090527,0.087278,0.091822,0.098295,0.10858,0.12114,0.14849,0.14771,0.15517,0.15103,0.14556,0.12755,0.10788,0.089238,0.091022,0.072845,0.075899,0.072194,0.061365,0.058411,0.049494,0.033348,0.026492,0.0096452,0.0091239,0.0077232,0.0058501,0.0039652,0,0,0,0,0,0,0,0,0,0,0,0,0,0,0,0,0,0,0
0,0,0,0,0,0,0,0,0,0,0,0,0,0,0,0,0,0.0039652,0.0058501,0.013573,0.017755,0.02104,0.022585,0.021953,0.034285,0.037451,0.04552,0.051699,0.051466,0.06135,0.067263,0.066265,0.08514,0.088313,0.11171,0.13287,0.15324,0.15953,0.16681,0.16279,0.16844,0.145,0.13625,0.12708,0.11977,0.11068,0.11109,0.10762,0.10599,0.11925,0.13385,0.14569,0.171,0.18412,0.20115,0.22487,0.2477,0.26753,0.26284,0.2856,0.2856,0.26284,0.26753,0.2477,0.22487,0.20115,0.18412,0.171,0.14569,0.13385,0.11925,0.10599,0.10762,0.11109,0.11068,0.11977,0.12708,0.13625,0.145,0.16844,0.16279,0.16681,0.15953,0.15324,0.13287,0.11171,0.088313,0.08514,0.066265,0.067263,0.06135,0.051466,0.051699,0.04552,0.037451,0.034285,0.021953,0.022585,0.02104,0.017755,0.013573,0.0058501,0.0039652,0,0,0,0,0,0,0,0,0,0,0,0,0,0,0,0,0
0,0,0,0,0,0,0,0,0,0.0039652,0.0058501,0.0077232,0.0091239,0.0096452,0.0091239,0.0077232,0.0058501,0.0098153,0.0086309,0.019118,0.024855,0.029273,0.031232,0.030181,0.03809,0.038137,0.043284,0.048079,0.046202,0.055612,0.064077,0.064676,0.079121,0.083997,0.10553,0.12106,0.14122,0.14753,0.15419,0.15123,0.16048,0.14361,0.13714,0.13088,0.12232,0.11035,0.10969,0.1033,0.097162,0.10713,0.11963,0.13076,0.15767,0.17705,0.19887,0.22866,0.26208,0.29143,0.29378,0.32146,0.32146,0.29378,0.29143,0.26208,0.22866,0.19887,0.17705,0.15767,0.13076,0.11963,0.10713,0.097162,0.1033,0.10969,0.11035,0.12232,0.13088,0.13714,0.14361,0.16048,0.15123,0.15419,0.14753,0.14122,0.12106,0.10553,0.083997,0.079121,0.064676,0.064077,0.055612,0.046202,0.048079,0.043284,0.038137,0.03809,0.030181,0.031232,0.029273,0.024855,0.019118,0.0086309,0.0098153,0.0058501,0.0077232,0.0091239,0.0096452,0.0091239,0.0077232,0.0058501,0.0039652,0,0,0,0,0,0,0,0,0
0,0,0,0,0,0,0,0,0,0.0058501,0.0086309,0.011394,0.013461,0.01423,0.013461,0.011394,0.0086309,0.013573,0.011394,0.024167,0.031232,0.036557,0.038765,0.037236,0.038238,0.034125,0.0345,0.036815,0.033016,0.041504,0.05261,0.05568,0.069442,0.079124,0.09954,0.10828,0.12632,0.13086,0.13846,0.13698,0.14949,0.1387,0.13687,0.13369,0.12699,0.11214,0.10908,0.094496,0.083065,0.087735,0.093891,0.10078,0.12508,0.15034,0.17786,0.212,0.25387,0.29045,0.30234,0.33379,0.33379,0.30234,0.29045,0.25387,0.212,0.17786,0.15034,0.12508,0.10078,0.093891,0.087735,0.083065,0.094496,0.10908,0.11214,0.12699,0.13369,0.13687,0.1387,0.14949,0.13698,0.13846,0.13086,0.12632,0.10828,0.09954,0.079124,0.069442,0.05568,0.05261,0.041504,0.033016,0.036815,0.0345,0.034125,0.038238,0.037236,0.038765,0.036557,0.031232,0.024167,0.011394,0.013573,0.0086309,0.011394,0.013461,0.01423,0.013461,0.011394,0.0086309,0.0058501,0,0,0,0,0,0,0,0,0
0.0096452,0.0091239,0.0077232,0.0058501,0.0039652,0,0,0,0,0.0077232,0.011394,0.015043,0.021736,0.024636,0.025494,0.028132,0.02689,0.033694,0.030308,0.042911,0.048313,0.048703,0.049037,0.045197,0.039619,0.03376,0.031077,0.03223,0.027416,0.034083,0.045412,0.052762,0.065312,0.076628,0.096501,0.10319,0.1191,0.122,0.12931,0.12819,0.13821,0.13224,0.13343,0.13091,0.12614,0.11155,0.1077,0.091076,0.077439,0.079831,0.084114,0.091524,0.11335,0.13868,0.1685,0.20541,0.25144,0.29218,0.30906,0.33788,0.33788,0.30906,0.29218,0.25144,0.20541,0.1685,0.13868,0.11335,0.091524,0.084114,0.079831,0.077439,0.091076,0.1077,0.11155,0.12614,0.13091,0.13343,0.13224,0.13821,0.12819,0.12931,0.122,0.1191,0.10319,0.096501,0.076628,0.065312,0.052762,0.045412,0.034083,0.027416,0.03223,0.031077,0.03376,0.039619,0.045197,0.049037,0.048703,0.048313,0.042911,0.030308,0.033694,0.02689,0.028132,0.025494,0.024636,0.021736,0.015043,0.011394,0.0077232,0,0,0,0,0.0039652,0.0058501,0.0077232,0.0091239,0.0096452
0.01423,0.013461,0.011394,0.0086309,0.0058501,0,0,0,0,0.0091239,0.013461,0.017771,0.026844,0.030824,0.032388,0.037082,0.036322,0.043624,0.039085,0.050771,0.054965,0.052627,0.051818,0.04683,0.035224,0.027416,0.021184,0.020518,0.015043,0.017771,0.02791,0.037082,0.04541,0.057356,0.07214,0.073621,0.085158,0.086353,0.095363,0.1004,0.11261,0.12479,0.13595,0.14146,0.14305,0.13355,0.12793,0.10787,0.087053,0.086233,0.085151,0.0927,0.11102,0.13434,0.1598,0.19464,0.23759,0.27562,0.29206,0.31279,0.31279,0.29206,0.27562,0.23759,0.19464,0.1598,0.13434,0.11102,0.0927,0.085151,0.086233,0.087053,0.10787,0.12793,0.13355,0.14305,0.14146,0.13595,0.12479,0.11261,0.1004,0.095363,0.086353,0.085158,0.073621,0.07214,0.057356,0.04541,0.037082,0.02791,0.017771,0.015043,0.020518,0.021184,0.027416,0.035224,0.04683,0.051818,0.052627,0.054965,0.050771,0.039085,0.043624,0.036322,0.037082,0.032388,0.030824,0.026844,0.017771,0.013461,0.0091239,0,0,0,0,0.0058501,0.0086309,0.011394,0.013461,0.01423
0.018786,0.017771,0.015043,0.011394,0.0077232,0,0,0,0,0.0096452,0.01423,0.018786,0.029917,0.034856,0.037236,0.04428,0.044411,0.051583,0.046275,0.055675,0.057883,0.056244,0.056009,0.052004,0.040356,0.033812,0.026368,0.024077,0.017245,0.017426,0.021953,0.032579,0.037832,0.047295,0.060162,0.061413,0.069896,0.070292,0.07529,0.082007,0.088218,0.10999,0.12445,0.13176,0.13653,0.13307,0.1281,0.10754,0.086551,0.083964,0.076263,0.084701,0.097472,0.1216,0.14735,0.18165,0.22397,0.26,0.28366,0.29787,0.29787,0.28366,0.26,0.22397,0.18165,0.14735,0.1216,0.097472,0.084701,0.076263,0.083964,0.086551,0.10754,0.1281,0.13307,0.13653,0.13176,0.12445,0.10999,0.088218,0.082007,0.07529,0.070292,0.069896,0.061413,0.060162,0.047295,0.037832,0.032579,0.021953,0.017426,0.017245,0.024077,0.026368,0.033812,0.040356,0.052004,0.056009,0.056244,0.057883,0.055675,0.046275,0.051583,0.044411,0.04428,0.037236,0.034856,0.029917,0.018786,0.01423,0.0096452,0,0,0,0,0.0077232,0.011394,0.015043,0.017771,0.018786
0.022193,0.020994,0.017771,0.013461,0.0091239,0,0,0,0,0.0091239,0.013461,0.017771,0.034083,0.041504,0.046488,0.057013,0.05876,0.064736,0.057883,0.062397,0.06445,0.059652,0.065012,0.064765,0.055685,0.051595,0.043425,0.038069,0.028043,0.020824,0.019461,0.026879,0.032579,0.041047,0.052762,0.054772,0.06052,0.059668,0.062668,0.070583,0.07422,0.10227,0.12428,0.13338,0.14055,0.14136,0.1347,0.11335,0.09138,0.088171,0.077533,0.087606,0.097819,0.11763,0.14063,0.17252,0.21118,0.24736,0.27197,0.27957,0.27957,0.27197,0.24736,0.21118,0.17252,0.14063,0.11763,0.097819,0.087606,0.077533,0.088171,0.09138,0.11335,0.1347,0.14136,0.14055,0.13338,0.12428,0.10227,0.07422,0.070583,0.062668,0.059668,0.06052,0.054772,0.052762,0.041047,0.032579,0.026879,0.019461,0.020824,0.028043,0.038069,0.043425,0.051595,0.055685,0.064765,0.065012,0.059652,0.06445,0.062397,0.057883,0.064736,0.05876,0.057013,0.046488,0.041504,0.034083,0.017771,0.013461,0.0091239,0,0,0,0,0.0091239,0.013461,0.017771,0.020994,0.022193
0.023461,0.022193,0.018786,0.01423,0.0096452,0,0,0,0,0.0077232,0.011394,0.015043,0.033266,0.041647,0.047952,0.060342,0.063315,0.068014,0.061005,0.061682,0.06285,0.057093,0.065454,0.067819,0.06115,0.059281,0.049245,0.0411,0.028639,0.016354,0.0098153,0.015495,0.021953,0.02791,0.037689,0.041216,0.041311,0.038097,0.038275,0.046711,0.048846,0.083078,0.11227,0.12685,0.14201,0.15199,0.14507,0.12919,0.10928,0.10728,0.093788,0.1065,0.11729,0.13575,0.1583,0.19297,0.22766,0.26133,0.2856,0.2913,0.2913,0.2856,0.26133,0.22766,0.19297,0.1583,0.13575,0.11729,0.1065,0.093788,0.10728,0.10928,0.12919,0.14507,0.15199,0.14201,0.12685,0.11227,0.083078,0.048846,0.046711,0.038275,0.038097,0.041311,0.041216,0.037689,0.02791,0.021953,0.015495,0.0098153,0.016354,0.028639,0.0411,0.049245,0.059281,0.06115,0.067819,0.065454,0.057093,0.06285,0.061682,0.061005,0.068014,0.063315,0.060342,0.047952,0.041647,0.033266,0.015043,0.011394,0.0077232,0,0,0,0,0.0096452,0.01423,0.018786,0.022193,0.023461
0.022193,0.020994,0.017771,0.013461,0.0091239,0,0,0,0,0.0058501,0.0086309,0.011394,0.030308,0.039085,0.05024,0.065133,0.070795,0.075475,0.069303,0.063896,0.062412,0.053785,0.062777,0.063784,0.060673,0.061701,0.054823,0.046936,0.036227,0.020518,0.0077232,0.0091239,0.013461,0.017771,0.024959,0.028043,0.028717,0.026895,0.031037,0.043558,0.04325,0.079022,0.10818,0.12394,0.14076,0.1525,0.14745,0.13791,0.12471,0.13013,0.11737,0.13253,0.14295,0.15803,0.1746,0.20323,0.22772,0.25419,0.27383,0.27701,0.27701,0.27383,0.25419,0.22772,0.20323,0.1746,0.15803,0.14295,0.13253,0.11737,0.13013,0.12471,0.13791,0.14745,0.1525,0.14076,0.12394,0.10818,0.079022,0.04325,0.043558,0.031037,0.026895,0.028717,0.028043,0.024959,0.017771,0.013461,0.0091239,0.0077232,0.020518,0.036227,0.046936,0.054823,0.061701,0.060673,0.063784,0.062777,0.053785,0.062412,0.063896,0.069303,0.075475,0.070795,0.065133,0.05024,0.039085,0.030308,0.011394,0.0086309,0.0058501,0,0,0,0,0.0091239,0.013461,0.017771,0.020994,0.022193
0.018786,0.017771,0.015043,0.011394,0.0077232,0,0,0,0,0.0039652,0.0058501,0.0077232,0.025971,0.0345,0.047788,0.062842,0.069618,0.071234,0.064815,0.057102,0.055137,0.04678,0.058369,0.060964,0.062158,0.065449,0.062158,0.053241,0.041125,0.023106,0.0091239,0.0077232,0.011394,0.015043,0.017771,0.018786,0.017771,0.015043,0.02121,0.031328,0.032579,0.068249,0.095145,0.11257,0.13375,0.15143,0.15173,0.15041,0.14714,0.1562,0.14394,0.15834,0.16386,0.1686,0.17694,0.19907,0.21399,0.2344,0.24911,0.25061,0.25061,0.24911,0.2344,0.21399,0.19907,0.17694,0.1686,0.16386,0.15834,0.14394,0.1562,0.14714,0.15041,0.15173,0.15143,0.13375,0.11257,0.095145,0.068249,0.032579,0.031328,0.02121,0.015043,0.017771,0.018786,0.017771,0.015043,0.011394,0.0077232,0.0091239,0.023106,0.041125,0.053241,0.062158,0.065449,0.062158,0.060964,0.058369,0.04678,0.055137,0.057102,0.064815,0.071234,0.069618,0.062842,0.047788,0.0345,0.025971,0.0077232,0.0058501,0.0039652,0,0,0,0,0.0077232,0.011394,0.015043,0.017771,0.018786
0.01423,0.013461,0.011394,0.0086309,0.0058501,0,0,0,0,0,0,0,0.015495,0.022861,0.037904,0.052899,0.061365,0.06482,0.062428,0.058827,0.059494,0.053866,0.06737,0.069689,0.072365,0.078268,0.074942,0.069848,0.056866,0.040722,0.031858,0.029069,0.031328,0.032207,0.028956,0.027319,0.021184,0.017245,0.026169,0.033599,0.037832,0.070845,0.096682,0.1121,0.1345,0.15269,0.15812,0.16136,0.16439,0.18061,0.17189,0.1834,0.18516,0.18034,0.18269,0.19478,0.20132,0.21914,0.2276,0.22969,0.22969,0.2276,0.21914,0.20132,0.19478,0.18269,0.18034,0.18516,0.1834,0.17189,0.18061,0.16439,0.16136,0.15812,0.15269,0.1345,0.1121,0.096682,0.070845,0.037832,0.033599,0.026169,0.017245,0.021184,0.027319,0.028956,0.032207,0.031328,0.029069,0.031858,0.040722,0.056866,0.069848,0.074942,0.078268,0.072365,0.069689,0.06737,0.053866,0.059494,0.058827,0.062428,0.06482,0.061365,0.052899,0.037904,0.022861,0.015495,0,0,0,0,0,0,0,0.0058501,0.0086309,0.011394,0.013461,0.01423
0.0096452,0.0091239,0.0077232,0.0058501,0.0039652,0,0,0,0,0,0,0,0.013089,0.019311,0.034618,0.047544,0.05546,0.058835,0.056811,0.0558,0.057739,0.053763,0.066724,0.067693,0.071196,0.078019,0.074997,0.076558,0.066231,0.054532,0.05102,0.047866,0.04846,0.046152,0.037835,0.032921,0.020518,0.016354,0.028547,0.034671,0.041445,0.073548,0.098071,0.11201,0.13523,0.15333,0.16119,0.1662,0.17257,0.1907,0.18121,0.18857,0.18625,0.17055,0.16595,0.1708,0.17195,0.18802,0.19101,0.19412,0.19412,0.19101,0.18802,0.17195,0.1708,0.16595,0.17055,0.18625,0.18857,0.18121,0.1907,0.17257,0.1662,0.16119,0.15333,0.13523,0.11201,0.098071,0.073548,0.041445,0.034671,0.028547,0.016354,0.020518,0.032921,0.037835,0.046152,0.04846,0.047866,0.05102,0.054532,0.066231,0.076558,0.074997,0.078019,0.071196,0.067693,0.066724,0.053763,0.057739,0.0558,0.056811,0.058835,0.05546,0.047544,0.034618,0.019311,0.013089,0,0,0,0,0,0,0,0.0039652,0.0058501,0.0077232,0.0091239,0.0096452
0,0,0.0039652,0.0058501,0.0077232,0.0091239,0.0096452,0.0091239,0.0077232,0.0058501,0.0039652,0,0.0077232,0.011394,0.024688,0.032001,0.037572,0.039964,0.038504,0.041311,0.045627,0.046517,0.062778,0.065196,0.072784,0.081662,0.079724,0.086023,0.076916,0.068318,0.068415,0.059453,0.057669,0.051931,0.038812,0.031344,0.015043,0.011394,0.026492,0.031656,0.042407,0.070541,0.091464,0.10246,0.12414,0.14095,0.15115,0.15762,0.16709,0.18466,0.17954,0.18154,0.17562,0.15462,0.1488,0.15206,0.15496,0.17575,0.18169,0.18528,0.18528,0.18169,0.17575,0.15496,0.15206,0.1488,0.15462,0.17562,0.18154,0.17954,0.18466,0.16709,0.15762,0.15115,0.14095,0.12414,0.10246,0.091464,0.070541,0.042407,0.031656,0.026492,0.011394,0.015043,0.031344,0.038812,0.051931,0.057669,0.059453,0.068415,0.068318,0.076916,0.086023,0.079724,0.081662,0.072784,0.065196,0.062778,0.046517,0.045627,0.041311,0.038504,0.039964,0.037572,0.032001,0.024688,0.011394,0.0077232,0,0.0039652,0.0058501,0.0077232,0.0091239,0.0096452,0.0091239,0.0077232,0.0058501,0.0039652,0,0
0,0,0.0058501,0.0086309,0.011394,0.013461,0.01423,0.013461,0.011394,0.0086309,0.0058501,0,0.0058501,0.0086309,0.020518,0.026922,0.032001,0.034455,0.033588,0.038749,0.042932,0.043828,0.059063,0.060639,0.067137,0.076923,0.0759,0.087018,0.080338,0.076234,0.080583,0.072211,0.069997,0.062932,0.047049,0.037841,0.017771,0.013461,0.027893,0.027691,0.036557,0.054876,0.068749,0.074584,0.092215,0.10485,0.12104,0.13114,0.14739,0.16937,0.1709,0.17193,0.16429,0.14069,0.13364,0.13298,0.14019,0.16306,0.16925,0.17563,0.17563,0.16925,0.16306,0.14019,0.13298,0.13364,0.14069,0.16429,0.17193,0.1709,0.16937,0.14739,0.13114,0.12104,0.10485,0.092215,0.074584,0.068749,0.054876,0.036557,0.027691,0.027893,0.013461,0.017771,0.037841,0.047049,0.062932,0.069997,0.072211,0.080583,0.076234,0.080338,0.087018,0.0759,0.076923,0.067137,0.060639,0.059063,0.043828,0.042932,0.038749,0.033588,0.034455,0.032001,0.026922,0.020518,0.0086309,0.0058501,0,0.0058501,0.0086309,0.011394,0.013461,0.01423,0.013461,0.011394,0.0086309,0.0058501,0,0
0,0,0.0077232,0.011394,0.015043,0.017771,0.018786,0.017771,0.015043,0.011394,0.0077232,0,0.0039652,0.0058501,0.015446,0.020518,0.024688,0.026895,0.026509,0.033266,0.037203,0.036031,0.049328,0.04983,0.054605,0.06445,0.064614,0.079946,0.076615,0.077263,0.086714,0.078671,0.076203,0.068396,0.051152,0.040962,0.018786,0.01423,0.026492,0.024855,0.032814,0.051854,0.064256,0.070109,0.085629,0.097033,0.11473,0.12328,0.13862,0.15902,0.16135,0.16716,0.16586,0.1443,0.13534,0.1304,0.13552,0.1495,0.14662,0.14962,0.14962,0.14662,0.1495,0.13552,0.1304,0.13534,0.1443,0.16586,0.16716,0.16135,0.15902,0.13862,0.12328,0.11473,0.097033,0.085629,0.070109,0.064256,0.051854,0.032814,0.024855,0.026492,0.01423,0.018786,0.040962,0.051152,0.068396,0.076203,0.078671,0.086714,0.077263,0.076615,0.079946,0.064614,0.06445,0.054605,0.04983,0.049328,0.036031,0.037203,0.033266,0.026509,0.026895,0.024688,0.020518,0.015446,0.0058501,0.0039652,0,0.0077232,0.011394,0.015043,0.017771,0.018786,0.017771,0.015043,0.011394,0.0077232,0,0
0,0,0.0091239,0.013461,0.017771,0.020994,0.022193,0.020994,0.017771,0.013461,0.0091239,0,0,0,0.0058501,0.0086309,0.01536,0.019311,0.021953,0.031709,0.0345,0.035526,0.047656,0.047354,0.050453,0.057013,0.05876,0.075782,0.074179,0.078062,0.086394,0.076886,0.074419,0.066675,0.049884,0.039763,0.017771,0.017426,0.028547,0.027749,0.035561,0.056372,0.065001,0.069136,0.07963,0.086649,0.10024,0.10679,0.12221,0.14078,0.14393,0.15319,0.15508,0.13801,0.13298,0.13018,0.14129,0.15708,0.15783,0.16232,0.16232,0.15783,0.15708,0.14129,0.13018,0.13298,0.13801,0.15508,0.15319,0.14393,0.14078,0.12221,0.10679,0.10024,0.086649,0.07963,0.069136,0.065001,0.056372,0.035561,0.027749,0.028547,0.017426,0.017771,0.039763,0.049884,0.066675,0.074419,0.076886,0.086394,0.078062,0.074179,0.075782,0.05876,0.057013,0.050453,0.047354,0.047656,0.035526,0.0345,0.031709,0.021953,0.019311,0.01536,0.0086309,0.0058501,0,0,0,0.0091239,0.013461,0.017771,0.020994,0.022193,0.020994,0.017771,0.013461,0.0091239,0,0
0,0,0.0096452,0.01423,0.018786,0.022193,0.023461,0.022193,0.018786,0.01423,0.0096452,0,0,0,0.0039652,0.0058501,0.017539,0.023605,0.028763,0.039432,0.042993,0.043478,0.056349,0.056128,0.057767,0.05842,0.06048,0.075267,0.072807,0.074461,0.079754,0.067417,0.065202,0.058308,0.043642,0.034618,0.015043,0.017245,0.026169,0.025875,0.032579,0.053662,0.062191,0.066793,0.072364,0.075792,0.085453,0.08649,0.098933,0.11014,0.11104,0.1232,0.13088,0.12362,0.12728,0.12938,0.14763,0.16537,0.17043,0.17489,0.17489,0.17043,0.16537,0.14763,0.12938,0.12728,0.12362,0.13088,0.1232,0.11104,0.11014,0.098933,0.08649,0.085453,0.075792,0.072364,0.066793,0.062191,0.053662,0.032579,0.025875,0.026169,0.017245,0.015043,0.034618,0.043642,0.058308,0.065202,0.067417,0.079754,0.074461,0.072807,0.075267,0.06048,0.05842,0.057767,0.056128,0.056349,0.043478,0.042993,0.039432,0.028763,0.023605,0.017539,0.0058501,0.0039652,0,0,0,0.0096452,0.01423,0.018786,0.022193,0.023461,0.022193,0.018786,0.01423,0.0096452,0,0
0,0,0.0091239,0.013461,0.017771,0.020994,0.022193,0.020994,0.017771,0.013461,0.0091239,0,0,0,0,0,0.013573,0.020025,0.026437,0.037082,0.041647,0.042626,0.060711,0.064961,0.067571,0.065133,0.067886,0.078707,0.074023,0.071373,0.071355,0.053041,0.055222,0.051598,0.041978,0.036158,0.025005,0.031328,0.036656,0.039832,0.044955,0.061605,0.069119,0.072476,0.074937,0.072091,0.077649,0.076487,0.086894,0.096432,0.097787,0.11332,0.12565,0.1234,0.13226,0.13472,0.15256,0.16495,0.16981,0.17417,0.17417,0.16981,0.16495,0.15256,0.13472,0.13226,0.1234,0.12565,0.11332,0.097787,0.096432,0.086894,0.076487,0.077649,0.072091,0.074937,0.072476,0.069119,0.061605,0.044955,0.039832,0.036656,0.031328,0.025005,0.036158,0.041978,0.051598,0.055222,0.053041,0.071355,0.071373,0.074023,0.078707,0.067886,0.065133,0.067571,0.064961,0.060711,0.042626,0.041647,0.037082,0.026437,0.020025,0.013573,0,0,0,0,0,0.0091239,0.013461,0.017771,0.020994,0.022193,0.020994,0.017771,0.013461,0.0091239,0,0
0,0,0.0077232,0.011394,0.015043,0.017771,0.018786,0.017771,0.015043,0.011394,0.0077232,0.0039652,0.0058501,0.0077232,0.0091239,0.0096452,0.025971,0.032579,0.038664,0.046695,0.04683,0.046488,0.064635,0.067987,0.070179,0.063914,0.06691,0.07373,0.067813,0.062249,0.058371,0.037448,0.042008,0.040838,0.035521,0.0324,0.027803,0.041031,0.05003,0.059286,0.066552,0.081313,0.087479,0.091625,0.08785,0.075748,0.070463,0.064987,0.072974,0.080162,0.081443,0.10643,0.12293,0.13084,0.15122,0.15966,0.17958,0.19407,0.20028,0.20397,0.20397,0.20028,0.19407,0.17958,0.15966,0.15122,0.13084,0.12293,0.10643,0.081443,0.080162,0.072974,0.064987,0.070463,0.075748,0.08785,0.091625,0.087479,0.081313,0.066552,0.059286,0.05003,0.041031,0.027803,0.0324,0.035521,0.040838,0.042008,0.037448,0.058371,0.062249,0.067813,0.07373,0.06691,0.063914,0.070179,0.067987,0.064635,0.046488,0.04683,0.046695,0.038664,0.032579,0.025971,0.0096452,0.0091239,0.0077232,0.0058501,0.0039652,0.0077232,0.011394,0.015043,0.017771,0.018786,0.017771,0.015043,0.011394,0.0077232,0,0
0,0,0.0058501,0.0086309,0.011394,0.013461,0.01423,0.013461,0.011394,0.0086309,0.0058501,0.0058501,0.0086309,0.011394,0.013461,0.01423,0.03223,0.039085,0.045188,0.049037,0.045654,0.043187,0.059776,0.061946,0.063993,0.053425,0.056477,0.05739,0.051074,0.041978,0.036308,0.015495,0.02457,0.028242,0.030538,0.03086,0.034233,0.050511,0.062762,0.0757,0.084953,0.097055,0.10201,0.10517,0.098498,0.082402,0.068547,0.058842,0.064662,0.06711,0.066081,0.091841,0.10726,0.11764,0.1418,0.15712,0.1787,0.19427,0.20431,0.20825,0.20825,0.20431,0.19427,0.1787,0.15712,0.1418,0.11764,0.10726,0.091841,0.066081,0.06711,0.064662,0.058842,0.068547,0.082402,0.098498,0.10517,0.10201,0.097055,0.084953,0.0757,0.062762,0.050511,0.034233,0.03086,0.030538,0.028242,0.02457,0.015495,0.036308,0.041978,0.051074,0.05739,0.056477,0.053425,0.063993,0.061946,0.059776,0.043187,0.045654,0.049037,0.045188,0.039085,0.03223,0.01423,0.013461,0.011394,0.0086309,0.0058501,0.0058501,0.0086309,0.011394,0.013461,0.01423,0.013461,0.011394,0.0086309,0.0058501,0,0
0,0,0.0039652,0.0058501,0.0077232,0.0091239,0.0096452,0.0091239,0.0077232,0.0058501,0.0039652,0.0077232,0.01536,0.020893,0.025494,0.02791,0.046185,0.051858,0.055675,0.056761,0.04962,0.043187,0.05877,0.064428,0.067884,0.058835,0.063156,0.060757,0.052389,0.040495,0.033913,0.012596,0.020518,0.026922,0.035966,0.040305,0.0544,0.074907,0.091339,0.10603,0.11595,0.12021,0.12336,0.12467,0.11672,0.096689,0.081345,0.070353,0.074254,0.078621,0.082034,0.10651,0.11885,0.13181,0.15625,0.1851,0.22364,0.24802,0.26354,0.27004,0.27004,0.26354,0.24802,0.22364,0.1851,0.15625,0.13181,0.11885,0.10651,0.082034,0.078621,0.074254,0.070353,0.081345,0.096689,0.11672,0.12467,0.12336,0.12021,0.11595,0.10603,0.091339,0.074907,0.0544,0.040305,0.035966,0.026922,0.020518,0.012596,0.033913,0.040495,0.052389,0.060757,0.063156,0.058835,0.067884,0.064428,0.05877,0.043187,0.04962,0.056761,0.055675,0.051858,0.046185,0.02791,0.025494,0.020893,0.01536,0.0077232,0.0039652,0.0058501,0.0077232,0.0091239,0.0096452,0.0091239,0.0077232,0.0058501,0.0039652,0,0
0,0,0,0,0,0,0,0,0,0,0,0.0091239,0.019311,0.026402,0.032388,0.035654,0.052071,0.056087,0.057669,0.05652,0.04683,0.038765,0.050182,0.05633,0.059307,0.051359,0.059674,0.060044,0.055013,0.046143,0.043368,0.026368,0.032411,0.037851,0.047388,0.048595,0.065394,0.086757,0.1049,0.11926,0.13346,0.13674,0.14139,0.14425,0.13691,0.11507,0.097188,0.082624,0.085629,0.091297,0.095822,0.12469,0.13629,0.15125,0.1715,0.20623,0.25191,0.2735,0.28747,0.29571,0.29571,0.28747,0.2735,0.25191,0.20623,0.1715,0.15125,0.13629,0.12469,0.095822,0.091297,0.085629,0.082624,0.097188,0.11507,0.13691,0.14425,0.14139,0.13674,0.13346,0.11926,0.1049,0.086757,0.065394,0.048595,0.047388,0.037851,0.032411,0.026368,0.043368,0.046143,0.055013,0.060044,0.059674,0.051359,0.059307,0.05633,0.050182,0.038765,0.04683,0.05652,0.057669,0.056087,0.052071,0.035654,0.032388,0.026402,0.019311,0.0091239,0,0,0,0,0,0,0,0,0,0,0
0,0,0,0,0,0,0,0,0,0,0,0.0096452,0.021953,0.030181,0.037236,0.041232,0.054553,0.056583,0.059675,0.058122,0.048463,0.040356,0.055022,0.064814,0.073545,0.070322,0.081378,0.08012,0.075699,0.06557,0.061411,0.040495,0.042255,0.043086,0.053538,0.053382,0.071854,0.092576,0.11497,0.12938,0.15059,0.15538,0.16298,0.16762,0.16088,0.13718,0.11406,0.091347,0.093577,0.096554,0.10967,0.15079,0.16832,0.1906,0.21271,0.25699,0.30903,0.32681,0.33765,0.33889,0.33889,0.33765,0.32681,0.30903,0.25699,0.21271,0.1906,0.16832,0.15079,0.10967,0.096554,0.093577,0.091347,0.11406,0.13718,0.16088,0.16762,0.16298,0.15538,0.15059,0.12938,0.11497,0.092576,0.071854,0.053382,0.053538,0.043086,0.042255,0.040495,0.061411,0.06557,0.075699,0.08012,0.081378,0.070322,0.073545,0.064814,0.055022,0.040356,0.048463,0.058122,0.059675,0.056583,0.054553,0.041232,0.037236,0.030181,0.021953,0.0096452,0,0,0,0,0,0,0,0,0,0,0
0,0,0,0,0,0,0,0,0,0,0,0.0091239,0.022585,0.031232,0.038765,0.043187,0.053003,0.053246,0.0562,0.053801,0.044393,0.036046,0.050886,0.062941,0.074681,0.075389,0.088623,0.087404,0.084427,0.074878,0.074791,0.055606,0.055126,0.054106,0.064996,0.062549,0.079914,0.096789,0.11795,0.12646,0.15469,0.15944,0.16953,0.17566,0.17045,0.14712,0.12471,0.098979,0.098594,0.09727,0.11736,0.16379,0.18116,0.20553,0.22556,0.27314,0.32995,0.34762,0.3564,0.35221,0.35221,0.3564,0.34762,0.32995,0.27314,0.22556,0.20553,0.18116,0.16379,0.11736,0.09727,0.098594,0.098979,0.12471,0.14712,0.17045,0.17566,0.16953,0.15944,0.15469,0.12646,0.11795,0.096789,0.079914,0.062549,0.064996,0.054106,0.055126,0.055606,0.074791,0.074878,0.084427,0.087404,0.088623,0.075389,0.074681,0.062941,0.050886,0.036046,0.044393,0.053801,0.0562,0.053246,0.053003,0.043187,0.038765,0.031232,0.022585,0.0091239,0,0,0,0,0,0,0,0,0,0,0
0,0,0,0,0,0,0,0,0,0,0,0.0077232,0.02104,0.029273,0.036557,0.04098,0.045197,0.043086,0.045627,0.042472,0.034333,0.026895,0.040083,0.053292,0.067398,0.072807,0.087099,0.085925,0.085188,0.077576,0.083979,0.069975,0.068233,0.065671,0.076232,0.07127,0.0854,0.09418,0.11478,0.11601,0.14924,0.16615,0.18779,0.20192,0.20375,0.18442,0.16753,0.1342,0.13129,0.12718,0.14796,0.20034,0.22843,0.26558,0.28506,0.33326,0.39199,0.39898,0.40321,0.39431,0.39431,0.40321,0.39898,0.39199,0.33326,0.28506,0.26558,0.22843,0.20034,0.14796,0.12718,0.13129,0.1342,0.16753,0.18442,0.20375,0.20192,0.18779,0.16615,0.14924,0.11601,0.11478,0.09418,0.0854,0.07127,0.076232,0.065671,0.068233,0.069975,0.083979,0.077576,0.085188,0.085925,0.087099,0.072807,0.067398,0.053292,0.040083,0.026895,0.034333,0.042472,0.045627,0.043086,0.045197,0.04098,0.036557,0.029273,0.02104,0.0077232,0,0,0,0,0,0,0,0,0,0,0
0,0,0,0,0,0,0,0,0,0,0,0.0058501,0.017755,0.024855,0.031232,0.035224,0.035654,0.032388,0.035526,0.032772,0.026895,0.020994,0.035282,0.049429,0.06585,0.074811,0.089373,0.087535,0.091433,0.090085,0.10265,0.093045,0.092125,0.087852,0.095142,0.085161,0.091801,0.090664,0.11013,0.11286,0.15351,0.18505,0.21631,0.23557,0.23999,0.22055,0.20086,0.15704,0.14735,0.13854,0.15996,0.21742,0.25366,0.29789,0.31842,0.36645,0.42466,0.42619,0.42739,0.41263,0.41263,0.42739,0.42619,0.42466,0.36645,0.31842,0.29789,0.25366,0.21742,0.15996,0.13854,0.14735,0.15704,0.20086,0.22055,0.23999,0.23557,0.21631,0.18505,0.15351,0.11286,0.11013,0.090664,0.091801,0.085161,0.095142,0.087852,0.092125,0.093045,0.10265,0.090085,0.091433,0.087535,0.089373,0.074811,0.06585,0.049429,0.035282,0.020994,0.026895,0.032772,0.035526,0.032388,0.035654,0.035224,0.031232,0.024855,0.017755,0.0058501,0,0,0,0,0,0,0,0,0,0,0
0,0,0,0,0,0,0,0,0,0,0,0.0039652,0.013573,0.019118,0.024167,0.027416,0.02791,0.025494,0.030538,0.02959,0.026509,0.022193,0.033106,0.044146,0.058612,0.065696,0.078787,0.076634,0.083639,0.086941,0.10474,0.10129,0.099315,0.093378,0.10088,0.089496,0.093144,0.091406,0.11278,0.11519,0.15892,0.19982,0.23348,0.24961,0.25398,0.23372,0.2153,0.1697,0.15783,0.15394,0.17657,0.23619,0.27828,0.32609,0.35264,0.39784,0.45675,0.4655,0.46397,0.45034,0.45034,0.46397,0.4655,0.45675,0.39784,0.35264,0.32609,0.27828,0.23619,0.17657,0.15394,0.15783,0.1697,0.2153,0.23372,0.25398,0.24961,0.23348,0.19982,0.15892,0.11519,0.11278,0.091406,0.093144,0.089496,0.10088,0.093378,0.099315,0.10129,0.10474,0.086941,0.083639,0.076634,0.078787,0.065696,0.058612,0.044146,0.033106,0.022193,0.026509,0.02959,0.030538,0.025494,0.02791,0.027416,0.024167,0.019118,0.013573,0.0039652,0,0,0,0,0,0,0,0,0,0,0
0,0,0,0,0,0,0,0.0039652,0.0058501,0.0077232,0.0091239,0.0096452,0.014974,0.016354,0.017245,0.017426,0.01423,0.013461,0.020518,0.026057,0.029471,0.028717,0.040441,0.04995,0.066386,0.072884,0.083846,0.084667,0.091687,0.099585,0.12033,0.11893,0.11809,0.11195,0.11924,0.1077,0.10701,0.10094,0.11771,0.119,0.15903,0.20224,0.23378,0.24669,0.25068,0.22919,0.21755,0.17402,0.16117,0.16229,0.18506,0.24172,0.28652,0.33636,0.36559,0.40462,0.46284,0.47653,0.48004,0.46936,0.46936,0.48004,0.47653,0.46284,0.40462,0.36559,0.33636,0.28652,0.24172,0.18506,0.16229,0.16117,0.17402,0.21755,0.22919,0.25068,0.24669,0.23378,0.20224,0.15903,0.119,0.11771,0.10094,0.10701,0.1077,0.11924,0.11195,0.11809,0.11893,0.12033,0.099585,0.091687,0.084667,0.083846,0.072884,0.066386,0.04995,0.040441,0.028717,0.029471,0.026057,0.020518,0.013461,0.01423,0.017426,0.017245,0.016354,0.014974,0.0096452,0.0091239,0.0077232,0.0058501,0.0039652,0,0,0,0,0,0,0
0,0,0,0,0,0,0,0.0058501,0.0086309,0.011394,0.013461,0.01423,0.017426,0.017245,0.020319,0.020824,0.017368,0.018248,0.025092,0.036184,0.041212,0.042739,0.05306,0.057006,0.072094,0.076032,0.082402,0.082944,0.086332,0.09779,0.1177,0.1221,0.12402,0.11997,0.12834,0.11855,0.11618,0.1146,0.13301,0.14012,0.17448,0.22302,0.25237,0.2625,0.2636,0.23857,0.22808,0.18674,0.18055,0.19333,0.21527,0.27688,0.32303,0.37196,0.40235,0.43202,0.48735,0.50085,0.50447,0.49651,0.49651,0.50447,0.50085,0.48735,0.43202,0.40235,0.37196,0.32303,0.27688,0.21527,0.19333,0.18055,0.18674,0.22808,0.23857,0.2636,0.2625,0.25237,0.22302,0.17448,0.14012,0.13301,0.1146,0.11618,0.11855,0.12834,0.11997,0.12402,0.1221,0.1177,0.09779,0.086332,0.082944,0.082402,0.076032,0.072094,0.057006,0.05306,0.042739,0.041212,0.036184,0.025092,0.018248,0.017368,0.020824,0.020319,0.017245,0.017426,0.01423,0.013461,0.011394,0.0086309,0.0058501,0,0,0,0,0,0,0
0,0,0,0,0,0,0,0.0077232,0.011394,0.015043,0.017771,0.018786,0.017771,0.015043,0.017245,0.016354,0.011394,0.013461,0.02008,0.035665,0.042814,0.048529,0.057162,0.055108,0.071559,0.074404,0.078231,0.080963,0.082819,0.097029,0.11729,0.12547,0.13013,0.12443,0.1313,0.12224,0.11482,0.11411,0.12992,0.14198,0.17138,0.22138,0.24562,0.25192,0.24856,0.2252,0.21637,0.18484,0.18356,0.20672,0.23013,0.29166,0.33419,0.37579,0.40178,0.41914,0.4621,0.47676,0.48113,0.47384,0.47384,0.48113,0.47676,0.4621,0.41914,0.40178,0.37579,0.33419,0.29166,0.23013,0.20672,0.18356,0.18484,0.21637,0.2252,0.24856,0.25192,0.24562,0.22138,0.17138,0.14198,0.12992,0.11411,0.11482,0.12224,0.1313,0.12443,0.13013,0.12547,0.11729,0.097029,0.082819,0.080963,0.078231,0.074404,0.071559,0.055108,0.057162,0.048529,0.042814,0.035665,0.02008,0.013461,0.011394,0.016354,0.017245,0.015043,0.017771,0.018786,0.017771,0.015043,0.011394,0.0077232,0,0,0,0,0,0,0
0,0,0,0,0,0,0,0.0091239,0.013461,0.017771,0.020994,0.022193,0.024959,0.023621,0.028907,0.029642,0.024688,0.026895,0.030475,0.046318,0.055552,0.059182,0.067822,0.065077,0.082796,0.084854,0.083078,0.084524,0.080342,0.089785,0.10665,0.11665,0.12095,0.11636,0.12612,0.12237,0.11622,0.12018,0.13465,0.14939,0.16812,0.21559,0.23381,0.23697,0.23261,0.21164,0.20709,0.18557,0.1865,0.21935,0.24341,0.30022,0.33757,0.37262,0.39835,0.41951,0.47194,0.50347,0.51633,0.5141,0.5141,0.51633,0.50347,0.47194,0.41951,0.39835,0.37262,0.33757,0.30022,0.24341,0.21935,0.1865,0.18557,0.20709,0.21164,0.23261,0.23697,0.23381,0.21559,0.16812,0.14939,0.13465,0.12018,0.11622,0.12237,0.12612,0.11636,0.12095,0.11665,0.10665,0.089785,0.080342,0.084524,0.083078,0.084854,0.082796,0.065077,0.067822,0.059182,0.055552,0.046318,0.030475,0.026895,0.024688,0.029642,0.028907,0.023621,0.024959,0.022193,0.020994,0.017771,0.013461,0.0091239,0,0,0,0,0,0,0
0,0,0,0,0,0,0,0.0096452,0.01423,0.018786,0.022193,0.023461,0.028043,0.027417,0.034748,0.036567,0.032001,0.03842,0.039438,0.056117,0.066286,0.068294,0.07283,0.066839,0.080636,0.079608,0.072914,0.077009,0.070051,0.077868,0.092275,0.1055,0.1087,0.10931,0.12508,0.12668,0.12516,0.13491,0.1447,0.15776,0.16295,0.19987,0.20969,0.20841,0.20594,0.19146,0.19225,0.18343,0.18697,0.23031,0.25362,0.30007,0.33453,0.36576,0.38825,0.419,0.486,0.53204,0.5548,0.56623,0.56623,0.5548,0.53204,0.486,0.419,0.38825,0.36576,0.33453,0.30007,0.25362,0.23031,0.18697,0.18343,0.19225,0.19146,0.20594,0.20841,0.20969,0.19987,0.16295,0.15776,0.1447,0.13491,0.12516,0.12668,0.12508,0.10931,0.1087,0.1055,0.092275,0.077868,0.070051,0.077009,0.072914,0.079608,0.080636,0.066839,0.07283,0.068294,0.066286,0.056117,0.039438,0.03842,0.032001,0.036567,0.034748,0.027417,0.028043,0.023461,0.022193,0.018786,0.01423,0.0096452,0,0,0,0,0,0,0
0,0,0,0,0,0,0.0039652,0.014974,0.021184,0.026895,0.030639,0.031317,0.03644,0.035016,0.042114,0.041125,0.037572,0.045814,0.047135,0.063751,0.075384,0.076411,0.081336,0.07482,0.088852,0.0871,0.078276,0.081275,0.071421,0.07424,0.080527,0.089466,0.092851,0.094196,0.11751,0.1259,0.13038,0.14515,0.15748,0.17192,0.1679,0.19289,0.19629,0.19247,0.19128,0.18206,0.18843,0.18555,0.19499,0.24758,0.27436,0.31638,0.34508,0.37863,0.40158,0.43494,0.50567,0.55698,0.58655,0.60302,0.60302,0.58655,0.55698,0.50567,0.43494,0.40158,0.37863,0.34508,0.31638,0.27436,0.24758,0.19499,0.18555,0.18843,0.18206,0.19128,0.19247,0.19629,0.19289,0.1679,0.17192,0.15748,0.14515,0.13038,0.1259,0.11751,0.094196,0.092851,0.089466,0.080527,0.07424,0.071421,0.081275,0.078276,0.0871,0.088852,0.07482,0.081336,0.076411,0.075384,0.063751,0.047135,0.045814,0.037572,0.041125,0.042114,0.035016,0.03644,0.031317,0.030639,0.026895,0.021184,0.014974,0.0039652,0,0,0,0,0,0
0,0,0,0,0,0,0.0058501,0.016354,0.022789,0.028504,0.032001,0.032247,0.038289,0.0411,0.04999,0.049901,0.049088,0.063322,0.066333,0.085757,0.099469,0.10382,0.10753,0.10211,0.11382,0.10849,0.091429,0.089684,0.076546,0.078603,0.078747,0.087229,0.095954,0.10424,0.13326,0.15008,0.1587,0.17549,0.18277,0.19419,0.18242,0.18663,0.17593,0.16569,0.16298,0.15862,0.16375,0.16855,0.18119,0.23647,0.2702,0.31828,0.35782,0.3978,0.43202,0.47346,0.54076,0.5892,0.61052,0.62853,0.62853,0.61052,0.5892,0.54076,0.47346,0.43202,0.3978,0.35782,0.31828,0.2702,0.23647,0.18119,0.16855,0.16375,0.15862,0.16298,0.16569,0.17593,0.18663,0.18242,0.19419,0.18277,0.17549,0.1587,0.15008,0.13326,0.10424,0.095954,0.087229,0.078747,0.078603,0.076546,0.089684,0.091429,0.10849,0.11382,0.10211,0.10753,0.10382,0.099469,0.085757,0.066333,0.063322,0.049088,0.049901,0.04999,0.0411,0.038289,0.032247,0.032001,0.028504,0.022789,0.016354,0.0058501,0,0,0,0,0,0
0,0,0,0,0,0,0.0077232,0.02121,0.033489,0.042739,0.049094,0.05077,0.056918,0.059716,0.065068,0.060648,0.05593,0.069168,0.073125,0.091984,0.10608,0.11158,0.11429,0.11,0.11868,0.11132,0.090069,0.085353,0.06918,0.06618,0.062652,0.0689,0.081094,0.094977,0.12923,0.15301,0.16632,0.18942,0.19701,0.20988,0.20159,0.19856,0.18715,0.18094,0.18442,0.18485,0.1875,0.19291,0.20517,0.26072,0.2997,0.3467,0.39746,0.44667,0.49338,0.53785,0.59762,0.63496,0.64708,0.66984,0.66984,0.64708,0.63496,0.59762,0.53785,0.49338,0.44667,0.39746,0.3467,0.2997,0.26072,0.20517,0.19291,0.1875,0.18485,0.18442,0.18094,0.18715,0.19856,0.20159,0.20988,0.19701,0.18942,0.16632,0.15301,0.12923,0.094977,0.081094,0.0689,0.062652,0.06618,0.06918,0.085353,0.090069,0.11132,0.11868,0.11,0.11429,0.11158,0.10608,0.091984,0.073125,0.069168,0.05593,0.060648,0.065068,0.059716,0.056918,0.05077,0.049094,0.042739,0.033489,0.02121,0.0077232,0,0,0,0,0,0
0,0,0,0,0,0,0.0091239,0.023276,0.038102,0.048742,0.056173,0.05833,0.06371,0.067224,0.07398,0.068964,0.064932,0.079733,0.085041,0.10246,0.1146,0.1198,0.1193,0.11253,0.11763,0.10855,0.084183,0.076903,0.062523,0.061459,0.058327,0.065554,0.082848,0.10186,0.13518,0.16433,0.17645,0.19912,0.20671,0.23421,0.23542,0.24618,0.2527,0.26112,0.27823,0.28573,0.28194,0.27915,0.26951,0.30754,0.32774,0.35902,0.41123,0.46164,0.51346,0.56514,0.62562,0.65712,0.67287,0.69824,0.69824,0.67287,0.65712,0.62562,0.56514,0.51346,0.46164,0.41123,0.35902,0.32774,0.30754,0.26951,0.27915,0.28194,0.28573,0.27823,0.26112,0.2527,0.24618,0.23542,0.23421,0.20671,0.19912,0.17645,0.16433,0.13518,0.10186,0.082848,0.065554,0.058327,0.061459,0.062523,0.076903,0.084183,0.10855,0.11763,0.11253,0.1193,0.1198,0.1146,0.10246,0.085041,0.079733,0.064932,0.068964,0.07398,0.067224,0.06371,0.05833,0.056173,0.048742,0.038102,0.023276,0.0091239,0,0,0,0,0,0
0,0,0,0.0039652,0.0058501,0.0077232,0.018769,0.031598,0.047028,0.056354,0.062125,0.062716,0.063067,0.067562,0.074401,0.069141,0.066621,0.080797,0.086834,0.10435,0.11517,0.12173,0.11955,0.11257,0.11179,0.10006,0.076558,0.065531,0.056226,0.060144,0.06396,0.075459,0.098748,0.12491,0.15732,0.18497,0.20278,0.22478,0.2343,0.27659,0.29304,0.31283,0.33172,0.36238,0.39129,0.39975,0.39708,0.38803,0.35646,0.37806,0.38613,0.3971,0.43485,0.48031,0.53318,0.57535,0.62626,0.64826,0.65497,0.67832,0.67832,0.65497,0.64826,0.62626,0.57535,0.53318,0.48031,0.43485,0.3971,0.38613,0.37806,0.35646,0.38803,0.39708,0.39975,0.39129,0.36238,0.33172,0.31283,0.29304,0.27659,0.2343,0.22478,0.20278,0.18497,0.15732,0.12491,0.098748,0.075459,0.06396,0.060144,0.056226,0.065531,0.076558,0.10006,0.11179,0.11257,0.11955,0.12173,0.11517,0.10435,0.086834,0.080797,0.066621,0.069141,0.074401,0.067562,0.063067,0.062716,0.062125,0.056354,0.047028,0.031598,0.018769,0.0077232,0.0058501,0.0039652,0,0,0
0,0,0,0.0058501,0.0086309,0.011394,0.022585,0.036815,0.053817,0.06362,0.069589,0.070031,0.066808,0.070502,0.073703,0.066226,0.06059,0.072061,0.077998,0.094512,0.1038,0.11174,0.10897,0.10377,0.10167,0.090321,0.070022,0.060667,0.056615,0.064736,0.072214,0.082382,0.10541,0.13212,0.16011,0.18574,0.20449,0.22962,0.24223,0.29725,0.32708,0.35274,0.38245,0.43042,0.46886,0.47933,0.48344,0.47847,0.43173,0.43771,0.43591,0.42452,0.44509,0.4814,0.53295,0.56175,0.60304,0.62464,0.62969,0.64853,0.64853,0.62969,0.62464,0.60304,0.56175,0.53295,0.4814,0.44509,0.42452,0.43591,0.43771,0.43173,0.47847,0.48344,0.47933,0.46886,0.43042,0.38245,0.35274,0.32708,0.29725,0.24223,0.22962,0.20449,0.18574,0.16011,0.13212,0.10541,0.082382,0.072214,0.064736,0.056615,0.060667,0.070022,0.090321,0.10167,0.10377,0.10897,0.11174,0.1038,0.094512,0.077998,0.072061,0.06059,0.066226,0.073703,0.070502,0.066808,0.070031,0.069589,0.06362,0.053817,0.036815,0.022585,0.011394,0.0086309,0.0058501,0,0,0
0.0096452,0.0091239,0.0077232,0.013573,0.01536,0.015043,0.029459,0.049641,0.070262,0.082677,0.089929,0.089918,0.08151,0.080921,0.080863,0.068196,0.058055,0.07125,0.078852,0.098351,0.1076,0.11644,0.11265,0.10476,0.097346,0.08307,0.061296,0.051863,0.049316,0.060874,0.072784,0.085701,0.10891,0.13768,0.16416,0.18749,0.21133,0.24138,0.25768,0.32389,0.36245,0.39651,0.43342,0.49436,0.54294,0.55425,0.56607,0.56655,0.5163,0.51668,0.51184,0.49299,0.50075,0.52912,0.57723,0.59088,0.61825,0.62788,0.62609,0.6365,0.6365,0.62609,0.62788,0.61825,0.59088,0.57723,0.52912,0.50075,0.49299,0.51184,0.51668,0.5163,0.56655,0.56607,0.55425,0.54294,0.49436,0.43342,0.39651,0.36245,0.32389,0.25768,0.24138,0.21133,0.18749,0.16416,0.13768,0.10891,0.085701,0.072784,0.060874,0.049316,0.051863,0.061296,0.08307,0.097346,0.10476,0.11265,0.11644,0.1076,0.098351,0.078852,0.07125,0.058055,0.068196,0.080863,0.080921,0.08151,0.089918,0.089929,0.082677,0.070262,0.049641,0.029459,0.015043,0.01536,0.013573,0.0077232,0.0091239,0.0096452
0.01423,0.013461,0.011394,0.017755,0.019311,0.017771,0.032694,0.054429,0.078964,0.093169,0.10187,0.10259,0.089082,0.084268,0.080326,0.063558,0.049646,0.058518,0.067108,0.088244,0.095392,0.10515,0.10016,0.094148,0.088261,0.076862,0.060874,0.054996,0.055137,0.069019,0.081376,0.092228,0.10787,0.13284,0.15471,0.17314,0.20199,0.23507,0.25474,0.33295,0.38021,0.42044,0.46261,0.531,0.58891,0.6042,0.63899,0.66426,0.62175,0.63074,0.6321,0.6104,0.59722,0.60337,0.62987,0.61461,0.62071,0.61995,0.61011,0.60724,0.60724,0.61011,0.61995,0.62071,0.61461,0.62987,0.60337,0.59722,0.6104,0.6321,0.63074,0.62175,0.66426,0.63899,0.6042,0.58891,0.531,0.46261,0.42044,0.38021,0.33295,0.25474,0.23507,0.20199,0.17314,0.15471,0.13284,0.10787,0.092228,0.081376,0.069019,0.055137,0.054996,0.060874,0.076862,0.088261,0.094148,0.10016,0.10515,0.095392,0.088244,0.067108,0.058518,0.049646,0.063558,0.080326,0.084268,0.089082,0.10259,0.10187,0.093169,0.078964,0.054429,0.032694,0.017771,0.019311,0.017755,0.011394,0.013461,0.01423
0.018786,0.017771,0.015043,0.02104,0.021953,0.018786,0.033882,0.056152,0.081322,0.095792,0.10464,0.10931,0.097174,0.092135,0.087793,0.069972,0.053929,0.05652,0.065495,0.084136,0.088218,0.097482,0.098251,0.096347,0.093218,0.084352,0.073038,0.064473,0.064097,0.077964,0.090364,0.10101,0.11748,0.1395,0.15639,0.16792,0.19514,0.22331,0.23701,0.31473,0.36824,0.41396,0.47458,0.55919,0.6319,0.66382,0.72578,0.77064,0.73923,0.74282,0.75156,0.72153,0.68532,0.66607,0.66433,0.61731,0.60004,0.58378,0.56188,0.53469,0.53469,0.56188,0.58378,0.60004,0.61731,0.66433,0.66607,0.68532,0.72153,0.75156,0.74282,0.73923,0.77064,0.72578,0.66382,0.6319,0.55919,0.47458,0.41396,0.36824,0.31473,0.23701,0.22331,0.19514,0.16792,0.15639,0.1395,0.11748,0.10101,0.090364,0.077964,0.064097,0.064473,0.073038,0.084352,0.093218,0.096347,0.098251,0.097482,0.088218,0.084136,0.065495,0.05652,0.053929,0.069972,0.087793,0.092135,0.097174,0.10931,0.10464,0.095792,0.081322,0.056152,0.033882,0.018786,0.021953,0.02104,0.015043,0.017771,0.018786
0.022193,0.020994,0.017771,0.022585,0.022585,0.017771,0.030118,0.050628,0.07443,0.087956,0.096546,0.10362,0.093873,0.089218,0.084687,0.068347,0.051201,0.0519,0.061702,0.082524,0.087566,0.10577,0.11868,0.12581,0.12783,0.12547,0.115,0.10278,0.094423,0.10118,0.10163,0.10499,0.11426,0.13138,0.14041,0.14688,0.17775,0.20817,0.22034,0.29477,0.34818,0.39276,0.46714,0.5541,0.63355,0.67277,0.74813,0.81167,0.79054,0.80451,0.82759,0.79819,0.7628,0.74283,0.73245,0.67984,0.65538,0.63945,0.61313,0.57368,0.57368,0.61313,0.63945,0.65538,0.67984,0.73245,0.74283,0.7628,0.79819,0.82759,0.80451,0.79054,0.81167,0.74813,0.67277,0.63355,0.5541,0.46714,0.39276,0.34818,0.29477,0.22034,0.20817,0.17775,0.14688,0.14041,0.13138,0.11426,0.10499,0.10163,0.10118,0.094423,0.10278,0.115,0.12547,0.12783,0.12581,0.11868,0.10577,0.087566,0.082524,0.061702,0.0519,0.051201,0.068347,0.084687,0.089218,0.093873,0.10362,0.096546,0.087956,0.07443,0.050628,0.030118,0.017771,0.022585,0.022585,0.017771,0.020994,0.022193
0.023461,0.022193,0.018786,0.021953,0.02104,0.015043,0.027416,0.046627,0.069726,0.083057,0.091667,0.10086,0.093336,0.0859,0.078841,0.060339,0.042255,0.038149,0.051543,0.070788,0.076379,0.097124,0.11854,0.13064,0.13901,0.14646,0.14257,0.12942,0.11969,0.11938,0.11029,0.10379,0.10421,0.1097,0.11714,0.1257,0.16579,0.20744,0.22661,0.29632,0.35495,0.39957,0.4887,0.57015,0.65286,0.69486,0.7832,0.85986,0.8543,0.87217,0.91703,0.89355,0.85948,0.83613,0.81815,0.7527,0.72029,0.70513,0.67491,0.61528,0.61528,0.67491,0.70513,0.72029,0.7527,0.81815,0.83613,0.85948,0.89355,0.91703,0.87217,0.8543,0.85986,0.7832,0.69486,0.65286,0.57015,0.4887,0.39957,0.35495,0.29632,0.22661,0.20744,0.16579,0.1257,0.11714,0.1097,0.10421,0.10379,0.11029,0.11938,0.11969,0.12942,0.14257,0.14646,0.13901,0.13064,0.11854,0.097124,0.076379,0.070788,0.051543,0.038149,0.042255,0.060339,0.078841,0.0859,0.093336,0.10086,0.091667,0.083057,0.069726,0.046627,0.027416,0.015043,0.02104,0.021953,0.018786,0.022193,0.023461
0.022193,0.020994,0.017771,0.019311,0.017755,0.011394,0.022585,0.036815,0.054338,0.064389,0.070604,0.08432,0.081537,0.078919,0.075454,0.061042,0.047486,0.043742,0.061356,0.085465,0.091481,0.12123,0.15498,0.17445,0.18686,0.19768,0.19044,0.1675,0.15616,0.15433,0.13805,0.12541,0.12576,0.12665,0.13028,0.14202,0.18694,0.22535,0.25065,0.31174,0.36464,0.39739,0.48491,0.54825,0.61757,0.65829,0.7506,0.83878,0.85603,0.90285,0.97682,0.97512,0.96301,0.95263,0.93393,0.86341,0.81483,0.79329,0.74859,0.67957,0.67957,0.74859,0.79329,0.81483,0.86341,0.93393,0.95263,0.96301,0.97512,0.97682,0.90285,0.85603,0.83878,0.7506,0.65829,0.61757,0.54825,0.48491,0.39739,0.36464,0.31174,0.25065,0.22535,0.18694,0.14202,0.13028,0.12665,0.12576,0.12541,0.13805,0.15433,0.15616,0.1675,0.19044,0.19768,0.18686,0.17445,0.15498,0.12123,0.091481,0.085465,0.061356,0.043742,0.047486,0.061042,0.075454,0.078919,0.081537,0.08432,0.070604,0.064389,0.054338,0.036815,0.022585,0.011394,0.017755,0.019311,0.017771,0.020994,0.022193
0.018786,0.017771,0.015043,0.01536,0.013573,0.0077232,0.016847,0.028763,0.044685,0.053998,0.060178,0.080977,0.087683,0.09515,0.099205,0.091218,0.080394,0.07352,0.093781,0.11625,0.1162,0.14629,0.18694,0.2105,0.22677,0.24485,0.24132,0.21245,0.20138,0.19759,0.17297,0.1536,0.15162,0.14585,0.14168,0.15041,0.19514,0.23043,0.25624,0.31068,0.35963,0.38465,0.46736,0.52344,0.58111,0.62475,0.71536,0.80422,0.83606,0.89827,1.0093,1.0358,1.0514,1.0619,1.0486,0.97866,0.91698,0.87945,0.81085,0.72255,0.72255,0.81085,0.87945,0.91698,0.97866,1.0486,1.0619,1.0514,1.0358,1.0093,0.89827,0.83606,0.80422,0.71536,0.62475,0.58111,0.52344,0.46736,0.38465,0.35963,0.31068,0.25624,0.23043,0.19514,0.15041,0.14168,0.14585,0.15162,0.1536,0.17297,0.19759,0.20138,0.21245,0.24132,0.24485,0.22677,0.2105,0.18694,0.14629,0.1162,0.11625,0.093781,0.07352,0.080394,0.091218,0.099205,0.09515,0.087683,0.080977,0.060178,0.053998,0.044685,0.028763,0.016847,0.0077232,0.013573,0.01536,0.015043,0.017771,0.018786
0.023354,0.023106,0.020518,0.016354,0.0117,0.0039652,0.0058501,0.014481,0.031714,0.0421,0.050457,0.077283,0.092623,0.10561,0.11535,0.11576,0.10885,0.1029,0.128,0.15323,0.155,0.18996,0.23515,0.25805,0.27222,0.29155,0.28091,0.25516,0.24227,0.23544,0.2033,0.19171,0.19154,0.18788,0.18868,0.20489,0.24071,0.27823,0.3029,0.34809,0.37915,0.40093,0.4772,0.51461,0.56613,0.61364,0.68958,0.77528,0.81191,0.88757,1.0147,1.0692,1.1201,1.15,1.146,1.088,1.0163,0.96559,0.87745,0.78168,0.78168,0.87745,0.96559,1.0163,1.088,1.146,1.15,1.1201,1.0692,1.0147,0.88757,0.81191,0.77528,0.68958,0.61364,0.56613,0.51461,0.4772,0.40093,0.37915,0.34809,0.3029,0.27823,0.24071,0.20489,0.18868,0.18788,0.19154,0.19171,0.2033,0.23544,0.24227,0.25516,0.28091,0.29155,0.27222,0.25805,0.23515,0.18996,0.155,0.15323,0.128,0.1029,0.10885,0.11576,0.11535,0.10561,0.092623,0.077283,0.050457,0.0421,0.031714,0.014481,0.0058501,0.0039652,0.0117,0.016354,0.020518,0.023106,0.023354
0.023106,0.023354,0.021184,0.017245,0.012596,0.0058501,0.0079305,0.015665,0.032997,0.043233,0.051203,0.079385,0.097003,0.11332,0.12727,0.13502,0.13432,0.13112,0.15913,0.18635,0.19531,0.23617,0.2854,0.31217,0.32442,0.34457,0.33925,0.31493,0.30641,0.29819,0.26689,0.26123,0.25693,0.25464,0.25506,0.26756,0.29849,0.33545,0.36345,0.41675,0.44403,0.47206,0.53531,0.56575,0.61471,0.67197,0.75915,0.84822,0.88624,0.9731,1.1084,1.1765,1.2308,1.2559,1.2432,1.1751,1.1014,1.0422,0.93913,0.83317,0.83317,0.93913,1.0422,1.1014,1.1751,1.2432,1.2559,1.2308,1.1765,1.1084,0.9731,0.88624,0.84822,0.75915,0.67197,0.61471,0.56575,0.53531,0.47206,0.44403,0.41675,0.36345,0.33545,0.29849,0.26756,0.25506,0.25464,0.25693,0.26123,0.26689,0.29819,0.30641,0.31493,0.33925,0.34457,0.32442,0.31217,0.2854,0.23617,0.19531,0.18635,0.15913,0.13112,0.13432,0.13502,0.12727,0.11332,0.097003,0.079385,0.051203,0.043233,0.032997,0.015665,0.0079305,0.0058501,0.012596,0.017245,0.021184,0.023354,0.023106
0.017771,0.018786,0.017771,0.015043,0.011394,0.011688,0.0117,0.016354,0.032207,0.040351,0.050085,0.078548,0.098845,0.12708,0.15093,0.17335,0.18301,0.18452,0.21532,0.23792,0.25572,0.30021,0.34375,0.37679,0.38916,0.40778,0.41221,0.3903,0.39278,0.3843,0.36045,0.368,0.36063,0.36446,0.36071,0.35531,0.3728,0.39397,0.4121,0.4626,0.47721,0.50455,0.55622,0.58521,0.63108,0.69179,0.78764,0.88683,0.93509,1.0441,1.1925,1.2728,1.3261,1.3369,1.3067,1.2168,1.1283,1.0574,0.94006,0.82918,0.82918,0.94006,1.0574,1.1283,1.2168,1.3067,1.3369,1.3261,1.2728,1.1925,1.0441,0.93509,0.88683,0.78764,0.69179,0.63108,0.58521,0.55622,0.50455,0.47721,0.4626,0.4121,0.39397,0.3728,0.35531,0.36071,0.36446,0.36063,0.368,0.36045,0.3843,0.39278,0.3903,0.41221,0.40778,0.38916,0.37679,0.34375,0.30021,0.25572,0.23792,0.21532,0.18452,0.18301,0.17335,0.15093,0.12708,0.098845,0.078548,0.050085,0.040351,0.032207,0.016354,0.0117,0.011688,0.011394,0.015043,0.017771,0.018786,0.017771
0.030639,0.031317,0.028717,0.023621,0.021391,0.024789,0.029927,0.043601,0.062247,0.071954,0.081839,0.10474,0.12732,0.15891,0.19289,0.22733,0.2443,0.25661,0.28601,0.29967,0.32027,0.35335,0.38817,0.4152,0.42902,0.44888,0.45876,0.44272,0.45116,0.43782,0.41833,0.43062,0.42012,0.42373,0.42247,0.40918,0.42587,0.44244,0.45753,0.51752,0.52476,0.56364,0.6193,0.65938,0.71504,0.7913,0.89845,0.9982,1.0455,1.1672,1.3099,1.3929,1.443,1.4432,1.3874,1.2785,1.1732,1.0716,0.92861,0.80986,0.80986,0.92861,1.0716,1.1732,1.2785,1.3874,1.4432,1.443,1.3929,1.3099,1.1672,1.0455,0.9982,0.89845,0.7913,0.71504,0.65938,0.6193,0.56364,0.52476,0.51752,0.45753,0.44244,0.42587,0.40918,0.42247,0.42373,0.42012,0.43062,0.41833,0.43782,0.45116,0.44272,0.45876,0.44888,0.42902,0.4152,0.38817,0.35335,0.32027,0.29967,0.28601,0.25661,0.2443,0.22733,0.19289,0.15891,0.12732,0.10474,0.081839,0.071954,0.062247,0.043601,0.029927,0.024789,0.021391,0.023621,0.028717,0.031317,0.030639
0.036423,0.036922,0.033588,0.027417,0.02593,0.031849,0.040544,0.059209,0.081509,0.093095,0.10479,0.12073,0.14129,0.17235,0.21205,0.2567,0.28097,0.30654,0.34039,0.35055,0.37807,0.40619,0.42698,0.44716,0.4554,0.47143,0.48526,0.47435,0.48866,0.47046,0.45243,0.47195,0.45725,0.46267,0.47525,0.45628,0.48565,0.51189,0.53972,0.6148,0.61339,0.65043,0.68763,0.70467,0.7548,0.82436,0.93167,1.0418,1.1114,1.2758,1.4249,1.5281,1.5865,1.5747,1.4968,1.3748,1.2542,1.1274,0.96757,0.86088,0.86088,0.96757,1.1274,1.2542,1.3748,1.4968,1.5747,1.5865,1.5281,1.4249,1.2758,1.1114,1.0418,0.93167,0.82436,0.7548,0.70467,0.68763,0.65043,0.61339,0.6148,0.53972,0.51189,0.48565,0.45628,0.47525,0.46267,0.45725,0.47195,0.45243,0.47046,0.48866,0.47435,0.48526,0.47143,0.4554,0.44716,0.42698,0.40619,0.37807,0.35055,0.34039,0.30654,0.28097,0.2567,0.21205,0.17235,0.14129,0.12073,0.10479,0.093095,0.081509,0.059209,0.040544,0.031849,0.02593,0.027417,0.033588,0.036922,0.036423
0.03978,0.039964,0.036037,0.029165,0.028907,0.041331,0.055393,0.080261,0.10598,0.11909,0.13106,0.14094,0.15815,0.18639,0.22522,0.27899,0.30848,0.34668,0.38428,0.38828,0.41732,0.43583,0.44129,0.45634,0.46634,0.48147,0.49949,0.49434,0.51449,0.49264,0.48254,0.50668,0.49805,0.51385,0.5536,0.54304,0.58222,0.61366,0.64513,0.723,0.72446,0.76722,0.80972,0.82783,0.88413,0.95932,1.0655,1.1705,1.2461,1.4158,1.5494,1.6478,1.7028,1.6807,1.5775,1.4366,1.299,1.1436,0.97758,0.87981,0.87981,0.97758,1.1436,1.299,1.4366,1.5775,1.6807,1.7028,1.6478,1.5494,1.4158,1.2461,1.1705,1.0655,0.95932,0.88413,0.82783,0.80972,0.76722,0.72446,0.723,0.64513,0.61366,0.58222,0.54304,0.5536,0.51385,0.49805,0.50668,0.48254,0.49264,0.51449,0.49434,0.49949,0.48147,0.46634,0.45634,0.44129,0.43583,0.41732,0.38828,0.38428,0.34668,0.30848,0.27899,0.22522,0.18639,0.15815,0.14094,0.13106,0.11909,0.10598,0.080261,0.055393,0.041331,0.028907,0.029165,0.036037,0.039964,0.03978
0.039964,0.043745,0.041392,0.036227,0.038766,0.055449,0.072341,0.099254,0.12365,0.135,0.14626,0.15227,0.16809,0.19784,0.23812,0.29722,0.32905,0.37324,0.40669,0.4013,0.42703,0.43954,0.43454,0.44705,0.47013,0.4979,0.52573,0.53356,0.55623,0.53079,0.51597,0.53895,0.53363,0.54424,0.59232,0.58806,0.63124,0.66528,0.69615,0.77428,0.7827,0.83555,0.90102,0.9287,0.98845,1.0721,1.1668,1.2645,1.3375,1.503,1.6122,1.7069,1.7635,1.7426,1.621,1.481,1.3358,1.1673,1.0024,0.92144,0.92144,1.0024,1.1673,1.3358,1.481,1.621,1.7426,1.7635,1.7069,1.6122,1.503,1.3375,1.2645,1.1668,1.0721,0.98845,0.9287,0.90102,0.83555,0.7827,0.77428,0.69615,0.66528,0.63124,0.58806,0.59232,0.54424,0.53363,0.53895,0.51597,0.53079,0.55623,0.53356,0.52573,0.4979,0.47013,0.44705,0.43454,0.43954,0.42703,0.4013,0.40669,0.37324,0.32905,0.29722,0.23812,0.19784,0.16809,0.15227,0.14626,0.135,0.12365,0.099254,0.072341,0.055449,0.038766,0.036227,0.041392,0.043745,0.039964
0.042772,0.049997,0.050002,0.046664,0.050506,0.068525,0.084906,0.11019,0.12817,0.13767,0.14709,0.14658,0.16243,0.19018,0.23302,0.29992,0.33641,0.38759,0.41949,0.40644,0.42484,0.42379,0.40467,0.40569,0.43318,0.47053,0.50458,0.52598,0.55274,0.52789,0.51131,0.53052,0.52675,0.53403,0.5912,0.59782,0.6457,0.69171,0.7331,0.82059,0.85067,0.92525,1.0159,1.0602,1.136,1.2329,1.3191,1.3977,1.4559,1.5871,1.6574,1.7312,1.7715,1.7373,1.6059,1.4756,1.3446,1.1821,1.0348,0.96389,0.96389,1.0348,1.1821,1.3446,1.4756,1.6059,1.7373,1.7715,1.7312,1.6574,1.5871,1.4559,1.3977,1.3191,1.2329,1.136,1.0602,1.0159,0.92525,0.85067,0.82059,0.7331,0.69171,0.6457,0.59782,0.5912,0.53403,0.52675,0.53052,0.51131,0.52789,0.55274,0.52598,0.50458,0.47053,0.43318,0.40569,0.40467,0.42379,0.42484,0.40644,0.41949,0.38759,0.33641,0.29992,0.23302,0.19018,0.16243,0.14658,0.14709,0.13767,0.12817,0.11019,0.084906,0.068525,0.050506,0.046664,0.050002,0.049997,0.042772
0.039948,0.049757,0.05175,0.050457,0.059295,0.087359,0.10776,0.1348,0.15006,0.15739,0.16189,0.15291,0.16329,0.17867,0.21234,0.27945,0.31591,0.37194,0.40231,0.38923,0.40652,0.39933,0.37956,0.37325,0.40571,0.4463,0.4739,0.4993,0.53209,0.50829,0.49415,0.5074,0.50854,0.5179,0.58514,0.60811,0.66015,0.70725,0.75916,0.84257,0.893,0.98055,1.0806,1.1267,1.2049,1.2995,1.3682,1.4302,1.4811,1.5924,1.6329,1.6947,1.73,1.6876,1.5513,1.4223,1.289,1.1321,0.99493,0.94563,0.94563,0.99493,1.1321,1.289,1.4223,1.5513,1.6876,1.73,1.6947,1.6329,1.5924,1.4811,1.4302,1.3682,1.2995,1.2049,1.1267,1.0806,0.98055,0.893,0.84257,0.75916,0.70725,0.66015,0.60811,0.58514,0.5179,0.50854,0.5074,0.49415,0.50829,0.53209,0.4993,0.4739,0.4463,0.40571,0.37325,0.37956,0.39933,0.40652,0.38923,0.40231,0.37194,0.31591,0.27945,0.21234,0.17867,0.16329,0.15291,0.16189,0.15739,0.15006,0.1348,0.10776,0.087359,0.059295,0.050457,0.05175,0.049757,0.039948
0.030181,0.041938,0.046275,0.047952,0.060062,0.09218,0.11431,0.13831,0.14594,0.14946,0.14917,0.13804,0.14877,0.16559,0.20027,0.26764,0.30519,0.35897,0.38333,0.36289,0.36524,0.34288,0.31588,0.30167,0.33882,0.38523,0.41552,0.44109,0.47944,0.46024,0.44751,0.4588,0.46572,0.47272,0.53566,0.56714,0.61769,0.6695,0.73238,0.82055,0.88809,0.99841,1.1092,1.1627,1.2305,1.315,1.3562,1.3969,1.4323,1.516,1.5306,1.5808,1.6165,1.578,1.4528,1.3393,1.2215,1.0863,0.96844,0.93841,0.93841,0.96844,1.0863,1.2215,1.3393,1.4528,1.578,1.6165,1.5808,1.5306,1.516,1.4323,1.3969,1.3562,1.315,1.2305,1.1627,1.1092,0.99841,0.88809,0.82055,0.73238,0.6695,0.61769,0.56714,0.53566,0.47272,0.46572,0.4588,0.44751,0.46024,0.47944,0.44109,0.41552,0.38523,0.33882,0.30167,0.31588,0.34288,0.36524,0.36289,0.38333,0.35897,0.30519,0.26764,0.20027,0.16559,0.14877,0.13804,0.14917,0.14946,0.14594,0.13831,0.11431,0.09218,0.060062,0.047952,0.046275,0.041938,0.030181
0.027691,0.040877,0.046618,0.053576,0.068461,0.10337,0.12195,0.14161,0.14412,0.14364,0.13848,0.12527,0.13282,0.14849,0.18077,0.24521,0.28,0.32868,0.34799,0.32772,0.3198,0.28807,0.25881,0.23554,0.26969,0.31372,0.33372,0.36369,0.40314,0.39085,0.38612,0.40472,0.42187,0.43501,0.49619,0.53482,0.57084,0.61979,0.68335,0.75545,0.8291,0.94757,1.0565,1.1142,1.1724,1.2422,1.2464,1.27,1.2888,1.3427,1.3466,1.3943,1.4365,1.4223,1.3203,1.232,1.1182,1.0006,0.90173,0.8825,0.8825,0.90173,1.0006,1.1182,1.232,1.3203,1.4223,1.4365,1.3943,1.3466,1.3427,1.2888,1.27,1.2464,1.2422,1.1724,1.1142,1.0565,0.94757,0.8291,0.75545,0.68335,0.61979,0.57084,0.53482,0.49619,0.43501,0.42187,0.40472,0.38612,0.39085,0.40314,0.36369,0.33372,0.31372,0.26969,0.23554,0.25881,0.28807,0.3198,0.32772,0.34799,0.32868,0.28,0.24521,0.18077,0.14849,0.13282,0.12527,0.13848,0.14364,0.14412,0.14161,0.12195,0.10337,0.068461,0.053576,0.046618,0.040877,0.027691
0.029725,0.044757,0.052501,0.062577,0.081962,0.11519,0.13192,0.14713,0.14314,0.1403,0.12898,0.11243,0.11482,0.11886,0.1433,0.19817,0.22826,0.26834,0.28492,0.27396,0.26451,0.23246,0.21064,0.18721,0.21432,0.25215,0.26087,0.28658,0.31739,0.3085,0.30957,0.33181,0.35134,0.36999,0.42736,0.47227,0.49779,0.54956,0.61576,0.67623,0.75167,0.8773,0.97181,1.0266,1.0761,1.1393,1.1339,1.1485,1.1556,1.1823,1.1707,1.2097,1.2441,1.2366,1.1521,1.0956,1.025,0.94899,0.88165,0.87475,0.87475,0.88165,0.94899,1.025,1.0956,1.1521,1.2366,1.2441,1.2097,1.1707,1.1823,1.1556,1.1485,1.1339,1.1393,1.0761,1.0266,0.97181,0.8773,0.75167,0.67623,0.61576,0.54956,0.49779,0.47227,0.42736,0.36999,0.35134,0.33181,0.30957,0.3085,0.31739,0.28658,0.26087,0.25215,0.21432,0.18721,0.21064,0.23246,0.26451,0.27396,0.28492,0.26834,0.22826,0.19817,0.1433,0.11886,0.11482,0.11243,0.12898,0.1403,0.14314,0.14713,0.13192,0.11519,0.081962,0.062577,0.052501,0.044757,0.029725
0.026057,0.042739,0.053573,0.068313,0.088761,0.12012,0.13263,0.13927,0.12867,0.11957,0.10715,0.090945,0.086398,0.087449,0.10293,0.14625,0.17168,0.20422,0.22045,0.21712,0.21366,0.19264,0.1757,0.1609,0.17825,0.20328,0.20487,0.22287,0.25119,0.25247,0.26524,0.30051,0.32402,0.35303,0.40039,0.43301,0.43888,0.47719,0.52934,0.56881,0.63771,0.7503,0.81567,0.85543,0.8911,0.93529,0.91952,0.94088,0.95634,0.98605,0.99563,1.0414,1.0794,1.0753,1.0133,0.96827,0.9094,0.86127,0.80986,0.81068,0.81068,0.80986,0.86127,0.9094,0.96827,1.0133,1.0753,1.0794,1.0414,0.99563,0.98605,0.95634,0.94088,0.91952,0.93529,0.8911,0.85543,0.81567,0.7503,0.63771,0.56881,0.52934,0.47719,0.43888,0.43301,0.40039,0.35303,0.32402,0.30051,0.26524,0.25247,0.25119,0.22287,0.20487,0.20328,0.17825,0.1609,0.1757,0.19264,0.21366,0.21712,0.22045,0.20422,0.17168,0.14625,0.10293,0.087449,0.086398,0.090945,0.10715,0.11957,0.12867,0.13927,0.13263,0.12012,0.088761,0.068313,0.053573,0.042739,0.026057
0.028639,0.044567,0.055567,0.071552,0.093541,0.12262,0.13422,0.1397,0.12757,0.11642,0.10324,0.085875,0.077861,0.076025,0.086752,0.11895,0.13809,0.15971,0.16923,0.16684,0.1651,0.1452,0.13351,0.12761,0.14394,0.16322,0.16199,0.17333,0.19454,0.20185,0.224,0.26115,0.28172,0.31216,0.34484,0.36543,0.35689,0.3835,0.41627,0.44657,0.5142,0.62355,0.67885,0.71924,0.7537,0.78732,0.77133,0.80354,0.81651,0.84455,0.86578,0.91276,0.94432,0.93738,0.88813,0.85302,0.80934,0.78612,0.7503,0.75006,0.75006,0.7503,0.78612,0.80934,0.85302,0.88813,0.93738,0.94432,0.91276,0.86578,0.84455,0.81651,0.80354,0.77133,0.78732,0.7537,0.71924,0.67885,0.62355,0.5142,0.44657,0.41627,0.3835,0.35689,0.36543,0.34484,0.31216,0.28172,0.26115,0.224,0.20185,0.19454,0.17333,0.16199,0.16322,0.14394,0.12761,0.13351,0.1452,0.1651,0.16684,0.16923,0.15971,0.13809,0.11895,0.086752,0.076025,0.077861,0.085875,0.10324,0.11642,0.12757,0.1397,0.13422,0.12262,0.093541,0.071552,0.055567,0.044567,0.028639
0.029815,0.044525,0.055348,0.071563,0.093442,0.11567,0.12405,0.1264,0.11229,0.099089,0.086551,0.070436,0.060933,0.057685,0.068967,0.091725,0.10593,0.11927,0.12752,0.12861,0.12951,0.11345,0.10593,0.10237,0.10935,0.11775,0.11228,0.11312,0.12672,0.13994,0.16546,0.20443,0.22182,0.24816,0.26679,0.27132,0.26313,0.28569,0.30901,0.33595,0.3968,0.4882,0.52388,0.55319,0.58515,0.60824,0.59937,0.65064,0.68029,0.72164,0.76138,0.81095,0.83373,0.81718,0.7742,0.75064,0.71707,0.70829,0.68044,0.68408,0.68408,0.68044,0.70829,0.71707,0.75064,0.7742,0.81718,0.83373,0.81095,0.76138,0.72164,0.68029,0.65064,0.59937,0.60824,0.58515,0.55319,0.52388,0.4882,0.3968,0.33595,0.30901,0.28569,0.26313,0.27132,0.26679,0.24816,0.22182,0.20443,0.16546,0.13994,0.12672,0.11312,0.11228,0.11775,0.10935,0.10237,0.10593,0.11345,0.12951,0.12861,0.12752,0.11927,0.10593,0.091725,0.068967,0.057685,0.060933,0.070436,0.086551,0.099089,0.11229,0.1264,0.12405,0.11567,0.093442,0.071563,0.055348,0.044525,0.029815
0.036927,0.049094,0.058733,0.072348,0.09019,0.10569,0.11025,0.10771,0.094731,0.081885,0.070563,0.054774,0.042572,0.033904,0.040327,0.056074,0.066614,0.077529,0.088164,0.097023,0.10178,0.093768,0.092025,0.092751,0.089465,0.084574,0.071693,0.059163,0.060953,0.075099,0.10731,0.14486,0.16446,0.19785,0.22042,0.2191,0.21609,0.23686,0.25344,0.27246,0.325,0.39316,0.40932,0.42427,0.45541,0.46413,0.45835,0.51914,0.56124,0.6182,0.66981,0.71157,0.72623,0.70732,0.67438,0.65491,0.62401,0.62054,0.60526,0.61553,0.61553,0.60526,0.62054,0.62401,0.65491,0.67438,0.70732,0.72623,0.71157,0.66981,0.6182,0.56124,0.51914,0.45835,0.46413,0.45541,0.42427,0.40932,0.39316,0.325,0.27246,0.25344,0.23686,0.21609,0.2191,0.22042,0.19785,0.16446,0.14486,0.10731,0.075099,0.060953,0.059163,0.071693,0.084574,0.089465,0.092751,0.092025,0.093768,0.10178,0.097023,0.088164,0.077529,0.066614,0.056074,0.040327,0.033904,0.042572,0.054774,0.070563,0.081885,0.094731,0.10771,0.11025,0.10569,0.09019,0.072348,0.058733,0.049094,0.036927
0.0345,0.045462,0.05401,0.065571,0.080333,0.090879,0.093063,0.087704,0.077503,0.064451,0.055137,0.042481,0.028755,0.019631,0.020319,0.026368,0.030829,0.036443,0.045803,0.056677,0.06464,0.06596,0.067965,0.075008,0.075444,0.071216,0.060947,0.046291,0.040613,0.05409,0.083261,0.11497,0.13258,0.15824,0.17902,0.17793,0.1808,0.20282,0.20721,0.21307,0.25714,0.30255,0.31271,0.31736,0.34074,0.33707,0.32615,0.39238,0.4387,0.49583,0.55963,0.60509,0.62788,0.62449,0.60667,0.59463,0.56033,0.55551,0.54518,0.55313,0.55313,0.54518,0.55551,0.56033,0.59463,0.60667,0.62449,0.62788,0.60509,0.55963,0.49583,0.4387,0.39238,0.32615,0.33707,0.34074,0.31736,0.31271,0.30255,0.25714,0.21307,0.20721,0.20282,0.1808,0.17793,0.17902,0.15824,0.13258,0.11497,0.083261,0.05409,0.040613,0.046291,0.060947,0.071216,0.075444,0.075008,0.067965,0.06596,0.06464,0.056677,0.045803,0.036443,0.030829,0.026368,0.020319,0.019631,0.028755,0.042481,0.055137,0.064451,0.077503,0.087704,0.093063,0.090879,0.080333,0.065571,0.05401,0.045462,0.0345
0.035561,0.046275,0.054328,0.063401,0.071361,0.07022,0.065392,0.053185,0.041371,0.029165,0.023674,0.017245,0.0077232,0.0039652,0.0058501,0.0077232,0.0091239,0.0096452,0.016847,0.026841,0.032287,0.036779,0.036557,0.04428,0.044208,0.04148,0.036889,0.026509,0.017771,0.033812,0.060382,0.087596,0.10222,0.11783,0.13201,0.12873,0.13218,0.15365,0.15398,0.16569,0.20919,0.24442,0.25711,0.26395,0.28783,0.28524,0.27627,0.33796,0.37755,0.42458,0.48363,0.51918,0.53001,0.52477,0.51296,0.50973,0.48127,0.48022,0.48083,0.48534,0.48534,0.48083,0.48022,0.48127,0.50973,0.51296,0.52477,0.53001,0.51918,0.48363,0.42458,0.37755,0.33796,0.27627,0.28524,0.28783,0.26395,0.25711,0.24442,0.20919,0.16569,0.15398,0.15365,0.13218,0.12873,0.13201,0.11783,0.10222,0.087596,0.060382,0.033812,0.017771,0.026509,0.036889,0.04148,0.044208,0.04428,0.036557,0.036779,0.032287,0.026841,0.016847,0.0096452,0.0091239,0.0077232,0.0058501,0.0039652,0.0077232,0.017245,0.023674,0.029165,0.041371,0.053185,0.065392,0.07022,0.071361,0.063401,0.054328,0.046275,0.035561
0.034125,0.043783,0.050697,0.05696,0.061718,0.05898,0.053316,0.040351,0.031077,0.021184,0.017245,0.012596,0.0058501,0,0,0,0,0,0.0058501,0.014481,0.020025,0.024855,0.027691,0.033541,0.033486,0.03142,0.027942,0.02008,0.013461,0.028242,0.052425,0.066606,0.075654,0.084558,0.093957,0.089854,0.09501,0.10966,0.10629,0.12238,0.16995,0.19704,0.20885,0.21976,0.24943,0.25368,0.2544,0.31027,0.33751,0.36997,0.42171,0.44446,0.4352,0.41823,0.39992,0.39222,0.36346,0.36029,0.36476,0.35802,0.35802,0.36476,0.36029,0.36346,0.39222,0.39992,0.41823,0.4352,0.44446,0.42171,0.36997,0.33751,0.31027,0.2544,0.25368,0.24943,0.21976,0.20885,0.19704,0.16995,0.12238,0.10629,0.10966,0.09501,0.089854,0.093957,0.084558,0.075654,0.066606,0.052425,0.028242,0.013461,0.02008,0.027942,0.03142,0.033486,0.033541,0.027691,0.024855,0.020025,0.014481,0.0058501,0,0,0,0,0,0.0058501,0.012596,0.017245,0.021184,0.031077,0.040351,0.053316,0.05898,0.061718,0.05696,0.050697,0.043783,0.034125
0.030486,0.038547,0.04398,0.045299,0.046105,0.041264,0.034613,0.02172,0.015495,0.0091239,0.0077232,0.0058501,0.0039652,0,0,0,0,0,0.0039652,0.0098153,0.013573,0.016847,0.018769,0.022734,0.022697,0.021297,0.018939,0.01361,0.0091239,0.025262,0.045336,0.058206,0.066865,0.073979,0.081185,0.076872,0.080517,0.088274,0.077916,0.095623,0.13223,0.15743,0.16936,0.18347,0.21484,0.22292,0.22781,0.26882,0.28061,0.29735,0.32638,0.33767,0.32033,0.29701,0.2819,0.27557,0.25543,0.25492,0.25917,0.25191,0.25191,0.25917,0.25492,0.25543,0.27557,0.2819,0.29701,0.32033,0.33767,0.32638,0.29735,0.28061,0.26882,0.22781,0.22292,0.21484,0.18347,0.16936,0.15743,0.13223,0.095623,0.077916,0.088274,0.080517,0.076872,0.081185,0.073979,0.066865,0.058206,0.045336,0.025262,0.0091239,0.01361,0.018939,0.021297,0.022697,0.022734,0.018769,0.016847,0.013573,0.0098153,0.0039652,0,0,0,0,0,0.0039652,0.0058501,0.0077232,0.0091239,0.015495,0.02172,0.034613,0.041264,0.046105,0.045299,0.04398,0.038547,0.030486
0.021736,0.026844,0.029917,0.030118,0.027416,0.022585,0.016847,0.0058501,0.0039652,0,0,0,0,0,0,0,0,0,0,0,0,0,0,0,0,0,0,0,0,0.015665,0.032236,0.043973,0.053817,0.059099,0.064089,0.060137,0.060001,0.067555,0.058422,0.080366,0.1164,0.1412,0.15487,0.16936,0.19519,0.19864,0.19682,0.22576,0.22386,0.22677,0.2475,0.25298,0.23603,0.21973,0.21,0.19368,0.16151,0.15166,0.15006,0.13562,0.13562,0.15006,0.15166,0.16151,0.19368,0.21,0.21973,0.23603,0.25298,0.2475,0.22677,0.22386,0.22576,0.19682,0.19864,0.19519,0.16936,0.15487,0.1412,0.1164,0.080366,0.058422,0.067555,0.060001,0.060137,0.064089,0.059099,0.053817,0.043973,0.032236,0.015665,0,0,0,0,0,0,0,0,0,0,0,0,0,0,0,0,0,0,0,0,0.0039652,0.0058501,0.016847,0.022585,0.027416,0.030118,0.029917,0.026844,0.021736
0.015043,0.017771,0.018786,0.017771,0.015043,0.011394,0.0077232,0,0,0,0,0,0,0,0,0,0,0,0,0,0,0,0,0,0,0,0,0,0,0.011688,0.024968,0.03416,0.041938,0.046202,0.049646,0.046387,0.045861,0.053927,0.048074,0.070813,0.10128,0.12627,0.1397,0.15221,0.16815,0.16672,0.15926,0.174,0.16084,0.1506,0.15912,0.15906,0.14173,0.13294,0.12862,0.12075,0.1043,0.10395,0.11323,0.098847,0.098847,0.11323,0.10395,0.1043,0.12075,0.12862,0.13294,0.14173,0.15906,0.15912,0.1506,0.16084,0.174,0.15926,0.16672,0.16815,0.15221,0.1397,0.12627,0.10128,0.070813,0.048074,0.053927,0.045861,0.046387,0.049646,0.046202,0.041938,0.03416,0.024968,0.011688,0,0,0,0,0,0,0,0,0,0,0,0,0,0,0,0,0,0,0,0,0,0,0.0077232,0.011394,0.015043,0.017771,0.018786,0.017771,0.015043
0.011394,0.013461,0.01423,0.013461,0.011394,0.0086309,0.0058501,0,0,0,0,0,0,0,0,0,0,0,0,0,0,0,0,0,0,0,0,0,0,0.0091239,0.019311,0.026402,0.032388,0.035654,0.035224,0.031232,0.028821,0.03325,0.027803,0.046679,0.071218,0.095511,0.10933,0.12289,0.13232,0.12918,0.12052,0.12183,0.10227,0.089379,0.094125,0.093095,0.083474,0.083367,0.083788,0.078396,0.068447,0.067145,0.071447,0.056858,0.056858,0.071447,0.067145,0.068447,0.078396,0.083788,0.083367,0.083474,0.093095,0.094125,0.089379,0.10227,0.12183,0.12052,0.12918,0.13232,0.12289,0.10933,0.095511,0.071218,0.046679,0.027803,0.03325,0.028821,0.031232,0.035224,0.035654,0.032388,0.026402,0.019311,0.0091239,0,0,0,0,0,0,0,0,0,0,0,0,0,0,0,0,0,0,0,0,0,0,0.0058501,0.0086309,0.011394,0.013461,0.01423,0.013461,0.011394
0.0077232,0.0091239,0.0096452,0.0091239,0.0077232,0.0058501,0.0039652,0,0,0,0,0,0,0,0,0,0,0,0,0,0,0,0,0,0,0,0,0,0,0.0096452,0.018195,0.024636,0.029917,0.032585,0.031838,0.02791,0.021953,0.024619,0.017426,0.034618,0.054973,0.078113,0.09176,0.098531,0.10058,0.092243,0.076508,0.068034,0.046572,0.035616,0.041466,0.046711,0.049978,0.053878,0.054869,0.049815,0.042626,0.036322,0.034285,0.020025,0.020025,0.034285,0.036322,0.042626,0.049815,0.054869,0.053878,0.049978,0.046711,0.041466,0.035616,0.046572,0.068034,0.076508,0.092243,0.10058,0.098531,0.09176,0.078113,0.054973,0.034618,0.017426,0.024619,0.021953,0.02791,0.031838,0.032585,0.029917,0.024636,0.018195,0.0096452,0,0,0,0,0,0,0,0,0,0,0,0,0,0,0,0,0,0,0,0,0,0,0.0039652,0.0058501,0.0077232,0.0091239,0.0096452,0.0091239,0.0077232
0,0,0,0,0,0,0,0,0,0,0,0,0,0,0,0,0,0,0,0,0,0,0,0,0,0,0,0,0,0.0091239,0.013461,0.017771,0.020994,0.022193,0.020994,0.017771,0.013461,0.016847,0.011394,0.028616,0.047441,0.068577,0.08125,0.088023,0.087081,0.078547,0.059805,0.045574,0.023106,0.0091239,0.011688,0.017245,0.022766,0.03086,0.034281,0.034618,0.03189,0.02689,0.024778,0.013573,0.013573,0.024778,0.02689,0.03189,0.034618,0.034281,0.03086,0.022766,0.017245,0.011688,0.0091239,0.023106,0.045574,0.059805,0.078547,0.087081,0.088023,0.08125,0.068577,0.047441,0.028616,0.011394,0.016847,0.013461,0.017771,0.020994,0.022193,0.020994,0.017771,0.013461,0.0091239,0,0,0,0,0,0,0,0,0,0,0,0,0,0,0,0,0,0,0,0,0,0,0,0,0,0,0,0,0
