376051	18862	853	732	0.674	0.442	551.007	3.900	0	805	559	0.355	0.480	571.254	4.046	0
376071	18863	839	718	0.673	0.442	551.601	3.888	0	845	614	0.354	0.480	571.358	4.008	0
376091	18864	1164	749	0.670	0.443	552.356	3.936	0	1134	708	0.351	0.482	571.014	3.907	0
376111	18865	1339	852	0.668	0.444	553.858	4.030	0	1326	802	0.349	0.482	570.919	4.068	0
376131	18866	1348	837	0.669	0.444	555.133	4.111	0	1315	835	0.349	0.482	570.062	3.916	0
376151	18867	1359	867	0.669	0.444	558.770	4.068	0	1323	822	0.349	0.482	567.655	3.978	0
376171	18868	1367	862	0.669	0.444	561.184	4.087	0	1279	840	0.349	0.482	565.534	3.828	0
376191	18869	1356	815	0.669	0.444	562.482	4.053	0	1267	834	0.349	0.482	563.161	3.855	0
376211	18870	1331	855	0.669	0.444	562.471	4.057	0	1285	830	0.349	0.481	562.020	3.957	0
376230	18871	903	630	0.673	0.442	564.633	4.054	0	969	783	0.352	0.480	561.990	3.963	0
376250	18872	821	647	0.673	0.442	564.003	4.089	0	840	704	0.354	0.479	561.128	3.781	0
376270	18873	834	655	0.673	0.442	562.223	3.938	0	880	740	0.354	0.479	562.057	3.813	0
376290	18874	873	646	0.673	0.442	561.821	3.969	0	888	709	0.354	0.479	562.799	3.722	0
376310	18875	851	658	0.673	0.442	561.523	3.992	0	882	689	0.354	0.479	566.835	3.896	0
376330	18876	868	646	0.673	0.442	561.489	3.986	0	859	658	0.354	0.479	570.200	3.997	0
376350	18877	865	689	0.673	0.442	561.489	3.917	0	860	639	0.353	0.480	572.325	3.794	0
376370	18878	853	640	0.673	0.442	561.401	4.032	0	877	638	0.353	0.480	572.332	3.802	0
376390	18879	876	648	0.673	0.442	561.400	3.951	0	857	659	0.354	0.480	572.340	3.777	0
376410	18880	798	613	0.674	0.441	561.398	3.978	0	805	561	0.354	0.479	573.391	3.871	0
376430	18881	853	639	0.674	0.441	561.190	3.967	0	806	647	0.354	0.479	573.159	3.896	0
376450	18882	840	658	0.674	0.441	560.946	3.960	0	800	564	0.354	0.479	572.485	3.860	0
376470	18883	834	650	0.674	0.441	559.035	4.081	0	811	563	0.354	0.479	571.786	3.850	0
376490	18884	837	637	0.674	0.441	557.837	3.889	0	849	608	0.354	0.479	571.355	3.809	0
376510	18885	816	627	0.674	0.441	556.908	3.943	0	810	629	0.354	0.479	571.354	3.821	0
376530	18886	825	682	0.674	0.441	556.692	3.959	0	841	613	0.354	0.479	571.352	3.800	0
376549	18887	834	663	0.674	0.442	556.600	3.842	0	773	548	0.354	0.479	571.168	3.859	0
376569	18888	818	653	0.674	0.441	556.655	3.940	0	794	650	0.354	0.479	571.165	3.847	0
376589	18889	828	655	0.674	0.441	556.735	3.832	0	791	600	0.354	0.479	571.020	3.781	0
376609	18890	838	589	0.674	0.441	556.916	3.877	0	762	571	0.354	0.479	570.774	3.798	0
376629	18891	799	631	0.674	0.441	556.813	3.776	0	832	557	0.354	0.479	570.470	3.797	0
376649	18892	849	583	0.674	0.441	556.657	3.913	0	765	601	0.354	0.479	569.098	3.758	0
376669	18893	831	617	0.674	0.441	556.633	3.949	0	809	569	0.354	0.479	568.061	3.639	0
376689	18894	819	621	0.674	0.441	556.748	3.954	0	776	563	0.354	0.479	568.042	3.786	0
376709	18895	832	579	0.674	0.441	556.644	3.814	0	790	594	0.354	0.479	568.017	3.710	0
376729	18896	817	650	0.674	0.441	556.463	3.797	0	755	557	0.354	0.479	568.704	3.702	0
376749	18897	824	595	0.674	0.441	556.403	3.850	0	807	590	0.354	0.479	568.730	3.679	0
376769	18898	816	563	0.674	0.441	556.464	3.935	0	782	570	0.354	0.479	568.490	3.777	0
376789	18899	830	625	0.674	0.441	556.463	3.925	0	794	573	0.354	0.479	568.350	3.660	0
376809	18900	793	594	0.674	0.441	556.268	3.881	0	769	560	0.354	0.479	568.067	3.781	0
376829	18901	820	585	0.674	0.441	556.138	3.917	0	804	542	0.354	0.479	566.834	3.791	0
376849	18902	858	605	0.674	0.441	555.985	3.852	0	796	551	0.354	0.479	566.438	3.894	0
376868	18903	868	619	0.674	0.441	555.923	3.819	0	766	583	0.354	0.479	566.437	3.695	0
376888	18904	812	584	0.674	0.441	555.922	3.755	0	799	547	0.354	0.479	566.631	3.716	0
376908	18905	812	621	0.674	0.441	555.832	3.771	0	798	563	0.354	0.478	568.152	3.749	0
376928	18906	817	574	0.674	0.441	555.683	3.881	0	764	538	0.354	0.479	567.619	3.693	0
376948	18907	804	623	0.674	0.441	555.741	3.824	0	785	585	0.354	0.479	567.566	3.841	0
376968	18908	783	585	0.674	0.441	555.870	3.880	0	772	534	0.354	0.479	567.557	3.732	0
376988	18909	835	575	0.674	0.441	556.702	3.782	0	784	562	0.354	0.479	567.547	3.712	0
377008	18910	852	586	0.674	0.441	556.888	3.840	0	789	600	0.354	0.479	566.155	3.714	0
377028	18911	862	589	0.674	0.441	557.188	3.908	0	758	591	0.354	0.479	565.834	3.605	0
377048	18912	834	590	0.674	0.441	557.185	3.898	0	794	533	0.354	0.479	565.830	3.750	0
377068	18913	823	576	0.674	0.441	557.182	3.953	0	766	546	0.354	0.479	565.967	3.761	0
377088	18914	798	654	0.674	0.441	557.201	3.808	0	826	564	0.354	0.479	567.602	3.715	0
377108	18915	810	641	0.674	0.441	557.276	3.787	0	779	547	0.354	0.479	569.310	3.836	0
377128	18916	824	615	0.674	0.441	556.780	3.870	0	782	559	0.354	0.479	570.948	3.719	0
377148	18917	846	633	0.674	0.441	556.408	3.825	0	756	550	0.354	0.479	571.203	3.698	0
377168	18918	808	626	0.674	0.441	555.988	3.833	0	733	550	0.354	0.479	571.202	3.906	0
377187	18919	850	628	0.674	0.441	555.989	3.833	0	797	599	0.354	0.479	570.986	3.773	0
377207	18920	801	620	0.674	0.441	555.925	3.783	0	791	555	0.354	0.479	571.383	3.840	0
377227	18921	810	602	0.674	0.441	555.756	3.817	0	788	562	0.354	0.479	571.342	3.763	0
377247	18922	815	583	0.674	0.441	555.581	3.791	0	796	556	0.354	0.479	571.347	3.704	0
377267	18923	836	594	0.674	0.441	555.295	3.829	0	830	534	0.354	0.479	571.525	3.631	0
377287	18924	809	561	0.674	0.441	555.209	3.769	0	783	557	0.354	0.479	571.806	3.679	0
377307	18925	790	629	0.674	0.441	555.022	3.842	0	770	630	0.354	0.479	572.079	3.664	0
377327	18926	836	594	0.674	0.441	555.022	3.742	0	815	528	0.354	0.479	572.017	3.638	0
377347	18927	839	612	0.674	0.441	555.085	3.838	0	813	515	0.354	0.479	572.015	3.746	0
377367	18928	836	592	0.674	0.442	555.086	3.822	0	791	546	0.354	0.479	572.013	3.727	0
377387	18929	817	582	0.674	0.442	555.173	3.756	0	776	529	0.354	0.479	571.836	3.653	0
377407	18930	852	624	0.674	0.441	555.435	3.664	0	779	552	0.354	0.479	571.538	3.643	0
377427	18931	834	584	0.674	0.441	555.714	3.798	0	798	526	0.354	0.479	571.374	3.684	0
377447	18932	829	611	0.674	0.442	555.927	3.709	0	815	531	0.354	0.480	570.996	3.503	0
377467	18933	827	574	0.674	0.442	556.011	3.732	0	781	494	0.354	0.480	569.140	3.468	0
377487	18934	840	573	0.674	0.442	556.080	3.740	0	787	507	0.354	0.480	567.341	3.626	0
377506	18935	824	574	0.674	0.442	556.193	3.788	0	781	519	0.354	0.480	565.700	3.548	0
377526	18936	827	568	0.674	0.442	556.069	3.796	0	805	539	0.354	0.480	565.606	3.573	0
377546	18937	853	587	0.674	0.442	556.025	3.723	0	794	568	0.354	0.480	565.650	3.656	0
377566	18938	854	562	0.674	0.442	556.191	3.712	0	761	580	0.354	0.480	565.650	3.666	0
377586	18939	833	583	0.674	0.442	556.337	3.811	0	804	544	0.354	0.480	565.649	3.613	0
377606	18940	801	554	0.674	0.442	556.437	3.771	0	805	541	0.354	0.480	567.366	3.550	0
377626	18941	838	572	0.674	0.442	556.437	3.778	0	773	566	0.354	0.481	568.867	3.607	0
377646	18942	827	626	0.674	0.442	556.281	3.713	0	795	550	0.354	0.481	569.924	3.638	0
377666	18943	827	604	0.674	0.442	556.134	3.682	0	787	513	0.354	0.481	569.990	3.576	0
377686	18944	830	596	0.673	0.442	556.439	3.696	0	822	538	0.354	0.481	570.087	3.640	0
377706	18945	822	593	0.674	0.442	556.520	3.777	0	792	554	0.354	0.480	570.088	3.630	0
377726	18946	818	610	0.674	0.442	556.636	3.766	0	758	539	0.354	0.481	570.191	3.592	0
377746	18947	842	603	0.674	0.442	556.882	3.757	0	792	490	0.354	0.481	570.192	3.512	0
377766	18948	864	614	0.674	0.442	556.402	3.762	0	792	514	0.354	0.481	570.090	3.716	0
377786	18949	844	560	0.674	0.442	558.304	3.786	0	789	508	0.354	0.481	569.901	3.521	0
377805	18950	846	552	0.674	0.442	559.695	3.733	0	796	506	0.354	0.480	569.582	3.751	0
377825	18951	873	567	0.674	0.442	559.724	3.805	0	812	577	0.354	0.480	569.583	3.700	0
377845	18952	857	572	0.674	0.442	559.285	3.718	0	807	507	0.354	0.480	569.890	3.564	0
377865	18953	839	613	0.674	0.442	558.089	3.670	0	807	537	0.354	0.480	569.972	3.608	0
377885	18954	834	539	0.674	0.442	557.323	3.812	0	792	531	0.354	0.481	570.289	3.670	0
377905	18955	854	568	0.674	0.442	557.427	3.832	0	795	583	0.354	0.481	570.376	3.725	0
377925	18956	821	535	0.674	0.442	557.275	3.727	0	786	513	0.354	0.480	570.481	3.662	0
377945	18957	857	546	0.674	0.442	557.273	3.637	0	798	545	0.354	0.480	570.676	3.726	0
377965	18958	842	566	0.674	0.442	557.425	3.774	0	791	558	0.354	0.480	570.851	3.629	0
377985	18959	850	571	0.674	0.442	557.546	3.723	0	793	534	0.354	0.481	570.853	3.735	0
378005	18960	836	587	0.674	0.442	557.684	3.749	0	809	574	0.354	0.481	570.856	3.670	0
378025	18961	853	602	0.674	0.442	557.848	3.668	0	754	493	0.354	0.481	571.047	3.738	0
378045	18962	865	578	0.674	0.442	557.925	3.605	0	781	520	0.354	0.481	571.358	3.837	0
378065	18963	869	584	0.674	0.442	557.924	3.742	0	784	569	0.354	0.480	571.695	3.627	0
378085	18964	848	564	0.674	0.442	557.921	3.816	0	805	579	0.354	0.480	571.606	3.664	0
378105	18965	835	568	0.674	0.442	557.920	3.737	0	814	583	0.354	0.481	571.828	3.685	0
378124	18966	844	547	0.674	0.442	557.549	3.702	0	799	516	0.354	0.481	571.852	3.794	0
378144	18967	881	535	0.674	0.442	556.827	3.735	0	820	554	0.354	0.480	571.853	3.711	0
378164	18968	875	551	0.674	0.442	556.080	3.768	0	798	563	0.354	0.480	572.118	3.844	0
378184	18969	871	607	0.674	0.442	555.462	3.693	0	779	557	0.354	0.480	572.317	3.711	0
378204	18970	898	581	0.674	0.442	554.803	3.706	0	815	575	0.354	0.480	572.415	3.721	0
378224	18971	876	568	0.674	0.442	551.987	3.721	0	814	543	0.354	0.480	572.681	3.721	0
378244	18972	827	617	0.674	0.442	551.875	3.722	0	765	503	0.354	0.480	572.759	3.828	0
378264	18973	856	596	0.674	0.442	551.886	3.766	0	810	538	0.354	0.480	572.760	3.727	0
378284	18974	845	567	0.674	0.442	551.899	3.808	0	762	513	0.354	0.480	572.761	3.740	0
378304	18975	820	589	0.674	0.442	552.963	3.674	0	816	533	0.354	0.480	570.380	3.653	0
378324	18976	828	569	0.674	0.442	555.417	3.764	0	763	542	0.354	0.480	568.492	3.621	0
378344	18977	860	552	0.674	0.442	556.080	3.701	0	814	510	0.354	0.481	567.251	3.831	0
378364	18978	854	593	0.674	0.442	556.080	3.792	0	852	555	0.354	0.481	567.250	3.753	0
378384	18979	870	538	0.674	0.442	556.079	3.796	0	822	538	0.354	0.480	567.248	3.684	0
378404	18980	903	575	0.674	0.442	555.051	3.801	0	811	579	0.354	0.480	567.541	3.598	0
378424	18981	866	611	0.674	0.442	553.763	3.760	0	846	501	0.354	0.480	569.921	3.674	0
378444	18982	850	578	0.674	0.442	552.338	3.677	0	794	554	0.354	0.481	571.352	3.704	0
378463	18983	872	606	0.674	0.442	551.946	3.703	0	781	507	0.354	0.481	571.375	3.731	0
378483	18984	852	588	0.674	0.442	551.944	3.725	0	803	565	0.354	0.480	571.404	3.690	0
378503	18985	856	608	0.674	0.442	551.942	3.601	0	773	549	0.354	0.480	570.567	3.674	0
378523	18986	859	597	0.674	0.442	552.345	3.850	0	791	559	0.354	0.480	570.151	3.674	0
378543	18987	855	602	0.674	0.442	552.887	3.707	0	812	534	0.354	0.480	569.887	3.778	0
378563	18988	888	603	0.674	0.442	553.326	3.734	0	768	515	0.354	0.481	568.654	3.673	0
378583	18989	835	592	0.674	0.442	553.409	3.749	0	816	562	0.354	0.481	566.784	3.746	0
378603	18990	858	570	0.674	0.442	553.524	3.865	0	816	541	0.354	0.480	566.436	3.559	0
378623	18991	875	565	0.674	0.442	553.641	3.705	0	786	563	0.354	0.480	567.720	3.695	0
378643	18992	872	550	0.674	0.442	553.775	3.748	0	803	556	0.354	0.480	568.946	3.626	0
378663	18993	846	580	0.674	0.442	553.858	3.773	0	809	506	0.354	0.481	569.031	3.677	0
378683	18994	857	619	0.674	0.443	554.030	3.750	0	790	541	0.354	0.481	569.264	3.682	0
378703	18995	852	618	0.674	0.443	554.157	3.826	0	783	551	0.354	0.481	570.666	3.783	0
378723	18996	884	583	0.674	0.442	554.165	3.776	0	815	571	0.354	0.481	570.936	3.667	0
378743	18997	864	630	0.674	0.442	554.242	3.686	0	779	532	0.354	0.481	570.936	3.697	0
378763	18998	841	595	0.673	0.442	554.202	3.689	0	783	542	0.354	0.480	570.935	3.666	0
378782	18999	860	585	0.673	0.442	554.195	3.681	0	754	546	0.354	0.480	570.898	3.633	0
378802	19000	869	570	0.674	0.442	554.137	3.623	0	794	512	0.354	0.480	570.798	3.567	0
378822	19001	860	599	0.674	0.442	554.126	3.686	0	803	505	0.354	0.481	570.767	3.704	0
378842	19002	861	580	0.674	0.442	553.024	3.720	0	782	550	0.354	0.481	570.421	3.605	0
378862	19003	871	593	0.674	0.442	552.158	3.786	0	812	528	0.354	0.480	570.429	3.668	0
378882	19004	869	610	0.674	0.442	550.715	3.785	0	779	595	0.354	0.480	570.764	3.693	0
378902	19005	844	641	0.674	0.442	549.331	3.598	0	731	582	0.354	0.480	571.076	3.622	0
378922	19006	838	637	0.674	0.442	547.517	3.660	0	775	521	0.354	0.481	571.114	3.643	0
378942	19007	823	643	0.674	0.443	546.809	3.652	0	747	535	0.354	0.481	571.039	3.570	0
378962	19008	855	640	0.674	0.443	546.807	3.576	0	785	583	0.354	0.481	570.921	3.550	0
378982	19009	838	670	0.674	0.443	546.653	3.635	0	747	500	0.354	0.481	570.917	3.555	0
379002	19010	839	669	0.674	0.442	546.652	3.626	0	748	526	0.354	0.481	569.102	3.613	0
379022	19011	845	661	0.674	0.442	549.003	3.644	0	763	588	0.354	0.480	567.663	3.461	0
379042	19012	852	622	0.674	0.442	551.041	3.716	0	776	595	0.354	0.480	566.354	3.521	0
379062	19013	868	657	0.674	0.442	550.431	3.717	0	779	575	0.354	0.480	566.227	3.587	0
379082	19014	839	659	0.674	0.442	550.777	3.739	0	776	569	0.354	0.480	566.032	3.557	0
379101	19015	912	575	0.674	0.442	550.568	3.786	0	780	587	0.354	0.480	566.284	3.469	0
379121	19016	-1600	-1200	0.354	0.479	-1.000	-1.000	4	792	649	0.354	0.479	566.502	3.613	0
379141	19017	-1600	-1200	-1.000	-1.000	-1.000	-1.000	4	-1600	-1200	-1.000	-1.000	-1.000	-1.000	4
379161	19018	-1600	-1200	0.354	0.479	-1.000	-1.000	4	705	639	0.354	0.479	567.681	3.735	0
379181	19019	-1600	-1200	0.354	0.479	-1.000	-1.000	4	783	619	0.354	0.479	569.322	3.378	0
379201	19020	805	681	0.675	0.440	552.200	3.606	0	801	561	0.354	0.479	570.983	3.497	0
379221	19021	930	555	0.674	0.441	552.191	3.775	0	778	555	0.354	0.479	573.065	3.530	0
379241	19022	845	499	0.675	0.441	552.576	3.599	0	806	555	0.354	0.479	573.539	3.642	0
379261	19023	821	600	0.674	0.441	557.513	3.535	0	803	548	0.354	0.479	573.912	3.586	0
379281	19024	803	501	0.674	0.441	563.391	3.673	0	743	534	0.354	0.479	573.911	3.472	0
379301	19025	774	562	0.674	0.441	567.421	3.804	0	782	585	0.354	0.479	573.905	3.540	0
379321	19026	788	602	0.674	0.441	568.503	3.698	0	802	583	0.354	0.479	573.653	3.575	0
379341	19027	807	593	0.674	0.441	569.047	3.747	0	780	578	0.354	0.480	573.653	3.503	0
379361	19028	798	567	0.674	0.441	570.438	3.756	0	811	605	0.354	0.480	573.530	3.571	0
379381	19029	789	571	0.674	0.442	571.208	3.791	0	805	645	0.354	0.480	573.335	3.530	0
379400	19030	824	568	0.674	0.442	572.960	3.678	0	801	567	0.354	0.480	573.157	3.521	0
379420	19031	813	541	0.674	0.442	573.971	3.861	0	739	550	0.354	0.480	573.127	3.459	0
379440	19032	805	577	0.674	0.442	573.968	3.696	0	770	566	0.354	0.480	572.952	3.518	0
379460	19033	817	506	0.674	0.442	573.964	3.664	0	799	584	0.354	0.480	572.586	3.588	0
379480	19034	844	553	0.674	0.442	572.314	3.723	0	788	546	0.354	0.480	571.917	3.547	0
379500	19035	860	545	0.674	0.442	570.563	3.725	0	796	530	0.354	0.480	571.048	3.515	0
379520	19036	810	578	0.674	0.442	568.985	3.666	0	771	563	0.354	0.480	570.528	3.482	0
379540	19037	800	575	0.674	0.442	568.981	3.624	0	783	621	0.354	0.480	568.531	3.663	0
379560	19038	835	548	0.674	0.442	568.975	3.705	0	832	555	0.354	0.480	568.516	3.581	0
379580	19039	784	579	0.674	0.442	569.231	3.670	0	813	595	0.354	0.480	568.497	3.483	0
379600	19040	841	534	0.674	0.442	570.072	3.690	0	766	625	0.354	0.480	570.570	3.658	0
379620	19041	823	511	0.674	0.442	571.808	3.784	0	813	568	0.354	0.480	570.744	3.710	0
379640	19042	855	501	0.674	0.442	571.822	3.737	0	805	518	0.354	0.480	570.925	3.461	0
379660	19043	867	586	0.674	0.442	571.840	3.652	0	817	596	0.354	0.480	570.926	3.527	0
379680	19044	852	542	0.674	0.442	571.184	3.647	0	809	581	0.354	0.480	571.043	3.545	0
379700	19045	854	565	0.674	0.442	568.681	3.548	0	812	537	0.354	0.480	571.189	3.503	0
379719	19046	860	587	0.674	0.442	566.535	3.587	0	813	489	0.354	0.480	571.026	3.472	0
379739	19047	842	564	0.674	0.442	564.058	3.635	0	800	579	0.354	0.480	571.169	3.555	0
379759	19048	860	531	0.674	0.442	562.559	3.640	0	808	556	0.354	0.480	571.171	3.493	0
379779	19049	863	599	0.674	0.442	562.005	3.575	0	771	560	0.354	0.480	571.064	3.539	0
379799	19050	861	578	0.674	0.442	561.511	3.581	0	785	554	0.354	0.480	571.122	3.357	0
379819	19051	858	583	0.674	0.442	561.508	3.668	0	784	612	0.354	0.480	571.121	3.489	0
379839	19052	875	631	0.674	0.442	558.577	3.550	0	792	606	0.355	0.480	570.908	3.405	0
379859	19053	847	598	0.674	0.442	555.842	3.539	0	814	577	0.355	0.480	570.847	3.534	0
379879	19054	865	632	0.674	0.442	553.398	3.635	0	776	540	0.354	0.480	570.649	3.421	0
379899	19055	847	626	0.674	0.442	552.992	3.401	0	809	559	0.354	0.480	568.626	3.404	0
379919	19056	867	637	0.674	0.442	552.906	3.454	0	794	588	0.354	0.480	567.103	3.332	0
379939	19057	852	597	0.674	0.442	552.710	3.450	0	784	568	0.355	0.480	565.789	3.261	0
379959	19058	830	638	0.674	0.442	552.708	3.419	0	804	541	0.355	0.480	565.604	3.389	0
379979	19059	856	642	0.674	0.442	552.639	3.448	0	807	567	0.355	0.480	565.437	3.417	0
379999	19060	852	645	0.674	0.442	552.586	3.411	0	794	537	0.355	0.480	565.333	3.404	0
380019	19061	848	614	0.674	0.442	552.587	3.475	0	766	539	0.355	0.480	565.137	3.466	0
380038	19062	873	628	0.674	0.442	552.477	3.518	0	802	563	0.355	0.480	564.985	3.432	0
380058	19063	867	660	0.674	0.442	552.347	3.388	0	790	589	0.355	0.480	564.873	3.410	0
380078	19064	897	645	0.674	0.442	552.401	3.447	0	798	575	0.355	0.480	564.873	3.357	0
380098	19065	859	629	0.674	0.442	552.398	3.490	0	766	601	0.355	0.480	564.835	3.284	0
380118	19066	863	595	0.674	0.442	552.254	3.591	0	787	559	0.355	0.480	564.867	3.429	0
380138	19067	841	619	0.674	0.442	552.048	3.427	0	765	562	0.355	0.480	564.926	3.447	0
380158	19068	858	632	0.674	0.442	552.118	3.414	0	810	555	0.355	0.480	564.976	3.336	0
380178	19069	859	616	0.674	0.442	552.029	3.492	0	789	525	0.354	0.480	564.958	3.396	0
380198	19070	845	594	0.674	0.442	552.024	3.396	0	744	532	0.354	0.480	565.089	3.367	0
380218	19071	854	657	0.674	0.442	551.666	3.406	0	765	544	0.354	0.480	565.149	3.234	0
380238	19072	898	651	0.674	0.442	551.461	3.449	0	761	604	0.354	0.480	567.257	3.450	0
380258	19073	860	599	0.674	0.442	551.660	3.517	0	774	579	0.355	0.480	569.313	3.389	0
380278	19074	847	614	0.674	0.442	552.026	3.491	0	806	524	0.355	0.480	569.210	3.381	0
380298	19075	828	603	0.674	0.442	552.035	3.550	0	811	543	0.355	0.480	568.604	3.412	0
380318	19076	798	601	0.674	0.442	552.871	3.459	0	799	566	0.355	0.480	570.365	3.486	0
380338	19077	835	583	0.674	0.442	554.467	3.564	0	778	532	0.355	0.480	570.184	3.457	0
380357	19078	844	564	0.674	0.442	558.778	3.540	0	790	549	0.355	0.480	570.053	3.476	0
380377	19079	853	595	0.674	0.442	561.215	3.539	0	789	555	0.355	0.480	570.041	3.475	0
380397	19080	867	603	0.674	0.442	562.375	3.650	0	797	555	0.355	0.480	570.041	3.561	0
380417	19081	856	603	0.674	0.442	562.368	3.600	0	785	497	0.355	0.480	570.104	3.550	0
380437	19082	860	555	0.674	0.442	562.380	3.726	0	804	512	0.355	0.480	570.104	3.480	0
380457	19083	864	562	0.674	0.442	562.569	3.611	0	796	556	0.355	0.480	570.625	3.424	0
380477	19084	886	601	0.674	0.442	562.576	3.577	0	824	548	0.355	0.480	571.069	3.435	0
380497	19085	878	595	0.675	0.442	561.610	3.650	0	835	550	0.355	0.480	571.030	3.513	0
380517	19086	851	606	0.674	0.442	561.346	3.574	0	803	512	0.355	0.480	571.007	3.603	0
380537	19087	846	575	0.674	0.442	562.382	3.588	0	838	472	0.355	0.480	570.579	3.473	0
380557	19088	868	608	0.674	0.442	563.119	3.669	0	812	477	0.355	0.480	570.631	3.512	0
380577	19089	884	605	0.674	0.442	563.484	3.609	0	824	550	0.355	0.480	570.984	3.626	0
380597	19090	857	572	0.674	0.442	561.691	3.696	0	794	535	0.355	0.480	571.046	3.509	0
380617	19091	857	602	0.674	0.442	561.572	3.644	0	795	503	0.355	0.480	571.050	3.445	0
380637	19092	851	593	0.674	0.442	562.359	3.616	0	846	555	0.355	0.480	570.981	3.617	0
380657	19093	852	564	0.674	0.442	562.743	3.668	0	817	509	0.355	0.480	571.342	3.494	0
380676	19094	848	572	0.674	0.442	562.684	3.571	0	810	505	0.355	0.480	571.344	3.517	0
380696	19095	867	579	0.674	0.442	562.685	3.628	0	819	535	0.355	0.480	571.413	3.616	0
380716	19096	834	564	0.674	0.442	562.686	3.630	0	810	543	0.355	0.480	571.122	3.506	0
380736	19097	874	582	0.674	0.442	562.965	3.695	0	793	541	0.355	0.480	570.897	3.568	0
380756	19098	831	524	0.674	0.442	562.914	3.583	0	795	555	0.355	0.480	570.642	3.659	0
380776	19099	867	601	0.674	0.442	562.920	3.637	0	798	549	0.355	0.480	570.362	3.627	0
380796	19100	872	545	0.674	0.442	562.565	3.657	0	802	589	0.355	0.480	569.168	3.588	0
380816	19101	865	561	0.674	0.442	561.985	3.510	0	805	529	0.355	0.480	568.850	3.533	0
380837	19102	873	562	0.674	0.442	558.151	3.801	0	798	572	0.355	0.480	567.661	3.575	0
380856	19103	886	631	0.674	0.442	554.818	3.605	0	824	573	0.355	0.480	567.638	3.634	0
380876	19104	877	601	0.674	0.442	551.781	3.633	0	790	547	0.355	0.480	567.613	3.421	0
380896	19105	845	664	0.674	0.442	551.270	3.554	0	809	550	0.355	0.480	568.028	3.507	0
380916	19106	868	622	0.674	0.442	550.860	3.517	0	836	550	0.355	0.480	569.475	3.684	0
380936	19107	869	608	0.674	0.442	550.863	3.625	0	789	566	0.355	0.481	570.540	3.465	0
380956	19108	875	622	0.674	0.442	550.791	3.612	0	787	564	0.355	0.480	570.762	3.440	0
380976	19109	848	585	0.674	0.442	550.996	3.616	0	775	538	0.355	0.480	571.137	3.495	0
380995	19110	860	645	0.674	0.442	551.119	3.565	0	813	567	0.355	0.480	570.992	3.569	0
381015	19111	871	608	0.674	0.442	550.900	3.578	0	808	513	0.355	0.480	570.995	3.605	0
381035	19112	880	594	0.675	0.442	550.898	3.639	0	809	532	0.355	0.480	571.255	3.613	0
381055	19113	866	609	0.675	0.442	550.895	3.549	0	815	487	0.355	0.480	571.349	3.549	0
381075	19114	850	632	0.675	0.442	550.108	3.555	0	781	540	0.355	0.480	571.358	3.637	0
381095	19115	856	671	0.675	0.442	550.148	3.534	0	816	522	0.355	0.480	571.784	3.639	0
381115	19116	841	626	0.675	0.442	550.507	3.563	0	799	555	0.355	0.480	572.039	3.546	0
381135	19117	867	647	0.675	0.442	550.447	3.657	0	761	546	0.355	0.480	572.071	3.557	0
381155	19118	885	607	0.675	0.442	549.915	3.554	0	769	556	0.355	0.480	572.241	3.559	0
381175	19119	885	612	0.675	0.442	549.830	3.535	0	832	526	0.355	0.480	572.202	3.504	0
381195	19120	852	583	0.675	0.442	549.703	3.525	0	790	525	0.355	0.480	572.367	3.644	0
381215	19121	846	618	0.675	0.442	548.466	3.555	0	781	554	0.355	0.480	572.389	3.609	0
381235	19122	891	601	0.675	0.442	546.404	3.560	0	779	552	0.355	0.480	572.441	3.616	0
381255	19123	906	597	0.675	0.442	545.383	3.576	0	782	517	0.355	0.480	572.364	3.590	0
381275	19124	865	607	0.675	0.442	545.060	3.595	0	777	531	0.355	0.480	572.367	3.591	0
381295	19125	916	607	0.675	0.442	544.514	3.497	0	783	497	0.355	0.480	572.206	3.496	0
381314	19126	908	613	0.675	0.442	541.467	3.527	0	755	544	0.355	0.480	572.019	3.547	0
381334	19127	878	629	0.675	0.442	539.390	3.584	0	743	548	0.355	0.480	570.199	3.599	0
381354	19128	869	620	0.675	0.442	538.031	3.495	0	798	627	0.355	0.480	568.575	3.572	0
381374	19129	875	626	0.675	0.442	538.033	3.491	0	796	512	0.355	0.480	567.628	3.570	0
381394	19130	872	690	0.675	0.442	538.035	3.461	0	778	539	0.355	0.480	567.630	3.494	0
381414	19131	857	625	0.675	0.442	538.239	3.504	0	776	559	0.355	0.480	567.420	3.497	0
381434	19132	826	612	0.675	0.442	538.363	3.498	0	786	556	0.355	0.480	567.539	3.475	0
381454	19133	858	626	0.675	0.442	538.458	3.517	0	789	535	0.355	0.480	567.749	3.594	0
381474	19134	877	620	0.675	0.442	540.244	3.443	0	782	535	0.355	0.480	567.876	3.582	0
381494	19135	883	633	0.675	0.442	540.065	3.470	0	784	532	0.355	0.480	567.877	3.543	0
381514	19136	856	648	0.675	0.442	538.622	3.460	0	752	541	0.355	0.480	567.731	3.440	0
381534	19137	857	641	0.675	0.442	538.737	3.506	0	778	525	0.355	0.480	567.402	3.459	0
381554	19138	902	645	0.675	0.442	540.544	3.545	0	811	612	0.355	0.480	567.600	3.535	0
381574	19139	855	630	0.675	0.442	542.918	3.532	0	806	553	0.355	0.480	567.526	3.467	0
381594	19140	932	613	0.675	0.442	542.912	3.460	0	826	549	0.355	0.480	567.195	3.496	0
381614	19141	854	616	0.675	0.442	541.392	3.523	0	794	544	0.355	0.480	566.852	3.542	0
381633	19142	855	634	0.675	0.442	541.503	3.580	0	782	529	0.355	0.480	567.041	3.522	0
381653	19143	841	633	0.675	0.442	541.481	3.622	0	799	500	0.355	0.480	567.470	3.586	0
381673	19144	890	663	0.674	0.442	543.086	3.512	0	824	541	0.355	0.480	569.615	3.644	0
381693	19145	843	602	0.674	0.442	543.529	3.507	0	813	526	0.355	0.480	570.781	3.568	0
381713	19146	859	627	0.674	0.442	544.927	3.455	0	790	483	0.355	0.480	572.003	3.519	0
381733	19147	817	592	0.674	0.442	545.599	3.505	0	786	497	0.355	0.480	572.253	3.565	0
381753	19148	842	567	0.674	0.442	547.693	3.623	0	806	545	0.354	0.480	572.254	3.324	0
381773	19149	874	569	0.674	0.442	548.404	3.457	0	801	517	0.354	0.480	572.319	3.501	0
381793	19150	839	589	0.674	0.442	548.911	3.547	0	798	519	0.355	0.480	572.560	3.544	0
381813	19151	844	589	0.675	0.442	549.462	3.549	0	785	533	0.355	0.480	572.561	3.385	0
381833	19152	883	567	0.675	0.442	549.544	3.526	0	795	528	0.355	0.480	572.535	3.425	0
381853	19153	868	609	0.675	0.442	549.545	3.500	0	793	555	0.355	0.480	572.562	3.377	0
381873	19154	862	655	0.675	0.442	549.547	3.436	0	805	508	0.355	0.480	572.446	3.456	0
381893	19155	883	612	0.675	0.442	548.651	3.528	0	795	501	0.355	0.480	572.447	3.508	0
381913	19156	855	626	0.675	0.442	546.337	3.427	0	765	499	0.355	0.480	570.347	3.411	0
381933	19157	837	625	0.675	0.442	546.251	3.502	0	780	569	0.355	0.480	570.301	3.418	0
381952	19158	856	625	0.675	0.442	546.286	3.499	0	796	544	0.355	0.480	570.638	3.281	0
381972	19159	865	679	0.675	0.442	544.302	3.471	0	759	576	0.355	0.480	570.558	3.455	0
381992	19160	839	620	0.675	0.442	545.968	3.535	0	766	556	0.355	0.480	570.378	3.401	0
382012	19161	867	637	0.675	0.442	548.219	3.506	0	777	540	0.355	0.480	571.291	3.433	0
382032	19162	870	642	0.675	0.442	548.805	3.520	0	783	527	0.355	0.480	571.295	3.398	0
382052	19163	852	642	0.675	0.442	549.165	3.526	0	765	523	0.355	0.480	571.295	3.367	0
382072	19164	873	645	0.675	0.442	549.381	3.529	0	779	565	0.355	0.480	571.295	3.503	0
382092	19165	828	627	0.675	0.442	549.382	3.511	0	769	546	0.355	0.480	571.294	3.384	0
382112	19166	857	630	0.675	0.442	549.541	3.605	0	786	567	0.355	0.480	571.354	3.398	0
382132	19167	852	634	0.675	0.442	549.543	3.526	0	746	600	0.355	0.480	571.432	3.522	0
382152	19168	851	648	0.675	0.442	549.532	3.438	0	785	518	0.355	0.480	571.433	3.663	0
382172	19169	857	626	0.675	0.442	549.677	3.588	0	782	608	0.355	0.480	571.338	3.609	0
382192	19170	869	621	0.675	0.442	549.573	3.600	0	776	532	0.355	0.480	571.213	3.593	0
382212	19171	844	639	0.675	0.442	549.626	3.641	0	779	521	0.355	0.480	571.005	3.572	0
382232	19172	840	612	0.675	0.442	549.893	3.598	0	785	574	0.355	0.480	570.815	3.646	0
382252	19173	867	620	0.675	0.442	549.896	3.588	0	767	556	0.355	0.480	570.812	3.690	0
382271	19174	860	637	0.675	0.442	550.061	3.640	0	772	576	0.355	0.480	570.813	3.686	0
382291	19175	861	623	0.675	0.442	550.279	3.606	0	769	537	0.355	0.480	570.760	3.616	0
382311	19176	875	629	0.674	0.442	550.483	3.676	0	788	544	0.355	0.480	570.761	3.628	0
382331	19177	866	579	0.674	0.442	550.675	3.696	0	779	529	0.355	0.480	570.593	3.654	0
382351	19178	829	643	0.674	0.442	550.624	3.664	0	804	561	0.355	0.480	570.420	3.718	0
382371	19179	901	581	0.674	0.442	550.624	3.795	0	784	512	0.355	0.480	570.382	3.643	0
382391	19180	849	612	0.674	0.442	550.736	3.609	0	783	560	0.355	0.480	570.176	3.652	0
382411	19181	882	613	0.674	0.442	550.776	3.645	0	799	575	0.355	0.480	570.177	3.605	0
382431	19182	846	610	0.674	0.442	550.864	3.648	0	809	578	0.355	0.480	570.070	3.605	0
382451	19183	851	605	0.674	0.442	550.970	3.704	0	812	517	0.355	0.480	569.860	3.671	0
382471	19184	865	624	0.675	0.442	550.928	3.724	0	781	585	0.355	0.480	569.757	3.680	0
382491	19185	854	668	0.674	0.443	550.835	3.578	0	822	589	0.354	0.480	569.808	3.701	0
382511	19186	1093	686	0.672	0.444	551.130	3.712	0	1072	662	0.352	0.481	569.808	3.822	0
382531	19187	1240	777	0.670	0.444	551.287	3.742	0	1309	710	0.350	0.482	569.809	3.847	0
382551	19188	1371	819	0.669	0.445	553.162	3.744	0	1420	791	0.349	0.483	569.757	3.742	0
382570	19189	1400	808	0.669	0.445	557.265	3.865	0	1423	824	0.348	0.483	567.861	3.778	0
382590	19190	1541	874	0.668	0.445	560.083	3.894	0	1491	840	0.347	0.484	566.576	3.796	0
382610	19191	1666	915	0.667	0.446	560.938	3.821	0	1615	910	0.347	0.484	565.554	3.761	0
382630	19192	-1600	-1200	0.346	0.486	-1.000	-1.000	4	1697	897	0.346	0.486	563.742	3.795	0
382650	19193	1684	965	0.667	0.448	561.090	3.928	0	1708	1005	0.346	0.487	560.623	3.798	0
382670	19194	-1600	-1200	0.347	0.488	-1.000	-1.000	4	1702	998	0.347	0.488	559.209	3.795	0
382690	19195	1679	1049	0.667	0.451	562.016	3.911	0	1714	1047	0.347	0.491	556.990	3.822	0
382710	19196	1748	1029	0.667	0.453	561.116	3.792	0	1701	1086	0.349	0.493	556.331	3.780	0
382730	19197	1844	997	0.669	0.456	561.030	3.840	0	1694	1089	0.351	0.496	555.592	3.895	0
382750	19198	1822	990	0.670	0.459	560.385	3.787	0	1694	1064	0.354	0.499	555.598	3.764	0
382770	19199	1807	1086	0.672	0.462	560.660	3.703	0	1667	1075	0.358	0.502	555.604	3.819	0
382790	19200	1755	1087	0.674	0.462	561.305	3.831	0	1731	1093	0.362	0.502	555.609	3.706	0
382810	19201	1739	1087	0.676	0.460	564.975	3.918	0	1719	1075	0.367	0.501	555.604	3.714	0
382830	19202	1728	1075	0.679	0.458	567.764	3.737	0	1736	1072	0.373	0.498	555.905	3.717	0
382850	19203	-1600	-1200	0.380	0.496	-1.000	-1.000	4	1374	1081	0.380	0.496	557.313	3.793	0
382870	19204	1051	934	0.692	0.454	571.820	4.114	0	-1600	-1200	0.692	0.454	-1.000	-1.000	4
382890	19205	967	858	0.697	0.454	575.859	3.713	0	989	1001	0.399	0.495	562.500	3.568	0
382909	19206	943	907	0.701	0.455	581.138	3.705	0	938	918	0.406	0.495	568.596	3.507	0
382929	19207	931	904	0.704	0.454	591.570	3.613	0	904	995	0.413	0.494	580.074	3.701	0
382949	19208	973	797	0.708	0.453	600.547	3.869	0	931	902	0.420	0.493	600.253	3.683	0
382969	19209	937	851	0.712	0.453	611.505	3.922	0	862	921	0.426	0.492	615.817	3.716	0
382989	19210	1018	848	0.716	0.454	619.312	3.981	0	932	881	0.433	0.493	627.910	3.736	0
383009	19211	1001	752	0.720	0.458	627.936	3.999	0	928	880	0.439	0.496	637.558	3.822	0
383029	19212	1064	797	0.724	0.462	632.017	4.127	0	925	859	0.446	0.499	646.838	3.873	0
383049	19213	1034	779	0.727	0.464	639.341	4.162	0	922	749	0.452	0.500	653.818	3.657	0
383069	19214	1046	834	0.731	0.467	645.630	4.047	0	968	858	0.458	0.502	656.781	3.777	0
383089	19215	1022	818	0.735	0.471	650.609	3.913	0	1006	848	0.464	0.504	660.917	3.791	0
383109	19216	1001	916	0.739	0.475	657.198	3.934	0	1083	670	0.470	0.508	666.702	3.855	0
383129	19217	901	792	0.744	0.480	664.921	4.170	0	877	831	0.477	0.512	670.727	3.889	0
383149	19218	891	870	0.750	0.485	676.959	3.935	0	804	931	0.483	0.516	676.076	4.088	0
383169	19219	702	921	0.755	0.491	684.850	3.995	0	-1600	-1200	0.755	0.491	-1.000	-1.000	4
383189	19220	756	1007	0.761	0.497	690.513	3.958	0	-1600	-1200	0.761	0.497	-1.000	-1.000	4
383208	19221	-1600	-1200	0.504	0.532	-1.000	-1.000	4	13	761	0.504	0.532	681.752	3.516	0
383228	19222	-1600	-1200	-1.000	-1.000	-1.000	-1.000	4	-1600	-1200	-1.000	-1.000	-1.000	-1.000	4
383248	19223	-1600	-1200	-1.000	-1.000	-1.000	-1.000	4	-1600	-1200	-1.000	-1.000	-1.000	-1.000	4
383268	19224	-1600	-1200	-1.000	-1.000	-1.000	-1.000	4	-1600	-1200	-1.000	-1.000	-1.000	-1.000	4
383288	19225	-1600	-1200	-1.000	-1.000	-1.000	-1.000	4	-1600	-1200	-1.000	-1.000	-1.000	-1.000	4
383308	19226	-1600	-1200	-1.000	-1.000	-1.000	-1.000	4	-1600	-1200	-1.000	-1.000	-1.000	-1.000	4
383328	19227	-1600	-1200	-1.000	-1.000	-1.000	-1.000	4	-1600	-1200	-1.000	-1.000	-1.000	-1.000	4
383348	19228	-1600	-1200	-1.000	-1.000	-1.000	-1.000	4	-1600	-1200	-1.000	-1.000	-1.000	-1.000	4
383368	19229	-1600	-1200	-1.000	-1.000	-1.000	-1.000	4	-1600	-1200	-1.000	-1.000	-1.000	-1.000	4
383388	19230	-1600	-1200	-1.000	-1.000	-1.000	-1.000	4	-1600	-1200	-1.000	-1.000	-1.000	-1.000	4
383408	19231	-1600	-1200	-1.000	-1.000	-1.000	-1.000	4	-1600	-1200	-1.000	-1.000	-1.000	-1.000	4
383428	19232	-1600	-1200	-1.000	-1.000	-1.000	-1.000	4	-1600	-1200	-1.000	-1.000	-1.000	-1.000	4
383448	19233	-1600	-1200	-1.000	-1.000	-1.000	-1.000	4	-1600	-1200	-1.000	-1.000	-1.000	-1.000	4
383468	19234	-1600	-1200	-1.000	-1.000	-1.000	-1.000	4	-1600	-1200	-1.000	-1.000	-1.000	-1.000	4
383488	19235	-1600	-1200	-1.000	-1.000	-1.000	-1.000	4	-1600	-1200	-1.000	-1.000	-1.000	-1.000	4
383508	19236	-1600	-1200	-1.000	-1.000	-1.000	-1.000	4	-1600	-1200	-1.000	-1.000	-1.000	-1.000	4
383528	19237	-1600	-1200	-1.000	-1.000	-1.000	-1.000	4	-1600	-1200	-1.000	-1.000	-1.000	-1.000	4
383547	19238	-1600	-1200	-1.000	-1.000	-1.000	-1.000	4	-1600	-1200	-1.000	-1.000	-1.000	-1.000	4
383567	19239	-1600	-1200	-1.000	-1.000	-1.000	-1.000	4	-1600	-1200	-1.000	-1.000	-1.000	-1.000	4
383587	19240	-1600	-1200	-1.000	-1.000	-1.000	-1.000	4	-1600	-1200	-1.000	-1.000	-1.000	-1.000	4
383607	19241	-1600	-1200	-1.000	-1.000	-1.000	-1.000	4	-1600	-1200	-1.000	-1.000	-1.000	-1.000	4
383627	19242	-1600	-1200	-1.000	-1.000	-1.000	-1.000	4	-1600	-1200	-1.000	-1.000	-1.000	-1.000	4
383647	19243	-1600	-1200	-1.000	-1.000	-1.000	-1.000	4	-1600	-1200	-1.000	-1.000	-1.000	-1.000	4
383667	19244	-1600	-1200	-1.000	-1.000	-1.000	-1.000	4	-1600	-1200	-1.000	-1.000	-1.000	-1.000	4
383687	19245	-1600	-1200	-1.000	-1.000	-1.000	-1.000	4	-1600	-1200	-1.000	-1.000	-1.000	-1.000	4
383707	19246	-1600	-1200	-1.000	-1.000	-1.000	-1.000	4	-1600	-1200	-1.000	-1.000	-1.000	-1.000	4
383727	19247	-1600	-1200	-1.000	-1.000	-1.000	-1.000	4	-1600	-1200	-1.000	-1.000	-1.000	-1.000	4
383747	19248	-1600	-1200	-1.000	-1.000	-1.000	-1.000	4	-1600	-1200	-1.000	-1.000	-1.000	-1.000	4
383767	19249	-1600	-1200	-1.000	-1.000	-1.000	-1.000	4	-1600	-1200	-1.000	-1.000	-1.000	-1.000	4
383787	19250	-1600	-1200	-1.000	-1.000	-1.000	-1.000	4	-1600	-1200	-1.000	-1.000	-1.000	-1.000	4
383807	19251	-1600	-1200	-1.000	-1.000	-1.000	-1.000	4	-1600	-1200	-1.000	-1.000	-1.000	-1.000	4
383827	19252	-1600	-1200	-1.000	-1.000	-1.000	-1.000	4	-1600	-1200	-1.000	-1.000	-1.000	-1.000	4
383847	19253	-1600	-1200	-1.000	-1.000	-1.000	-1.000	4	-1600	-1200	-1.000	-1.000	-1.000	-1.000	4
383866	19254	-1600	-1200	-1.000	-1.000	-1.000	-1.000	4	-1600	-1200	-1.000	-1.000	-1.000	-1.000	4
383886	19255	-1600	-1200	0.542	0.657	-1.000	-1.000	4	-1600	-1200	0.542	0.657	-1.000	-1.000	4
383906	19256	-1600	-1200	-1.000	-1.000	-1.000	-1.000	4	-1600	-1200	-1.000	-1.000	-1.000	-1.000	4
383926	19257	-1600	-1200	-1.000	-1.000	-1.000	-1.000	4	-1600	-1200	-1.000	-1.000	-1.000	-1.000	4
383946	19258	-1600	-1200	0.797	0.627	-1.000	-1.000	4	-1600	-1200	0.537	0.665	-1.000	-1.000	4
383966	19259	-1600	-1200	0.535	0.666	-1.000	-1.000	4	1630	1057	0.535	0.666	688.526	3.866	0
383986	19260	-1600	-1200	0.533	0.668	-1.000	-1.000	4	1526	1061	0.533	0.668	689.033	4.076	0
384006	19261	-1600	-1200	0.531	0.669	-1.000	-1.000	4	1570	1031	0.531	0.669	691.266	3.792	0
384026	19262	-1600	-1200	0.528	0.669	-1.000	-1.000	4	1568	1011	0.528	0.669	692.710	3.864	0
384046	19263	-1600	-1200	0.526	0.669	-1.000	-1.000	4	1459	1143	0.526	0.669	691.387	4.136	0
384066	19264	-1600	-1200	0.523	0.669	-1.000	-1.000	4	1466	1124	0.523	0.669	689.932	4.131	0
384086	19265	-1600	-1200	0.519	0.671	-1.000	-1.000	4	1415	1344	0.519	0.671	687.637	4.607	0
384106	19266	-1600	-1200	-1.000	-1.000	-1.000	-1.000	4	-1600	-1200	-1.000	-1.000	-1.000	-1.000	4
384126	19267	1894	2608	0.775	0.629	687.637	3.893	0	1362	1382	0.513	0.670	687.637	4.386	0
384146	19268	-1600	-1200	0.510	0.668	-1.000	-1.000	4	1337	1420	0.510	0.668	685.744	4.314	0
384166	19269	-1600	-1200	0.506	0.665	-1.000	-1.000	4	