54.625,12.116,6.5572,8.257,2.5025,4.1096,28.841,0.25786,3.1102,0.68609,11.171,0.97097,2.0497,0.37257,0.62132,0.12591,0.047894,0.15049,0.2667,0.083687,0.090679,0.054742,0.16337,0.22442,0.056009,0.30413,0.12047,0.33046,0.31601,1.3725,0.065317,0.18786,0.0093106,0.015427,0.022002,0.011643,0.061373,0.014208,0.317,0.058973,0.014596,0.013628,0.027885,0.0038793,0.0060949,0.040622,0.0013585,44.663,0.012316
46.649,23.854,6.6008,3.9797,0.8613,1.6123,2.5424,0.29789,0.46746,0.32311,0.81707,0.37782,0.067164,0.11724,0.24398,0.027092,0.18847,0.077255,0.085616,0.02736,0.13631,3.5934,0.10637,0.026283,0.096609,0.015297,4.9185,0.061399,3.2214,0.10584,0.11383,0.049819,0.0071532,0.017634,0.007249,16.22,0.0085536,0.02947,0.091431,0.0091263,0.0099293,1.3362,0.038623,0.0083268,0.18911,0.020671,0.0036535,0.26647,0.010956
42.216,43.496,7.8839,1.3608,0.047712,5.4352,8.9447,0.071131,1.8819,1.2166,0.094733,2.7054,0.62461,3.2358,6.4031,0.12073,0.95407,0.98904,0.1142,0.53374,0.032391,0.10401,0.042158,0.010029,0.011647,0.010105,0.031327,0.088666,0.38628,0.013582,12.624,0.0058956,0.045126,0.007348,0.76634,0.14099,0.13211,0.2494,18.632,0.129,0.007212,0.014168,0.07439,27.192,1.194,0.023192,0.00046933,0.012753,0.0016773
44.626,11.993,2.7396,3.1515,0.25889,16.069,1.2189,36.879,0.065928,0.10315,2.278,0.23951,0.421,0.074758,0.058945,3.7859,0.74797,0.11938,0.31189,0.038036,1.3027,0.73654,0.1232,0.024231,0.0060814,0.031622,0.089022,0.0098583,0.021785,0.16708,0.34121,0.063223,0.017382,0.059825,0.062493,0.0073113,0.0078626,0.00025473,0.015743,17.981,0.0032896,0.01356,0.013684,0.075555,0.023614,0.012596,0.010866,0.010199,0.020163
51.208,41.514,7.1674,1.9782,1.8806,0.11813,11.258,8.2477,0.14222,34.023,2.4215,0.99233,0.29574,8.5002,1.1504,1.8814,1.2446,1.0116,0.37437,0.078381,0.014425,0.24941,0.0079253,0.44041,1.1837,0.078157,0.016873,0.060072,1.1724,0.046165,0.28862,0.19219,0.16196,0.14589,0.015656,0.060174,0.078655,0.034325,0.25331,0.038873,0.026485,0.00048869,0.0023365,6.117,0.13177,0.90351,0.024117,0.0014986,0.1677
55.004,4.8034,5.5404,5.0396,4.0568,2.8662,0.26771,18.31,5.3609,0.40725,9.8854,0.11116,0.41872,0.20192,2.7057,0.23586,0.47637,0.70582,0.066026,0.023712,3.6363,0.16976,0.13639,0.042301,0.038137,0.026387,0.038225,0.026493,1.1557,0.027433,8.3479,0.16073,28.55,0.043892,0.0159,1.1248,0.063412,0.12175,0.25301,0.097863,0.0044899,0.023443,0.097358,0.2184,0.038891,0.074509,0.012837,0.016184,0.01504
44.637,9.0054,26.524,38.507,2.7737,8.2843,4.563,2.3916,16.314,0.69545,0.013883,1.5392,1.3369,1.2756,0.22039,0.83063,0.087619,0.37727,0.2658,0.18389,0.063022,0.82305,1.6366,0.82607,0.10524,0.00022347,0.061395,0.022136,0.0095902,0.053299,0.022115,9.748,0.021527,0.059347,0.016338,0.042826,0.097415,0.021762,0.014491,0.0026916,0.35482,0.016477,0.48101,0.0050139,0.23977,0.17809,0.035805,0.40359,0.045747
52.564,12.672,8.4401,43.642,1.4533,1.4808,0.057342,3.4177,0.92821,0.98279,0.40103,4.1592,0.48715,1.1237,0.12405,14.307,17.033,0.2194,0.060288,0.17646,1.269,0.49613,0.049683,0.078681,1.0522,0.38387,0.0028014,0.080839,0.072111,0.028062,0.024008,3.1342,0.18047,0.18058,0.10775,0.40037,0.88045,0.0012023,0.12486,0.36819,6.3826,0.056764,0.050434,0.049435,0.080366,0.084227,0.011951,0.079851,0.055272
54.073,16.848,4.024,7.5056,1.0623,6.2504,0.084526,1.0136,0.084285,0.087686,45.966,4.4524,2.2147,0.50797,0.45489,0.86474,0.24651,0.1077,0.16037,0.1235,4.3509,26.22,0.03665,0.4441,3.6313,0.039319,0.0053823,0.049599,0.084561,0.12019,0.032729,0,1.2295,0.024624,0.001353,0.13019,0.84338,0.042687,0.16106,0.032141,0.13818,0.038621,16.694,0.028719,1.1209,0.026868,0.072206,0.036421,0.0066649
43.7,4.5253,39.409,17.083,1.1706,2.1306,1.087,2.0384,0.1449,0.13897,0.18037,3.2192,1.0811,0.26542,0.043471,0.15009,0.54807,0.06953,0.40034,0.051198,0.026162,0.46722,0.029922,0.040146,1.0141,43.166,0.02853,0.014308,0.10146,5.789,0.26721,0.66812,0.057024,0.0077293,0.1358,0.13052,0.010225,0.0023568,0.012731,0.02056,0.04106,0.00072473,0.021981,0.012152,0.12083,6.6507,0.20168,0.030156,0.11749
28.43,28.421,4.5236,1.1484,5.6967,6.9821,27.853,0.45255,1.5351,0.09399,0.67246,0.3209,0.037548,0.087849,0.21328,0.094525,0.010111,0.030958,0.065522,0.045474,0.018151,8.6063,0.16753,1.8459,1.0466,6.4142,0.070905,0.0056788,0.044141,7.4289,0.021548,0.0093331,0.13182,0.11055,0.073527,0.029164,1.3335,0.010705,0.24914,0.59119,0.0048625,0.0045336,0.0033498,0.0052219,0.1314,1.4899,0.00065692,0.097691,0.0067517
49.631,30.367,2.3574,5.1382,17.107,0.029122,0.95538,0.74767,5.3421,6.3259,1.9518,0.89169,31.614,0.38556,3.1645,0.16983,0.39471,0.15137,0.032728,0.7665,0.025497,0.13268,0.051586,0.16888,0.58161,0.081339,1.3532,3.129,0.054441,0.077058,0.030959,0.029183,0.003348,0.012646,0.0032893,0.16972,0.039445,0.014531,0.098718,8.9062,1.1188,0.0049885,0.0028232,0.010886,0.001954,0.002849,0.3453,0.09442,0.019057
38.407,18.106,7.6816,2.1887,0.68216,0.044048,0.094619,6.5376,13.727,19.348,0.21634,0.28787,9.5983,0.029676,0.035085,7.8999,0.028595,0.40401,0.56559,0.2821,0.1929,0.041394,0.046002,0.0061467,0.094801,0.52482,0.0043008,0.15958,0.0019833,0.0090653,0.15879,0.071143,0.017717,0.14901,0.020935,0.31658,0.0098451,0.0031331,0.0085283,0.095123,0.0010314,0.0088554,0.1313,0.045076,0.053643,0.025564,0.012272,0.068988,0.0017669
38.141,2.1256,36.472,7.2696,3.9819,1.6623,4.3385,0.39604,0.33263,4.6219,0.25229,0.029719,1.8502,44.754,0.13182,2.3142,1.5732,0.10234,0.77391,3.0785,0.06431,0.0030688,0.02646,0.025385,0.027116,0.14448,0.7709,0.043688,0.0064985,0.37019,0.030869,1.3174,0.14292,0.03122,0.77111,0.054631,0.053681,0.1151,0.0097973,0.0088729,0.027273,0.0020162,0.074413,0.048285,0.045254,0.0099902,0.017079,1.5429,0.0035083
40.501,18.126,0.07461,0.23013,37.319,9.1745,5.277,0.49956,0.55131,0.021917,0.049352,0.020099,0.0057812,1.5058,0.1716,0.069014,0.34476,0.9919,20.159,0.0047899,0.26235,0.30394,0.31069,0.019382,0.040937,0.0040232,0.040901,1.8491,0.6462,0.082324,0.029387,2.8986,0.090912,4.9797,0.085227,0.099495,13.444,0.20034,0.0088437,0.02232,0.024527,0.46043,0.013554,0.13645,0.0010884,0.051367,0.002441,0.0015276,0.025193
54.399,36.053,2.71,3.7602,1.7459,0.20854,0.036944,0.12079,0.0070415,0.78688,0.45675,0.073127,0.01648,1.1544,0.0034058,0.04457,0.012753,0.0064499,2.8007,3.2381,0.025069,0.021921,1.3703,0.79802,0.11239,0.060976,1.4532,0.018306,24.694,0.1238,0.0011344,1.1641,0.009902,12.757,0.011483,0.033002,0.006047,0.2447,0.0032893,0.051754,0.0073109,0.08517,0.00017985,0.042053,0.025445,0.052982,0.059309,2.1501,1.3703
55.157,8.509,11.618,24.287,2.8818,0.15643,33.141,0.29579,0.40538,0.34104,0.013495,0.033738,0.74234,1.842,0.11504,0.071038,5.1434,2.2334,0.16241,0.31014,0.23909,0.22677,0.30174,0.14672,0.058742,0.44277,0.1363,0.40941,0.010747,0.055628,0.41019,0.84892,0.072955,0.05428,0.035905,0.1229,0.025932,0.037496,0.022336,0.008795,0.013772,0.013119,0.0036818,0.12567,0.017754,0.0020016,0.00096128,0.025024,0.056525
54.793,6.5556,36.721,19.19,3.3268,2.6271,24.409,0.45882,0.16743,1.154,13.323,0.59886,0.40014,0.15526,0.28093,0.07528,0.14038,1.7874,0.36588,0.21099,0.04102,2.1066,0.10684,0.039407,0.0048879,0.051753,0.24832,0.0050887,0.043731,0.12321,0.53043,0.012128,0.014632,1.0199,0.019363,0.0049249,0.037428,0.24666,0.026621,0.41098,0.012826,50.744,0.0029031,0.15859,0.18074,0.026852,0.42835,0.11077,0.021001
40.711,10.968,22.916,1.5684,1.783,0.022554,0.14087,8.4526,0.0016217,22.906,0.51871,0.35531,0.083055,0.24445,0.38469,3.0908,0.050277,0.082363,0.6487,0.19206,0.07475,1.249,0.3662,0.30655,0.09349,0.011091,0.0101,0.35153,0.0089106,0.65455,0.36226,0.024836,0.046222,0.45756,0.0042282,0.095953,0.0022449,0.018931,0.0026232,0.030647,1.8835,0.11013,0.17722,11.455,0.0015489,0.0027453,0.002155,0.026745,0.019239
45.341,14.606,8.939,2.3799,19.04,0.032191,4.3669,0.05594,4.4584,16.807,13.807,0.18037,0.64432,0.33894,0.31677,0.30631,0.208,0.0079591,0.05989,0.77766,0.42795,0.0093945,0.076967,0.26402,0.042532,0.15648,1.6061,0.010726,0.00011888,0.0019313,0.0037302,0.013679,0.099309,7.7991,0.0013536,0.0017978,0.0086562,0.018535,2.7524,1.5285,0.077105,0.089885,0.015915,0.00033303,0.006423,0.0086148,0.093266,0.11217,0.029772
44.504,3.9844,41.771,5.3929,0.72502,5.424,35.84,1.654,3.9459,1.2953,0.10482,1.7271,0.33076,1.6598,0.69344,0.078542,0.18207,0.49175,1.0017,0.028382,0.008808,0.33793,0.52525,0.55392,0.045512,0.023531,0.56853,0.33085,0.67796,0.0042651,0.0074915,0.013762,0.0063491,0.03268,0.041134,0.00076079,0.090285,0.0047956,0.24587,0.0054302,0.019025,0.14423,0.0071266,0.0023539,0.2224,0.0048392,0.11927,0.00032793,0.17104
35.302,6.7779,38.11,11.07,31.963,0.22975,0.62044,0.027757,34.197,1.8617,1.0687,3.7742,0.1328,1.1554,0.012986,0.10364,0.0036109,0.36106,0.095676,0.10982,4.2951,0.015776,2.3175,0.19704,0.38393,0.084405,0.067451,0.018672,0.082439,0.17866,0.043817,0.011423,0.17978,0.018214,0.018409,0.00025222,0.0038831,0.018097,2.4823e-05,0.00091663,0.012798,0.23194,0.12727,0.0061247,0.81647,0.022532,0.0028075,0.17685,0.012407
35.016,0.038755,11.814,17.949,40.781,0.39259,0.021411,0.38191,10.078,0.045682,2.2079,0.59726,0.092102,14.511,13.264,0.033431,0.30297,0.23686,7.7624,0.089356,0.5424,0.033907,2.231,0.096365,2.6379,0.12679,0.50674,0.54871,0.28361,0.073263,0.23772,0.010622,0.19499,0.0025257,0.17658,2.218,0.028223,6.7695e-05,2.7573,0.15842,0.049387,0.17163,0.020138,0.0026159,0.0070209,0.09048,0.016446,0.0031522,0.00018816
40.339,4.9036,0.30363,19.807,2.1362,0.040528,28.26,3.2184,30.344,15.493,0.21472,2.5746,0.22682,0.57657,2.7415,0.24764,0.044077,0.13564,12.325,2.1317,0.16885,0.209,0.89866,0.057949,0.1335,0.019917,0.41199,0.18073,1.5254,1.0312,0.1125,0.23221,0.26892,0.0058284,0.010682,0.41198,0.01321,0.34687,0.075243,0.010332,0.093937,0.0068186,0.010889,0.011115,0.00027753,0.0037183,1.3962,0.013417,0.49615
35.644,10.307,8.0495,14.85,8.9734,21.266,0.14818,38.566,7.9437,1.1419,0.54187,0.42774,0.18675,0.025007,0.059243,0.39071,1.9662,0.28758,0.27863,0.020288,0.2191,1.7001,0.36807,0.070224,0.058642,0.07029,0.24892,0.016141,0.17413,0.09884,0.12254,0.079208,0.007205,0.019749,0.059924,0.036794,0.0070192,0.12428,0.016628,0.036138,0.036309,0.0152,0.013289,0.021278,0.022024,0.0042634,0.058825,0.0027989,0.066423
55.278,3.756,2.0087,35.892,3.9491,0.86282,0.014611,52.953,0.56973,0.0060039,0.22721,1.4751,0.13319,1.5813,0.072205,0.31578,0.026859,0.066518,0.069984,2.6833,0.11644,0.041076,2.4519,0.013898,0.17859,7.5143,3.9735,0.29885,1.0191,0.069336,0.28423,0.023865,0.34164,0.64862,0.12461,0.0040941,0.011644,0.10142,0.026563,0.025258,0.0022394,0.0050038,0.013262,0.0030573,0.065065,0.036539,0.013295,0.011933,0.11218
52.79,4.45,8.0755,8.4097,5.3455,11.904,0.58818,7.6394,16.206,0.35035,0.29643,0.0045466,0.29985,0.39503,0.092587,0.011807,0.61851,0.37458,0.30535,0.080191,0.16341,0.092468,0.069905,0.058304,0.027929,0.015673,0.22915,0.0093293,0.023247,0.025252,0.019761,0.012979,3.6277,0.26523,0.0048178,0.65187,0.042912,0.20719,1.5236,0.15093,0.010668,0.0053356,4.1059,0.10519,0.0089181,0.032625,0.0021361,0.0053847,0.021147
35.064,17.017,3.6153,3.5646,6.4183,0.082355,0.26468,0.22395,14.65,0.23548,1.0086,51.714,0.15939,0.052719,5.7503,0.033896,3.309,0.18363,0.13373,13.392,0.06176,0.010458,8.3689,0.0042023,0.0073204,2.5473,0.044648,0.62789,0.0072489,0.00057588,1.4313,0.029041,2.9488,0.35851,0.023109,0.012361,0.0017763,0.0053924,0.0057813,0.031651,0.072891,0.0073739,0.018285,0.14467,0.0047383,0.0080196,0.077271,0.011568,0.00087818
35.116,19.844,18.284,0.29606,29.377,0.99696,1.4803,0.22727,0.12662,0.90665,2.2687,0.026752,0.21658,0.25644,0.19634,21.711,0.010213,4.1521,0.089043,38.371,0.12737,0.12731,0.0050154,0.056104,0.092752,0.020224,1.2929,0.0075456,0.092311,0.010272,0.055797,0.021836,1.4632,0.70055,0.049949,0.0065194,0.42285,0.016634,0.22401,0.0099529,0.010929,0.021152,0.030949,0.015516,0.52329,0.0085165,0.0015699,0.32425,0.0044885
35.109,45.289,9.7138,20.592,0.6147,3.7745,1.0631,0.41862,0.24077,1.7456,0.042993,1.8967,0.60404,0.49174,0.31138,6.8678,0.22196,0.022238,0.054918,0.0079229,0.20037,0.043529,0.18563,0.1268,0.099081,0.088625,0.077438,0.24741,0.015231,0.10158,0.040764,0.082409,0.03667,0.067829,0.0063146,0.022409,23.825,0.043226,0.0082529,0.0051073,0.0008232,0.0029511,0.040152,0.02466,0.01593,0.049496,0.031561,0.044981,0.45874
44.505,7.8056,11.302,25.57,0.18102,2.0941,0.2915,16.942,1.747,6.2412,0.36318,0.029806,0.01617,5.1831,0.12861,0.19786,0.062344,1.1012,0.15403,0.24625,0.46631,1.8194,0.29095,14.959,4.4917,0.043844,0.24971,0.043958,0.055636,0.15949,0.37775,0.041912,0.087658,0.033511,0.060028,0.032178,0.090846,0.0077063,0.016465,0.0063501,0.019482,0.0046224,0.05423,0.0014212,0.049128,0.073153,0.0031351,0.09133,0.017882
43.341,17.229,30.283,7.2137,4.0816,3.1173,15.101,2.034,0.55816,0.054084,0.68723,0.096012,0.96309,0.81953,2.1757,0.34303,1.6028,0.16488,31.086,0.34372,0.050811,0.29666,0.10839,0.3545,0.29358,0.071576,0.1341,0.27732,0.096543,0.015655,0.079096,0.13222,0.059523,0.090345,0.075556,0.017199,0.03716,0.019855,0.090297,0.06806,0.070435,0.041915,0.097923,0.017804,0.081897,0.059603,0.0021034,0.053159,0.020594
53.711,9.638,10.572,5.6347,1.489,0.33919,0.67939,3.0959,0.21869,2.1772,0.38525,0.20698,0.14414,6.0663,0.072147,0.27332,0.0055056,0.54215,0.11393,6.7575,20.616,0.11277,0.13521,1.4067,0.0024503,0.26042,0.74646,0.057915,0.26098,0.074714,0.056142,1.2158,0.016362,0.043741,0.031264,0.056037,0.030652,0.034339,0.051848,0.02312,11.694,0.024178,0.0087194,0.024388,0.0050014,0.023067,0.040595,0.014538,0.055836
44.841,17.404,13.369,6.1352,1.9165,4.2463,0.56901,0.30508,0.66803,5.0891,0.093867,0.095572,6.0523,0.53781,5.0873,0.11977,8.4686,0.13323,2.8077,11.854,0.11178,0.12385,0.15134,11.595,0.14971,0.30427,0.46706,0.012826,0.037723,0.10188,0.061209,0.0073168,0.069067,0.055067,0.024733,0.0032399,0.031311,0.22812,0.25254,18.601,0.15288,0.0091388,0.04841,0.049153,0.034662,0.23115,0.014152,0.0070193,0.0032161
53.255,2.2308,7.5792,0.32125,3.1507,14.71,5.8011,0.44906,0.073179,17.027,0.13729,19.664,4.7692,1.0863,0.26944,0.54908,0.011191,0.17802,0.37914,0.049079,0.097472,0.027178,0.057785,0.014874,0.020526,0.011403,0.011487,1.1096,0.017983,0.071165,0.52806,0.05061,0.025666,0.015443,0.037788,0.12013,0.0048197,0.017532,0.0064675,0.0022575,0.0062205,0.0020427,0.22662,0.066603,0.040969,0.081881,0.0050534,0.089611,0.51754
44.841,31.946,9.8519,1.9886,8.0571,8.7756,7.0437,29.21,1.2491,0.36157,1.2001,0.8141,1.823,0.087062,0.059161,0.37307,0.08419,0.045594,3.3568,0.14693,0.057005,0.055378,0.037076,0.087953,0.065028,0.10361,0.0031365,0.10482,0.016085,0.078512,0.27031,0.030941,0.036282,0.028901,0.65434,0.021235,0.020721,0.0097689,0.062567,0.092746,0,26.438,0.0058735,0.032553,0.042669,0.3329,0.0022555,0.005583,0.009298
49.082,15.568,2.9761,18.621,2.9471,41.355,0.45917,0.2754,0.15257,1.8465,2.5752,20.723,0.67269,0.077946,0.015892,0.13115,5.6216,0.47692,0.21645,0.028808,0.050439,0.23359,0.10939,0.0024531,3.2504,0.036257,1.2078,0.01319,0.025138,0.009561,0.046995,0.19958,0.029237,0.0097301,0.022028,0.15599,0.0095517,0.4562,0.010389,0.012667,0.041066,0.0033206,0.2399,0.0030303,0.0017811,0.0011585,0.0041154,0.019194,0.011451
54.693,20.15,0.8947,13.949,1.4746,0.6196,0.10294,0.98843,1.9216,0.2633,1.7148,2.1296,15.987,0.3249,0.0065145,0.096615,0.11141,0.22073,0.24514,0.030966,17.528,0.055106,0.21532,0.085903,0.014253,0.18116,0.15711,0.50732,0.019647,0.013802,0.017449,0.0029948,1.2687,0.17877,0.037173,0.062489,0.0075761,0.1274,0.091759,0.017049,0.1676,0.013308,0.0049294,14.415,0.31798,0.003268,0.13779,0.025624,0.00056788
33.743,18.418,2.5586,44.118,0.029437,12.803,45.332,1.5303,6.1192,6.3511,0.89876,0.57164,0.085727,0.19703,0.011497,0.33322,0.072784,0.32098,0.062162,0.22265,0.035216,0.15475,2.5394,0.053339,0.087235,3.6175,0.17537,0.47974,3.699,18.899,5.669,0.35946,0.016608,0.12494,0.0031116,0.0038139,0.0014932,0.4207,0.032372,0.67871,0.0021086,0.0047304,0.0026608,0.077768,0.11977,1.168,0.2424,0.15129,16.079
38.002,24.154,13.069,13.059,15.916,0.60658,0.5914,1.6643,0.035583,0.89418,0.18226,28.348,1.2257,0.061571,0.13492,0.15773,0.015245,0.47951,1.0271,3.1707,2.4172,0.30769,0.39772,0.0059282,0.10419,0.18757,0.011837,0.014311,1.2676,2.1443,0.022281,0.017317,0.11427,0.33465,0.013378,0.1213,0.04027,0.011523,0.037396,0.07018,0.011205,1.13,0.026843,0.0064176,0.016232,0.019582,0.0092579,0.067873,0.08354
48.969,8.3289,0.20379,0.065277,0.042283,36.161,1.1632,1.8232,13.008,1.0429,0.014225,0.12596,0.0073244,0.06686,0.12287,0.19511,0.072536,0.12916,0.16761,16.567,0.16687,0.0022482,0.003515,0.0787,0.078048,3.0924,0.082584,0.017073,0.026398,0.0054968,26.685,0.0053681,0.0045032,3.2298,0.012369,0.50833,0.7959,1.8665,0.072365,0.36133,0.14029,0.0012645,0.011675,0.035122,0.012999,0.007092,0.081842,0.0035651,0.020417
28.506,30.718,3.0413,5.7836,7.6346,0.19796,6.9788,0.72052,0.048947,15.763,0.048794,26.263,0.71469,0.062723,0.24662,0.2825,0.46571,0.17849,0.10037,1.6958,0.062067,0.095976,21.602,0.0056699,0.019541,0.93772,0.037438,0.14175,0.030814,2.6274,0.26759,0.022285,0.9395,0.092623,0.032653,1.433,0.038612,0.043975,0.0017463,0.04502,0.87745,0.034441,2.8694,0.26261,0.035278,0.22136,0.0051713,0.0089497,0.019998
50.49,49.133,7.9778,31.034,4.0659,4.7829,0.6687,0.43059,2.6971,1.6026,0.91381,0.2935,0.10913,0.24751,1.1354,2.8228,0.018511,0.21847,0.25128,0.25601,0.46469,0.024997,0.28262,0.1047,0.5266,0.025358,0.038588,0.3205,1.4553,0.041429,0.015064,0.056601,0.017616,0.01938,0.020974,0.0029722,0.0046902,0.035894,0.014291,0.86997,0.0076191,0.005109,0.0096049,0.086022,0.0044463,0.044968,0.01867,0.015795,0.0030476
50.453,30.549,0.85,5.737,2.6835,11.948,1.8962,0.98093,0.1647,2.3747,1.6823,3.6265,17.519,0.26484,0.23797,0.022609,0.51401,2.8193,0.68392,1.0033,0.18252,0.21424,0.2624,0.19817,0.1033,0.0043881,0.019269,0.028441,0.24098,0.078129,0.016962,0.17921,0.017328,0.014202,0.12564,0.088761,0.0093773,2.9141,0.016548,0.040885,0.11438,0.037056,0.00073773,0.0034763,0.081128,0.014714,0.042977,0.14867,0.0030378
54.787,6.8829,10.81,0.72057,19.734,1.1181,0.47436,0.40266,0.15466,0.032322,0.44389,0.45679,3.302,0.042385,0.26163,20.75,0.14472,0.11181,0.60993,0.093297,0.017697,0.80843,0.10949,0.61125,0.2485,0.076469,0.05258,0.6869,0.011392,0.05445,0.010904,0.92268,0.060505,0.061873,9.9124e-05,0.047799,0.56351,0.097186,0.037548,1.5636,0.010266,0.032767,0.01788,0.045435,0.023179,0.025917,0.036549,0.011059,0.46363
49.597,20.69,6.8451,0.84283,2.4585,13.462,0.24246,0.014134,0.097162,33.211,0.0244,0.43843,0.45007,0.91509,0.77077,1.6141,0.31974,0.0091367,0.3042,11.004,0.30809,16.774,0.38276,0.19729,0.05264,0.5567,0.31351,0.28412,0.024059,1.0665,0.035387,0.57822,0.095912,0.016901,0.011408,0.0011298,0.0093583,0.0041019,0.19804,0.13905,0.095145,0.19036,0.14996,0.014946,0.0073484,0.10692,0.14265,8.8974,0.00921
32.862,29.241,7.8196,8.8089,0.082776,1.9937,9.6294,17.253,0.024065,0.13542,0.55647,0.26051,0.0787,1.308,0.10283,0.17816,0.25317,0.064425,0.021745,0.37039,0.050303,0.029651,8.4138,2.4659,0.16606,0.014137,1.9866,0.034642,0.020447,0.060851,5.0699,0.35711,0.0063116,0.044946,0.093684,0.027917,0.85339,0.0067848,0.0097065,0.33076,1.1473,0.013261,0.025705,0.0010147,0.0050048,0.033491,0.037685,0.059691,0.19251
49.983,3.0417,4.3783,0.31736,0.013452,5.2594,10.134,0.67687,8.1133,0.076845,1.964,0.081527,31.645,0.77398,0.023872,0.8986,0.28892,0.043965,1.6751,0.039778,0.23609,0.57607,0.26703,0.027158,0.05331,0.093975,0.50478,31.055,0.0040576,0.019028,0.00436,0.21077,0.025177,0.013066,0.4564,0.068324,0.013835,0.57018,0.01137,0.0072015,0.051526,0.002556,0.047044,0.016179,0.10108,18.179,0.076071,0.0098839,0.0016823
49.882,25.457,14.729,13.599,7.1295,1.4438,1.6484,0.45707,0.14614,0.20144,0.54738,0.2698,0.04829,1.2389,0.89279,0.064552,0.030297,0.021336,0.0052986,0.094721,0.010416,1.0947,0.017293,0.14109,0.095492,0.034488,0.070306,0.4838,0.00098955,0.23666,0.24386,0.057543,0.077103,0.15427,0.51829,11.543,0.017665,0.997,12.233,0.058843,0.05757,0.099441,0.0037882,0.021285,0.50079,0.15331,0.024087,0.00942,0.21359
41.476,23.117,8.8556,10.206,6.1366,4.3718,0.28473,2.115,0.043845,7.2024,1.1829,9.8585,0.082252,0.59732,0.41849,0.016186,0.14551,0.069381,13.344,0.055545,0.15306,0.049748,0.00027937,0.50625,0.34426,0.12207,0.17166,0.077358,0.076414,0.09377,0.023965,0.0022493,0.26374,0.68551,0.10378,0.13259,0.020274,0.018282,0.55535,0.032986,0.025433,0.088499,0.0063616,0.0155,2.1748,0.0046788,0.0032142,0.06195,12.787
43.584,2.1505,19.576,3.4894,18.681,0.19209,13.299,0.029504,0.043646,8.9811,0.51771,0.012536,0.053682,0.18006,2.6536,0.17765,1.2192,0.011756,0.63374,0.2794,0.0056869,0.40886,6.7223,0.16514,0.21806,0.53635,0.0081264,0.0029455,0.29272,0.10692,0.15807,0.021805,0.13552,0.0042955,16.114,0.09333,13.042,0.11447,0.099669,0.018878,0.10069,0.011812,0.06036,0.0090266,0.032089,0.011103,0.00596,0.027866,0.023062
46.393,19.905,0.29317,11.652,0.53451,0.93745,0.049578,0.32572,16.273,0.13595,0.036338,14.88,0.51735,2.0133,0.0080683,0.0014132,0.23533,21.287,0.79665,4.8118,0.24832,0.19983,0.24063,0.31182,20.311,0.044499,0.080693,0.76023,0.051346,0.010237,0.049345,0.99685,0.027431,0.091677,0.14433,1.0253,0.060297,0.015418,2.3402,0.074111,0.0035104,0.03901,0.16251,0.016361,0.031496,0.027721,0.011995,0.0071428,0.017722
40.701,25.111,8.2933,0.47418,3.1034,35.691,0.13321,4.5474,4.4213,1.3043,1.5575,1.7208,0.70369,0.61204,0.55839,1.4847,0.34323,0.399,3.8995,0.058395,0.19052,0.21613,0.02405,0.11514,0.76458,6.6779,0.28259,0.034045,0.48381,23.911,0.063748,0.55016,0.46676,0.05835,0.31475,0.056451,0.062709,0.22399,0.73841,0.012201,0.0095927,0.043528,0.0038404,1.7354,0.0074436,0.0084371,0.18429,0.24906,0.0034371
41.874,4.6583,29.324,18.818,5.0701,2.3878,0.75034,0.39589,19.959,2.2776,1.2481,0.23528,0.53654,0.12976,0.11264,8.0739,1.2606,0.60573,0.17676,0.61798,0.066476,0.072555,0.8693,0.0079597,0.13383,0.091929,0.025429,0.091002,0.82587,0.14772,0.20985,0.024942,0.088203,1.3176,0.04439,15.265,0.65523,0.1364,0.77453,0.16769,0.034252,0.012986,0.022446,0.063722,0.46757,0.042714,0.0060531,0.057239,0.069734
55.8,47.849,12.648,4.8134,8.9855,1.1781,44.539,1.7808,0.2811,0.47292,4.9338,0.21689,0.10623,0.30474,0.23224,1.7029,0.0070649,0.32392,0.44805,0.89111,0.13162,0.01474,0.075863,0.43861,0.013842,0.072047,0.67447,0.0041752,0.28242,0.011466,0.93013,0.1765,1.468,0.035137,0.035845,0.046592,0.022335,0.67797,0.061241,0.0030616,0.057914,0.020477,0.019168,0.0023569,0.055574,0.0038486,0.002844,0.015468,0.054148
44.461,21.382,8.4472,20.714,0.91629,1.5037,9.5548,1.276,1.3621,0.54345,0.40416,0.29502,0.0046282,0.19584,0.36185,0.036589,0.94919,0.40063,0.045935,0.061541,0.0023517,0.30063,0.37156,0.065864,0.095241,0.01121,0.18228,0.058213,0.074295,15.602,0.0070159,0.013282,0.38245,0.0147,0.03619,0.01901,0.031136,0.002385,0.00066676,0.25347,0.26624,0.0059734,0.008235,0.037752,0.10639,0.017082,0.042184,0.044546,0.0083069
48.723,33.047,7.0562,0.89538,2.7636,0.27961,0.48491,0.0022782,6.638,0.89005,11.762,11.26,0.30256,0.83504,1.6297,0.045291,0.96008,0.26191,0.82302,0.082763,3.4053,0.052537,0.026566,0.018832,0.067305,1.1013,0.031203,0.0016091,0.019891,0.19121,0.34439,0.007947,0.030151,0.11949,32.992,3.863,0.0009829,0.037584,0.043542,0.018478,0.25857,0.054266,0.73895,0.64627,0.11625,0.094716,1.8659,0.0097196,0.0068279
54.811,27.423,4.941,3.847,3.335,0.41213,0.69858,1.0782,0.69266,11.638,1.8318,0.11059,0.2189,36.282,11.371,0.22351,0.33011,0.33154,0.14684,0.2735,0.12187,1.5634,0.055077,0.08088,0.012959,1.7005,0.76602,0.31812,0.0041068,0.2122,0.10932,0.78593,0.07315,0.16007,0.037495,0.052406,0.12936,0.02395,0.070464,0.25614,0.028429,0.0035028,0.56538,0.030873,0.015447,0.036323,0.018941,0.032463,0.1349
43.761,13.505,7.5018,3.2848,0.60659,0.33226,0.013562,0.031508,29.14,1.4246,0.039219,0.78264,36.964,27.883,2.0557,0.015093,0.43348,15.461,0.39137,0.16154,1.1129,0.62356,0.078096,0.075594,0.20051,0.083726,0.039203,0.065331,2.3696,0.049053,0.0079642,0.01893,0.38627,0.17776,0.0020807,0.058971,0.0057606,0.33882,0.014844,0.056598,0.0071004,0.0054499,0.17306,0.21103,0.15128,0.074058,0.020686,2.3268,2.7616
43.715,0.43519,32.275,5.0705,10.163,0.8142,0.08609,5.1441,15.224,0.10581,13.786,0.36163,0.63209,0.027073,0.10226,0.13739,0.088339,2.4645,0.11712,1.006,0.21206,0.11346,1.6851,1.4294,0.008669,0.11845,0.01677,0.03082,0.3275,0.0028009,0.1758,0.047781,0.035276,0.050619,0.0091472,0.054575,0.060246,0.0080902,0.18404,0.0033937,0.0073667,0.0086616,0.0052342,0.050469,0.31291,0.98295,0.008239,0.016846,0.015435
40.248,0.058002,38.404,4.8451,6.5256,23.428,0.78948,4.5053,0.60117,0.0077239,1.5059,0.35275,0.76289,5.6562,0.072897,0.027375,0.77545,1.5585,0.096808,0.51962,0.14478,0.42267,0.26318,0.01184,0.0673,0.033008,0.037147,0.085597,8.4647,0.060896,0.35072,0.07936,0.17029,0.0090778,0.29119,0.013041,0.00051016,0.014649,0.16012,0.012765,0.04516,0.33676,0.05408,0.0019812,0.057468,0.074132,0.051636,0.0074628,0.2632
45.596,1.7802,17.119,39.362,6.0407,0.095513,1.312,0.50379,0.31095,28.342,0.12134,0.058597,0.01084,0.20005,0.093437,0.46882,1.6759,0.086454,0.10339,1.0585,1.1759,0.0085314,0.34792,0.03844,0.11571,0.1604,0.12506,1.1029,0.047743,0.051811,0.21854,0.024498,0.013868,0.049462,0.068471,0.021666,0.051808,11.877,0.00093895,0.014219,0.067213,0.014547,0.0077276,0.0039804,0.030567,0.028539,0.001524,0.012339,0.0041592
53.87,8.363,17.349,5.0193,0.6122,1.2685,14.96,38.691,15.039,0.17392,0.15356,0.11311,0.49651,0.033879,0.046945,0.00027594,0.81196,0.95885,0.43999,0.013082,0.069472,0.16196,0.48768,0.074672,5.4917,0.068012,0.062457,0.17914,0.12177,4.0805,0.48379,0.23484,2.0712,0.039242,4.5646,0.001567,0.20689,0.0083042,0.45849,0.024338,0.024062,0.013351,0.016833,0.011115,0.066617,0.025106,1.5967,0.002773,0.0098592
55.187,13.143,4.215,5.9244,5.251,0.98521,16.113,6.5687,0.59407,0.46764,31.945,0.15432,0.069518,0.33582,1.3478,3.2923,0.098294,0.24019,0.018811,0.21964,0.30617,0.2427,0.68087,0.067988,0.069578,0.0039534,0.051231,0.15925,0.063449,0.036894,0.23304,0.2231,0.041116,0.13084,0.032404,0.022464,0.0087895,0.68619,0.11989,0.02286,0.0075399,0.18504,0.022307,0.0019122,0.02733,0.0030338,2.1509,0.33298,0.041436
45.452,0.64343,0.10601,0.020246,14.805,5.1687,0.56357,3.8894,0.096888,2.5206,22.761,0.023175,2.4437,0.11626,0.055227,0.041843,0.017778,0.026417,4.0884,0.020459,0.033833,0.15406,5.0389,33.219,0.0045236,3.1873,0.014491,2.7353,0.20902,0.38221,0.33034,0.24029,0.47111,0.66223,0.0050987,0.028348,0.016212,0.084642,1.2322,0.017208,0.012688,0.0021982,0.0042182,0.00091859,0.0049457,0.17311,0.0017116,0.060115,0.003246
43.973,23.78,1.145,5.5011,0.69069,27.931,0.035056,7.2598,19.857,1.4665,1.3353,0.98793,0.092004,0.082874,0.11474,4.1373,0.019816,0.087832,0.093791,0.80611,1.3668,0.013045,0.038922,0.010301,0.42829,0.32065,0.0096511,0.057555,0.0017591,0.17897,0.67014,0.024863,11.422,0.048054,0.037677,0.023233,0.010363,0.071847,0.085746,0.10303,0.031394,0.090358,0.019672,0.018352,0.0095976,0.059502,1.2758,0.0006489,0.0050364
53.324,2.1926,6.3096,0.43518,17.91,4.3068,3.1313,4.6998,0.26705,0.059962,0.28663,0.68865,0.063177,0.02987,0.02611,0.086801,7.197,0.72322,0.12413,13.868,0.13916,0.15783,0.034779,0.025571,0,0.035162,0.050703,0.060324,0.082145,0.11656,17.784,0.072947,0.029654,0.043137,0.016131,0.013626,0.0070376,0.050858,0.034197,0.1369,0.012727,0.07634,0.60878,0.035079,0.0046963,0.0080604,0.015446,1.2117,0.0071955
33.498,30.445,0.011056,4.7644,2.2237,0.35661,6.01,28.953,0.37417,0.02511,0.0040607,2.4513,37.237,1.7153,0.048151,0.0019119,5.5542,0.33686,0.0090911,2.6245,0.012915,0.0060484,0.21422,0.81171,1.4332,0.085999,0.25135,0.1516,1.1271,0.071879,1.6968,0.073718,0.054491,0.043038,0.16178,0.03989,0.00074548,0.086373,0.19268,0.013609,0.067489,0.14379,0.081617,0.73459,0.035212,0.017086,0.032185,1.2051,0.010345
53.654,33.736,8.7713,2.4415,2.6687,0.89718,1.5525,3.2472,13.738,0.56647,0.34832,3.7152,0.51628,0.69077,2.0627,0.44963,0.24842,0.20559,0.51527,1.7672,0.097092,8.5207,0.058119,0.117,0.077976,0.19949,0.035994,0.0038831,0.054316,0.054439,0.071098,0.1519,0.024116,0.010741,0.0086206,0.019505,0.070715,0.0091349,0.34961,0.020978,0.006007,0.070039,0.021679,0.021304,0.045487,0.00084189,0.010435,0.034537,0.0067677
54.659,19.979,0.16668,29.692,3.124,0.0777,1.5123,1.0197,0.17446,0.13918,2.1855,0.009054,0.15178,0.0099683,0.13129,1.1685,0.087498,1.5792,0.22681,2.1112,0.048685,0.46057,0.0056976,1.0665,0.24032,0.26132,0.078296,0.0088299,0.063172,0.02872,0.037634,0.015584,0.036405,0.94293,0.011532,0.093268,0.11562,3.0288,0.29139,0.053576,0.010484,0.02498,0.091894,0.015829,0.15856,0.10004,0.49912,0.044499,0.08579
50.08,17.102,1.1529,3.5284,0.34053,8.0412,0.028851,0.88186,0.61423,0.088294,0.16557,8.1853,9.0095,0.2334,1.7316,0.070341,0.38417,0.09798,13.221,0.57773,0.059119,19.527,0.00355,0.17576,0.31722,0.18527,0.12872,0.064077,0,0.0073509,0.070839,0.002186,0.002108,0.049598,0.098093,0.021971,0.019901,0.051675,0.043333,0.17459,0.062895,0.01277,0.060861,0.30182,0.021503,0.15576,0.017181,0.022227,0.0058208
54.031,11.5,17.128,0.73561,0.89126,0.62927,2.8803,0.66797,3.7397,1.6825,0.093085,0.18208,0.1554,0.082125,0.042758,0.77829,0.039971,0.17075,0.084844,0.064966,0.040558,0.19471,0.0056633,0.064778,0.062555,0.035341,1.0618,0.03506,0.1923,0.012969,0.0094099,0.010616,0.04842,0.31286,0.0012804,0.00875,0.69321,0.045233,0.0064758,18.681,0.093118,0.010927,0.0013343,0.86718,0.015569,0.0033121,0.013424,35.156,0.0030335
55.106,9.046,11.978,2.9471,0.29382,0.59611,0.73588,0.20135,0.47512,6.5099,0.036403,23.706,0.018708,0.18194,0.068657,0.0518,0.80966,0.8882,10.869,5.2554,0.016997,17.366,0.23998,0.14661,0.11355,0.91846,0.0051277,0.35078,0.042852,0.13162,0.017795,0.36979,0.0068387,0.013836,0.10018,0.028515,0.099662,1.0072,0.049229,0.0019931,0.14745,0.022793,0.0020349,0.059812,0.054916,0.82937,0.025879,0.30683,0.046912
54.29,10.995,8.6952,3.3743,0.92555,0.27032,8.099,11.409,0.026153,11.149,15.96,0.61984,0.074904,0.91458,0.083883,0.15628,0.12285,0.085751,0.40162,0.060182,0.0042345,0.012414,0.28557,0.11806,0.048117,0.058097,18.422,0.097246,0.0173,4.1983,0.011177,0.061103,0.048355,0.052362,0.73057,0.062936,0.038446,0.021721,0.011213,0.01259,0.0066565,0.046679,0.28338,14.133,0.18126,0.014396,0.0066218,0.025232,0.12561
49.29,17.186,0.53155,34.47,6.6046,0.0044965,1.2691,0.62161,0.52691,1.0038,0.47369,0.92206,1.5721,0.26144,0.13744,0.18961,0.060542,0.56043,3.4786,0.59789,0.21054,0.01094,0.05683,0.14006,0.0041358,4.3295,0.4485,0.027577,1.603,0.14294,0.096955,0.049727,0.014247,0.32252,10.504,0.027368,0.0075664,0.076818,7.1405,0.0091702,0.079435,0.088386,0.00085459,0.001769,0.0084723,0.0017507,0.002734,0.19598,0.019031
54.682,17.778,5.3694,9.553,8.7064,0.65638,1.4378,0.54062,30.837,2.9835,0.31096,0.33508,0.32573,10.755,15.919,0.13336,0.14338,0.11199,1.7667,0.040468,0.0086011,0.026288,1.0128,0.018462,0.031789,0.20354,0.042948,0.0022726,0.37271,0.024482,0.13229,0.35563,0.078038,0.013795,0.099311,8.3207,0.08339,0.021558,0.098368,0.18556,0.015695,0.14528,0.0086791,0.0081013,9.994,0.011206,0.0084779,0.0021815,0.024271
54.996,9.73,2.8132,0.53816,13.196,22.507,0.79937,0.35216,0.44894,0.71004,0.13326,0.072203,0.13611,0.17906,0.089614,0.027165,0.1742,13.248,0.1126,0.033091,0.21887,0.085994,0.097419,0.017335,3.1102,0.1349,0.061514,0.022197,0.11606,0.8927,0.095261,1.181,0.0045398,0.040579,0.029281,0.0057637,2.0943,2.2395,0.26107,0.0014274,0.021183,0.18622,0.058984,0.010532,0.062273,2.1306,0.0047281,0.16274,0.02775
43.979,9.1738,0.57401,5.1906,0.53391,3.4889,0.92436,0.16844,4.738,32.624,0.076827,21.635,3.7624,0.13875,0.36654,0.87144,0.12431,0.50108,3.283,0.0099661,0.022239,0.36866,0.024278,0.98937,4.5182,0.074466,0.32134,0.011847,0.51038,0.11792,0.064259,0.0042551,0.25702,0.036015,0.030897,0.0039602,0.50004,0.46164,0.0012459,0.035088,36.095,0.0080629,0.67158,0.19966,0.019947,0.0048446,4.0232,0.0030797,0.026247
54.523,17.257,23.763,1.8724,3.6301,0.49449,6.1489,0.64112,0.30959,0.57864,11.193,0.60483,0.29474,29.436,0.54444,0.107,0.19634,1.7106,0.065105,0.2856,0.13058,0.37632,0.042223,0.41471,0.024628,0.081801,0.020234,0.018888,0.11565,0.017827,0.1578,0.0019054,0.04064,0.0017253,0.0030028,0.022256,0.011313,0.0041629,0.019391,0.020738,0.042163,0.0073655,0.24531,0.07091,0.0081992,0.032178,0.025624,0.006572,0.025313
48.968,14.558,22.654,6.5529,4.6987,1.1982,0.36779,1.2695,0.26855,29.35,1.4567,1.1034,0.39217,0.72437,0.080409,0.14701,0.94429,0.070215,0.58269,0.76362,0.38958,0.48815,1.0043,0.35981,0.46271,0.33075,0.050394,0.023615,0.053456,0.042368,0.17509,0.037825,10.615,0.081752,0.004774,0.02754,0.051746,0.02844,0.098484,1.9586,0.03491,0.025335,0.0039008,0.28773,0.061716,0.00037082,0.0044565,0.0015365,0.00026593
41.06,11.522,16.48,2.0242,0.86333,0.79775,0.62907,0.1131,47.511,0.68491,0.09467,6.6238,7.9117,0.072788,0.1252,13.791,0.0033975,2.3747,0.068779,0.095983,0.061976,4.4428,0.034645,0.039133,0.030908,1.2985,0.029119,0.037012,0.099449,0.0074391,0.58373,0.28775,3.9578,0.028209,0.050911,0.0071287,36.023,0.024839,0.090767,0.033592,0.0051682,0.0092203,0.0038505,0.039259,0.0088384,0.0074339,0.0067252,0.0011466,1.7242
49.041,17.399,14.905,37.946,11.359,0.035568,0.013676,1.9383,2.6369,0.6138,2.7254,0.35036,1.393,0.20915,0.20532,0.16878,1.3365,0.025021,0.012632,0.01059,0.12053,0.36133,0.11654,0.11171,0.11272,0.030253,0.030244,0.45352,0.062786,0.18319,0.029543,0.034082,0.013906,0.015693,0.11855,0.043099,0.30899,0.038947,0.02424,0.000201,0.009877,0.012483,1.4195,0.0080663,1.7101,0.0020573,0.0019293,0.028027,0.012382
53.632,26.896,16.845,8.6578,4.0604,1.7963,1.1791,0.89825,0.88515,0.22323,0.22744,0.4336,0.55018,0.070971,0.16613,0.17942,0.0015133,0.26315,6.9674,0.080194,0.060451,4.703,0.00062785,0.013524,0.036626,0.81673,0.22865,0.028886,0.23696,0.055102,0.06361,0.0061585,0.13147,0.11137,0.19359,0.031487,0.026572,0.016054,0.00947,0.18885,0.030688,0.075772,0.2113,0.086385,0.032177,0.036752,0.029223,0.14963,0.038123
44.483,36.871,8.812,16.679,10.182,2.3687,0.9039,1.6131,0.58952,1.1408,0.02314,5.2765,0.38033,5.4503,0.15832,41.256,0.050354,1.0449,0.5338,5.7107,0.13269,0.063107,0.16434,0.15725,0.12286,0.063145,0.070647,0.14992,0.049558,0.36774,0.019974,0.038483,0.034598,0.014027,0.013454,0.023696,0.0044393,0.010388,0.163,0.017331,0.04532,0.2526,0.18636,1.4317,0.0081824,0.18093,0.019921,0.03191,0.011863
34.127,29.096,11.695,48.434,5.4461,1.1226,1.0184,0.23678,0.068232,1.5328,0.089924,0.29468,0.43156,0.090037,0.25992,0.022395,1.5363,0.031888,2.7193,0.078668,0.024867,1.9131,0.20621,0.030374,0.073893,0.41986,0.038359,0.040865,2.6212,0.10634,0.25021,0.10204,1.2723,0.0036079,0.065741,0.011324,0.48744,1.404,0.12355,0.0070851,0.0020826,0.0069919,0.074143,0.18302,0.017589,0.0043423,0.031459,0.13853,0.0046308
42.458,8.3985,7.108,6.8394,0.068411,0.56257,35.563,1.4262,32.542,0.04816,3.9434,0.25187,2.7088,4.9252,0.5011,0.021094,0.54659,0.12486,0.027121,0.035937,0.33875,0.23523,0.17822,0.11554,0.046388,2.1186,0.045578,0.031056,0.30535,0.051115,0.0036206,0.0044501,0.053782,0.02514,0.0081061,0.009487,0.010197,0.65038,0.013914,1.7779,0.034329,0.22393,8.3905,0.0078112,0.0080359,1.1495,0.017075,0.007035,0.0051086
41.612,1.6939,20.242,2.0546,0.91699,0.14298,8.1344,0.036766,1.0933,46.354,13.922,1.5486,0.47316,31.841,0.20219,0.018435,8.9115,2.496,0.0037262,0.1658,1.7493,0.053313,0.052479,0.039168,7.6469,0.028002,0.10481,0.90224,0.1437,0.034032,0.015577,0.010422,0.11342,0.27254,0.022984,0.056622,0.016261,0.0049752,0.32748,0.17216,0.034292,0.015389,0.0024255,0.010544,0.0050018,0.032094,0.20416,0.010643,0.0065858
43.765,13.404,0.40714,17.832,13.691,0.24229,31.783,2.0094,1.0904,1.4302,0.54395,0.35608,4.4951,0.19141,10.255,1.4757,0.11906,20.106,1.1298,0.013356,0.34218,0.29342,0.25871,0.35514,2.364,0.025796,0.043531,0.066867,0.17051,0.36379,0.14431,0.068526,0.012586,0.016396,0.017693,0.31084,0.0049761,0.022921,0.094184,0.54627,0.136,0.021717,0.029983,0.14387,0.027129,0.0059409,0.0068765,0.0045398,5.0814
48.251,8.7475,0.85222,0.74745,10.59,44.788,0.71701,4.0378,3.0867,0.35031,0.01254,0.0035732,4.5878,1.8702,3.691,17.883,0.20905,0.10844,0.0324,0.30054,0.019545,0.063902,0.29578,1.38,0.14822,0.19467,0.081614,0.038785,0.61876,0.091606,0.0031478,0.019372,1.6444,0.15626,0.23924,0.077911,0.0012064,9.6761,0.0018635,0.090553,0.11562,0.060092,0.18972,0.37129,0.0348,0.025206,0.13866,0.1932,0.024417
48.595,9.1919,11.666,22.11,15.679,1.2987,3.5443,0.54299,10.86,4.1408,16.393,0.34214,0.65282,0.97373,0.1045,0.62627,4.0934,1.5684,0.29189,0.034305,0.028553,0.29234,0.14103,0.016052,0.0671,0.0028814,0.40411,0.048689,0.0038679,0.0054852,0.15298,0.17274,0.0020881,0.072407,0.065278,0.11325,0.0037922,0.060135,0.011485,0.1133,0.08669,0.023468,0.019253,0.076626,0.082208,0.0029222,0.021193,0.037951,0.15037
50.524,15.389,6.6612,3.6134,4.3585,5.1179,0.61478,0.56047,0.10871,2.1975,2.3556,0.0091963,0.21539,0.5247,23.466,0.064402,0.033001,0.23439,0.47134,1.853,0.042353,0.46954,0.30961,0.10149,0.063147,0.039216,0.090371,1.1064,0.033162,0.019863,0.012801,0.13343,0.052447,0.015074,0.018767,0.023395,0.13818,0.1806,0.036512,0.04217,0.10766,22.355,0.0049652,0.0015425,0.010557,0.020943,0.013759,0.0010048,0.0080184
51.075,53.296,6.7217,10.278,8.6694,0.39622,2.8031,0.64186,0.40264,0.42634,0.75747,1.3427,0.40873,3.6388,0.12356,0.086417,0.090236,0.12431,0.05849,0.16245,0.042139,0.22929,14.308,0.12641,0.013845,0.24705,0.0049207,0.054044,0.00091428,0.13388,1.1328,0.12996,2.141,0.013161,0.042037,0.013718,0.021604,0.017522,0.13792,0.046072,0.0032134,0.086144,0.60827,0.11218,0.14005,0.021613,0.19018,0.32019,0.41662
50.742,12.727,8.3433,0.88292,15.108,0.21757,0.16069,23.148,0.20548,18.634,0.15964,0.13062,0.1263,0.1539,0.34282,2.05,0.017517,0.22189,0.0053906,1.0282,0.72657,0.020866,0.16636,3.0356,4.2809,0.019074,0.015749,0.0093318,0.18121,0.034206,0.0098057,0.71619,0.22609,0.21349,16.924,0.048855,0.0043247,0.036299,0.0042179,0.47705,0.00041853,4.4247,0.26001,0.00034075,0.1712,0.015455,0.095345,29.233,11.483
48.564,54.554,11.756,9.8518,2.2661,2.0528,0.71486,3.0001,9.5826,1.1966,0.65208,0.51915,0.45157,0.45977,0.043156,1.4279,4.1576,0.57286,0.96219,0.033455,0.22799,0.24091,0.88475,0.046905,0.073527,0.036026,0.13251,0.80425,1.6189,0.43669,27.667,0.10112,0.26395,0.057793,0.03902,0.021174,0.029968,1.0543,0.022332,0.051845,0.24442,0.55114,0.0027077,0.012054,0.0088375,0.016556,0.29299,0.016242,0.069566
54.682,9.6677,29.85,4.4168,2.2578,0.30909,0.90998,0.068384,1.1467,1.987,46.668,0.57849,9.8624,0.00015825,1.1716,2.6957,0.13736,1.4236,6.9842,1.3323,0.17021,0.89898,0.19277,0.88824,0.11358,0.44622,0.025966,0.026204,0.17913,0.13856,0.3951,0.003717,2.0188,0.029954,25.016,0.027741,0.066112,0.44705,0.046356,0.0074233,0.058463,0.0060279,0.023562,0.13458,0.048769,0.013942,0.015061,0.077446,0.058514
54.949,42.093,11.198,45.766,0.98553,2.3693,3.7319,2.1831,4.0096,1.9845,0.14428,0.4136,0.44647,0.40616,1.3451,0.60798,0.19673,3.2955,0.039045,0.33575,0.043546,0.15032,0.9839,0.197,0.063793,0.12897,0.087109,0.16207,0.073899,0.013528,0.021557,0.052496,0.23537,0.0053442,0.045091,1.5544,0.00051335,0.12953,0.020778,0.044245,0.032433,0.83099,0.0073878,0.00015037,0.14171,0.014237,0.017542,0.034919,0.067704
46.054,15.319,11.441,5.8551,0.66813,4.9911,0.13931,0.4732,0.099008,2.8577,0.33953,0.69638,32.549,1.4284,15.326,0.097018,0.54598,0.17243,0.11804,0.080288,0.028094,0.089271,0.13829,0.163,0.089265,0.082608,0.1282,0.13984,0.043557,0.62134,0.019386,0.059734,0.049743,0.36907,0.0071452,0.10463,0.11301,0.047747,0.050526,0.64786,0.07604,0.0016805,0.013925,0.044163,0.029554,0.032952,0.049174,0.015405,0.014314
48.447,9.3998,13.329,14.12,0.45018,1.8077,16.311,0.81096,0.45205,0.44627,1.504,0.43175,0.053734,0.1462,0.055037,0.39565,0.13903,2.2847,0.23919,0.009547,0.02084,0.076498,0.19116,3.503,0.012166,0.13136,0.23401,0.075108,0.19458,0.060053,0.065948,9.5421,0.03728,2.6876,0.02111,0.012996,0.014216,0.023858,0.045439,0.057274,0.025049,0.016897,0.019943,0.022871,0.0054617,0.037645,0.019713,0.010997,0.035422
46.528,36.671,6.7053,15.357,1.0642,1.1739,3.9097,2.5511,0.59611,8.3763,0.38254,1.6561,0.099034,0.14589,0.51478,1.6627,0.14792,25.486,0.24879,0.36902,0.53134,0.025548,0.34786,0.091643,0.059755,0.021337,0.11837,0.017257,0.48371,0.23471,0.071638,0.0028397,0.099198,0.090699,0.35721,0.13558,0.75557,0.1413,0.0079779,0.27598,0.016365,0.0066633,0.0074823,0.013198,0.062998,0.029486,0.031102,0.0054448,0.0071625
50.045,0.33964,45.059,8.8049,17.127,0.76975,1.1417,6.8284,0.28725,3.2052,0.02149,1.1659,2.004,5.028,0.011209,0.33745,0.016941,0.18594,0.19605,0.69003,0.027453,0.79884,0.50543,0.020556,0.038297,0.043505,0.0078538,0.013506,0.10951,0.44817,0.0035372,0.024785,1.198,0.055993,0.90412,0.40112,0.012929,0.036163,0.02126,0.038603,0.0046821,0.0094412,0.40937,0.053027,0.26317,0.038323,0.011674,0.086068,0.0016336
