8.9992,48.439,15.83,14.951,12.09,26.58,18.404,43.094,13.779,8.4661,1.3502,4.9589,1.4554,0.52392,18.57,0.9183,1.8903,1.4754,0.28899,0.46567,18.844,5.7692,1.0705,4.1675,0.5469,0.0072378,0.17899,5.9109,0.3871,0.8027,1.2757,2.0623,2.2915,0.47672,0.76176,0.071803,0.44613,4.0053,0.013306,0.80993,2.6031,1.8626,1.0718,0.39723,0.34307,0.80861,0.041841,0.071004,0.45207
55.822,54.974,11.114,0.33757,1.0757,2.457,3.2029,8.4304,11.053,6.9489,33.961,29.956,0.67922,4.4212,17.231,14.367,1.9356,3.3627,1.4185,2.2646,1.3557,0.4472,0.23134,0.14512,0.091829,4.3495,4.4891,0.78211,0.12994,0.38797,0.11746,2.0351,0.045748,0.042251,0.13987,0.11146,1.2568,0.062394,0.50719,0.17271,1.7648,0.80409,0.056307,5.5213,0.79922,0.91085,0.070378,0.19499,0.28986
55.045,35.5,28.535,27.078,11.725,20.526,16.553,18.818,1.5054,3.5855,2.0118,1.7753,3.7205,2.0577,0.25425,3.207,0.42075,0.11286,8.9255,2.2688,2.6288,0.39409,1.2568,0.83678,0.26213,0.53634,0.49362,2.9252,1.9129,16.135,2.0456,1.8669,0.37062,0.14359,0.024517,0.5602,1.2651,0.52829,1.0221,0.30232,0.66574,3.7413,0.48715,10.813,2.0385,0.79415,0.95512,1.4692,0.12532
37.653,23.251,0.61042,37.998,12.702,34.22,32.12,15.978,2.5573,9.2777,9.7244,5.7115,0.60935,4.8127,2.3223,0.098257,21.746,5.0101,2.8296,0.84777,4.808,0.7726,0.58221,0.53472,1.3653,0.051995,0.98834,2.5309,0.70306,0.33275,3.598,0.10283,1.9417,0.27444,0.93754,0.078583,0.10776,0.066252,0.29967,0.052336,0.72415,0.084665,5.231,3.3296,0.24011,1.3557,11.959,1.7452,0.72444
52.425,3.0083,54.746,21.474,11.972,10.848,0.97333,12.374,10.854,0.03353,8.9569,1.7175,1.6273,0.19483,2.667,13.092,0.77824,11.836,9.4847,3.458,1.0482,0.59921,1.5353,0.38741,5.4618,0.41821,1.0828,1.4327,7.1031,0.2643,0.70093,18.972,0.94976,0.85551,0.11612,3.9151,4.4132,0.46835,0.65616,0.72719,1.828,0.1851,0.1537,0.43452,0.084707,0.43041,0.19982,0.0027443,0.43643
50.774,7.8495,25.274,8.9748,31.662,9.4823,1.8636,4.3433,1.3107,0.7188,3.0332,6.7689,0.47259,5.5219,0.68586,0.22049,0.69738,32.392,6.5928,19.284,4.1635,0.29239,12.969,0.33942,0.3016,0.3773,0.27288,0.11361,0.10048,17.35,3.726,7.0966,1.103,0.80612,0.35511,2.9785,1.3595,10.109,1.5269,0.10523,0.024346,0.041779,0.052858,0.1451,3.2331,0.93199,0.91763,0.24889,1.6419
45.179,6.9341,11.824,11.059,32.815,4.7135,1.3053,1.8156,0.47614,0.20969,3.7812,6.4994,37.679,4.2267,6.2994,10.141,9.3032,3.1002,0.49682,0.8114,6.4921,0.074823,1.9906,1.9327,0.80628,0.54159,0.32445,1.7548,0.37621,1.1834,0.23311,2.1103,0.1517,0.58924,0.34442,0.12449,0.048005,0.43552,1.5587,0.55099,1.0266,0.03065,0.0804,0.082737,0.0093621,1.8828,0.17644,1.3432,0.41849
41.451,23.549,19.768,29.797,30.241,2.9795,5.6137,1.3933,8.7892,3.6265,10.054,8.2189,0.32687,21.014,2.6714,0.68198,1.7072,1.5215,0.22404,20.268,0.16104,0.51835,0.13406,0.80217,0.72211,6.7132,7.0371,18.352,5.4897,8.1434,0.6757,0.88417,0.059941,1.1884,1.2793,0.087319,4.6802,2.7139,2.0798,0.29138,0.64901,7.1053,0.16541,0.50043,0.12887,0.034108,0.27926,0.020132,0.020767
46.83,38.457,13.501,14.123,14.557,1.1895,54.19,3.8646,1.1358,2.641,15.136,7.7132,2.0892,4.0449,5.2553,1.0702,0.064055,4.2039,4.4373,6.8599,2.0944,0.208,1.6142,0.24091,2.3376,1.4702,0.62273,1.126,0.71298,0.095008,0.89756,0.557,0.15274,4.5004,1.3008,0.78925,0.06101,0.73989,0.48835,0.54497,0.070751,0.10493,0.0066182,0.11234,0.30415,0.22856,0.62869,0.0096615,0.083983
53.158,7.0042,3.3165,28.092,11.416,4.9797,10.264,3.2907,22.74,10.244,1.4664,0.17494,13.793,4.3094,1.4523,1.467,5.3695,0.15222,0.79406,10.59,22.779,0.55922,2.417,1.3736,40.754,7.2183,1.6677,7.3952,2.6752,1.7976,8.3055,0.92021,0.94128,0.85576,1.8812,1.1296,1.1411,4.372,0.45269,0.32401,0.51283,0.26794,0.27289,0.099568,2.5629,1.7794,0.43761,0.45784,1.7523
25.02,45.113,27.397,3.3956,14.277,44.406,3.5337,20.44,6.7605,0.82318,3.4077,8.8554,17.267,0.53415,6.2594,13.373,0.56755,1.6569,0.51956,2.388,3.9705,0.85713,5.7927,1.9341,0.37293,0.92629,0.20367,0.34307,0.013239,1.0462,0.66685,0.50997,0.58206,0.24782,5.1035,0.65154,1.0893,2.0139,0.99566,1.1251,1.0421,1.5977,1.1759,0.13466,17.937,4.134,1.7798,0.42512,0.62468
47.752,26.588,8.9764,21.052,1.1517,5.8619,3.9099,34.11,4.1862,21.836,2.8668,2.8114,0.83257,0.58817,0.81808,3.0039,3.9312,0.11673,0.0072413,1.1061,0.30864,0.052668,1.2454,2.6952,0.66787,0.24288,0.18065,0.10467,2.9887,17.981,18.955,3.2759,1.7681,1.1039,0.28509,0.21221,0.31168,0.35032,0.13676,0.35407,3.6947,1.8785,0.55349,0.54087,0.055521,0.61483,3.0407,0.19404,2.1737
46.249,9.2589,4.2801,28.731,8.6941,14.417,32.53,0.66759,1.1693,25.566,0.96366,1.0984,0.1972,5.1143,2.5177,4.3202,26.666,10.008,16.049,1.3918,0.60928,1.6788,0.21492,0.05126,1.5769,10.887,2.7442,1.4708,1.1103,0.65752,0.25541,0.57188,0.52092,0.23163,0.36482,0.10724,0.13121,0.44128,0.10103,0.090992,0.044802,0.079921,0.69351,0.21193,5.428,1.5613,0.93432,2.2777,0.61916
37.236,40.642,27.483,10.892,26.636,0.45677,13.668,21.132,5.7991,0.43175,8.7348,4.7679,0.49396,20.636,4.8433,0.38784,3.0364,3.2643,0.46067,9.627,7.7748,0.23778,3.4461,0.66527,2.1946,7.0174,0.62711,0.18771,1.0137,0.89111,0.99744,0.095718,0.46988,18.356,1.3779,3.0407,1.3984,1.7395,0.83363,4.925,2.4372,0.19698,1.3673,1.8425,0.3312,4.8768,3.0969,0.79543,1.0143
32.269,16.105,21.617,43.715,0.078777,2.0561,48.78,6.7593,1.4011,11.833,0.80653,2.4571,0.25548,1.4964,0.15926,38.823,7.3505,1.5271,3.7069,3.8352,0.057799,0.37634,2.7115,1.8039,0.53855,2.2303,4.4869,2.6433,1.4336,0.15148,0.72006,0.89999,1.4361,1.5832,0.86491,11.215,0.11963,3.2743,5.9965,1.4447,1.6969,0.37381,0.39825,1.511,0.096355,1.0076,0.4097,0.65087,1.3072
49.925,9.6232,6.6866,24.497,41.057,3.5809,12.769,5.2253,6.8418,14.583,19.899,0.18995,10.701,36.508,10.314,3.2353,8.7199,2.3249,4.0545,2.3558,1.1653,0.54846,0.10999,0.7524,0.15922,0.21536,1.7834,0.99112,3.0429,0.57261,0.26686,1.5842,0.48216,0.12818,0.77695,0.66113,0.63395,0.061227,0.55863,0.013616,0.25669,0.069606,0.035028,0.25318,0.51221,2.1762,0.07712,0.030924,0.13919
55.648,6.0904,41.035,8.8619,4.5262,11.191,28.787,1.4183,9.0327,35.32,11.674,7.1115,8.2645,7.8051,17.985,0.65917,11.703,2.8703,0.29705,0.54959,2.7078,0.68472,2.6225,2.2845,1.6055,1.9164,3.5623,6.668,2.3536,0.074061,3.017,1.3824,0.99923,0.55299,0.46464,0.39482,0.22658,0.035142,0.52968,0.92293,1.8508,0.31075,1.0361,0.059859,0.26446,0.12129,1.0658,0.49274,1.403
47.47,25.342,1.9552,1.3429,5.207,2.4374,11.5,46.078,10.179,0.061409,1.76,0.58609,7.8335,0.49403,6.5164,7.53,6.1081,0.12098,2.1281,3.1614,0.14049,0.41233,0.30084,2.6226,0.50525,0.25956,1.9917,4.3113,2.0907,0.22628,1.8901,31.431,2.6655,2.0452,0.71563,1.1945,0.33059,0.68867,0.55335,0.079189,0.30768,0.27373,0.15197,19.269,0.2539,0.48843,0.89434,0.20302,0.084008
49.916,13.032,42.236,49.17,12.807,12.425,10.654,17.869,1.9293,3.6715,0.37541,2.082,1.5545,0.65136,0.59394,0.21466,0.069918,0.17107,5.7316,5.0157,2.7278,0.42049,1.4719,0.74521,0.42809,0.22185,2.0586,6.8826,0.77686,0.13478,1.6742,0.26942,13.677,0.61295,1.1845,1.0728,0.32602,0.34311,0.08937,1.2159,0.28885,8.5207,13.295,4.0252,10.024,3.9502,0.19777,0.84596,0.44962
54.707,38.876,8.3472,0.71216,2.2036,47.221,3.1122,17.786,5.9484,2.6748,0.72232,14.82,9.9251,4.0159,1.6178,0.72427,3.753,0.5506,15.406,20.897,15.604,0.45663,0.82165,0.91237,0.1009,0.58547,2.5877,4.9069,0.93214,0.99526,5.8185,1.9179,0.57358,0.28026,0.63524,0.058221,1.0231,0.15412,0.17726,0.26477,0.63488,0.26586,0.82092,0.23878,5.0272,1.2983,0.11544,0.076061,1.4199
17.506,25.517,9.3737,11.641,5.6708,6.9632,10.365,2.0583,2.8494,3.9487,1.0233,0.051682,0.017215,0.053792,1.1972,0.18061,52.404,2.5314,1.1399,5.5682,38.96,7.4034,10.324,1.2108,8.8272,5.2855,1.1453,3.7319,6.2215,0.12231,6.7701,18.983,3.0305,0.5144,1.2227,3.5396,1.1047,1.1153,1.1503,0.45363,1.5859,1.3767,0.24857,0.069411,0.1728,0.020242,0.29814,0.041003,0.89795
54.461,48.69,8.035,0.11668,7.7504,4.4087,6.2079,4.9071,52.519,6.8667,4.0949,15.956,1.7089,0.57868,13.724,0.7773,1.0387,15.489,2.975,5.075,2.6168,7.6548,6.4854,1.683,4.703,2.6539,0.29711,4.7704,0.90433,0.23137,0.12752,0.33023,0.94691,0.30789,1.9808,3.3318,1.2512,0.83393,0.63822,0.30037,0.73218,0.069906,0.99151,0.70614,1.6646,0.75702,0.36564,0.26049,0.0095792
41.659,3.4414,16.831,54.567,34.497,17.661,23.323,7.5243,7.9101,1.2681,13.343,13.696,4.5815,1.3294,3.2112,0.68667,1.2022,0.52271,0.72985,1.473,0.29014,0.14573,8.2462,18.245,0.83757,4.8605,1.1518,0.92568,0.76017,1.0228,0.17723,0.35893,0.49281,2.1671,2.5945,0.55134,0.57399,0.64398,1.6312,0.23764,1.7761,1.6361,1.613,0.49203,0.41322,0.09378,0.75125,0.4202,0.091394
54.509,2.4213,51.614,8.9869,4.0222,32.298,4.8452,0.19287,0.80452,26.602,3.6992,0.30864,0.048583,12.239,3.5619,0.039685,6.6655,2.076,0.34009,0.85702,4.1018,8.3962,4.8867,2.326,2.7223,1.0606,6.679,3.1737,0.55725,0.29003,0.46181,0.94602,0.38339,0.24914,0.040004,0.12356,3.1423,8.0528,0.25533,0.46463,20.255,2.0528,1.2144,0.4647,0.29541,1.5188,0.18286,0.66885,1.976
31.863,30.212,22.402,2.2829,1.5958,1.3301,0.21491,0.966,39.909,25.455,1.664,6.7694,1.7852,14.897,1.9994,35.054,12.367,9.4717,7.1321,6.763,1.0263,2.0898,1.1001,1.177,1.1508,0.98998,2.0185,0.9865,0.71921,9.7491,4.8814,14.645,2.9663,6.2968,1.1342,0.22076,0.80456,2.7827,0.39796,0.81568,0.44402,0.45153,0.2911,0.10846,1.1276,0.15631,0.34438,2.1045,0.39062
52.398,34.593,9.3007,2.2528,2.9337,0.72388,0.43767,8.2324,0.3638,0.62346,2.1493,27.767,24.435,27.37,1.3227,3.1542,2.215,1.6478,8.136,9.9369,1.1128,5.3671,3.2545,1.1166,0.11635,0.17875,0.51092,0.079823,0.50766,0.30686,3.5386,4.5912,1.107,0.088265,0.17309,0.48879,1.0786,0.039582,0.16636,0.061289,3.6614,0.73471,0.10182,0.44047,0.20654,0.53755,0.59843,7.7934,0.28666
31.217,45.387,18.144,32.396,7.7216,16.146,20.275,10.285,3.0616,7.11,1.0105,0.49746,1.4163,1.0096,1.2891,2.9229,0.31838,4.1553,9.8746,0.91897,0.49151,0.21566,6.8536,0.12512,0.043472,29.638,3.5533,3.6515,15.696,8.661,4.661,1.4639,2.1045,0.47183,0.25325,1.0225,1.5426,0.47494,0.64923,0.048475,3.1535,1.3159,2.7104,1.7037,0.58637,0.48342,0.53111,3.0987,0.19295
55.836,26.476,37.97,8.8991,23.061,16.512,26.279,14.662,3.8604,1.1389,0.47356,5.5069,0.98201,1.5989,0.96542,1.3136,1.7357,2.9044,1.8759,0.26975,0.40666,0.35563,2.1071,10.355,0.94365,0.91056,0.0060293,1.3913,0.031427,0.47367,0.063376,0.6847,0.063241,0.089375,0.2772,0.5553,0.11385,1.878,0.049908,4.8881,0.25046,8.9837,2.5844,0.62079,0.38657,6.7593,0.23265,0.56047,0.40833
53.367,21.78,2.4465,11.564,1.3566,3.9281,1.5348,23.557,7.9995,1.7197,0.52383,2.7759,23.939,12.137,3.3488,23.235,0.39246,0.74976,0.54919,1.8548,0.32088,0.56056,0.29873,0.26361,0.18715,1.2769,3.0231,0.96084,1.4005,0.31244,0.33893,0.84102,0.1007,0.1966,0.055406,0.61431,1.8121,0.98127,0.038016,0.057325,0.10191,0.054401,0.019456,0.0027057,0.15964,1.8616,0.14805,0.12728,0.097594
52.741,55.476,2.2423,2.6819,12.302,2.5796,1.1956,0.45629,0.26184,3.023,4.4363,41.236,13.32,2.6096,0.25591,6.7572,4.1315,20.537,3.2112,0.84593,1.0111,0.59753,0.15187,0.055841,0.24404,4.0809,0.27385,0.75667,0.22829,0.45133,0.72821,10.662,1.658,1.0255,1.1628,4.2056,3.6675,10.62,1.8441,3.4741,0.32347,4.2709,1.1463,0.21917,0.56041,0.048692,0.11317,0.15244,0.67406
43.178,43.096,27.366,9.0391,18.085,16.6,5.4371,3.1284,33.492,34.538,17.36,0.93388,2.4549,0.95639,3.007,2.0941,0.45618,0.42242,0.12911,0.41362,1.754,1.3449,0.29819,0.58608,0.91611,0.19068,0.038464,0.090659,0.058165,0.52651,0.1982,0.25063,0.16293,0.20284,1.2743,7.0159,1.7467,7.7291,4.0932,1.7511,0.91993,0.11806,1.8645,0.8912,2.0385,1.4065,2.4713,0.15486,4.8767
51.789,33.744,1.5702,40.938,0.57358,3.6449,6.9453,11.4,5.7986,5.9121,1.4538,18.504,2.2971,5.5217,0.53778,28.404,23.068,6.5316,9.0392,0.098189,3.509,1.6128,1.8652,0.18515,3.9639,1.1198,0.47592,0.38061,6.2871,0.67909,0.24763,5.3796,3.9089,2.2334,0.1308,3.075,1.4535,0.1384,1.0832,0.066587,0.34043,0.67334,0.21806,1.3071,0.47067,0.075596,1.7436,0.4733,6.99
54.426,2.8592,26.225,2.4592,41.077,45.625,11.92,1.5749,10.305,7.3788,8.3435,1.6238,1.699,1.4954,0.54939,0.4234,1.9557,5.1773,10.913,6.7836,6.4731,0.56352,0.62742,0.41401,1.1277,0.19104,0.9785,0.43864,0.074371,0.045243,0.11096,0.10071,0.10265,0.10524,1.1684,0.65954,1.2513,0.53547,0.10799,0.90899,5.8687,5.0015,8.7199,1.4991,9.4033,0.47682,0.1964,2.1326,1.907
42.741,15.586,8.7644,24.1,16.23,5.2873,0.83602,10.499,0.71006,17.601,3.6365,0.60652,0.51085,5.9238,13.898,28.455,0.73671,5.3467,16.878,1.6332,9.8352,0.38503,1.4961,0.22555,1.7207,0.048843,0.93039,0.20176,0.057262,0.0276,0.59169,0.45128,0.51317,1.2866,0.080484,0.39362,0.25851,2.9569,0.55799,0.0056293,0.19453,0.43833,0.094996,0.062605,0.05214,0.62547,0.68883,0.69804,2.0793
56.053,15.446,8.1,4.5095,13.275,0.0978,0.3217,2.6003,0.48324,25.108,0.95736,52.967,15.534,11.328,7.8465,3.3153,1.0454,0.12321,0.10069,2.2856,2.7749,2.2843,2.7971,1.1975,1.7716,0.69064,0.21798,1.0827,0.72623,2.5764,0.66908,1.0131,0.079057,5.0437,0.15382,0.85253,0.10888,0.09071,0.57984,0.53631,0.43323,0.50126,0.25714,0.14508,0.37267,0.47506,11.243,0.026769,11.278
53.181,27.942,2.768,32.563,13.365,5.7364,11.576,5.1201,1.6709,2.9276,0.21421,0.13157,0.12551,1.7826,0.46968,0.82054,13.659,16.21,4.4968,15.319,17.063,0.50205,2.0915,0.23839,0.082466,1.9175,1.3709,0.428,0.18085,1.8068,0.33445,23.267,9.4816,1.0645,1.2112,0.15388,1.8621,1.4213,1.4062,12.64,0.40824,0.22261,0.23328,1.5472,4.0958,2.0382,1.1154,8.9956,5.7735
31.027,21.807,14.319,8.4542,7.8103,1.5069,36.301,9.3099,14.6,0.53213,10.479,4.722,26.105,19.744,33.84,12.807,4.7637,0.83253,13.57,5.1117,2.4368,0.13803,0.46834,2.1295,0.84859,0.3179,1.9664,1.6476,0.9951,2.3819,0.41836,1.4275,0.95196,0.67787,0.12641,2.1445,0.25143,0.026217,0.04506,0.068836,1.1585,0.095888,0.015549,0.076387,0.087739,0.17779,0.077216,0.68384,0.70877
31.65,31.655,17.095,4.5824,19.534,8.4178,8.0004,6.9542,12.504,6.6018,46.685,3.7306,1.608,0.35316,10.579,0.49576,0.65376,0.72998,4.0437,0.07637,21.64,1.1534,1.5662,0.97443,15.387,2.0026,0.055636,10.443,7.2325,0.33164,1.2809,0.47801,0.44674,0.09007,0.2365,1.0608,1.8759,2.6252,1.0482,0.087435,7.7992,0.15227,0.77124,0.10004,0.22127,0.35376,0.065127,0.11662,0.11294
50.122,13.691,0.69572,11.084,16.291,37.463,5.9363,1.9314,37.428,5.1958,6.4531,0.7176,1.0894,8.569,2.5155,3.4828,42.623,5.7796,18.982,0.11505,0.36808,2.073,2.5534,2.4855,1.4093,1.5751,7.4889,2.5284,1.2673,2.552,0.88846,0.52931,0.49199,0.42171,0.18653,0.30636,0.98664,0.18624,0.22211,0.1819,0.22325,0.062156,0.69997,0.30143,0.23353,0.35262,0.19467,0.12904,0.43052
53.921,29.117,13.525,2.9634,5.2758,15.574,39.072,12.478,2.2979,2.7449,1.5188,5.2669,0.20781,1.0548,0.45273,0.24401,0.091594,8.3777,40.745,11.563,1.6251,7.8113,8.9586,0.24067,4.8969,1.4039,0.7698,0.28818,0.44404,0.050332,0.75316,0.44258,0.58929,0.040678,4.5769,0.2073,1.5987,0.25877,0.82759,0.38564,0.063083,0.4,0.090085,4.1591,0.54919,0.35155,0.057016,0.30269,0.77112
17.606,20.905,19.859,0.82211,32.691,9.395,28.532,0.55272,48.548,22.087,8.9191,16.069,22.945,4.2883,1.2339,0.3951,3.071,3.5434,1.1054,1.1488,1.0649,1.3736,0.31074,1.7023,0.97084,1.2165,0.10587,0.55247,0.13983,0.31773,0.58239,0.41685,0.34452,2.1757,5.6067,0.91121,2.1994,0.065597,0.087692,0.22396,0.10502,0.47581,0.10642,0.43243,2.5,0.012328,0.16899,0.031955,7.9332
49.114,28.909,3.7501,2.0613,3.0034,0.79117,0.70774,0.29077,19.847,19.434,2.7701,1.8389,0.3448,1.0995,0.1865,0.20607,6.0228,0.095479,11.692,1.3812,0.47451,0.13884,0.25139,0.60699,19.033,17.73,0.19545,16.632,15.76,3.7783,0.3283,0.30169,2.7325,0.91678,0.1385,0.71554,0.044317,0.67205,0.57439,0.45039,0.26448,0.045174,3.8748,1.4493,0.07476,3.847,10.065,1.1458,3.6995
54.927,42.656,7.5751,51.274,19.028,6.1303,1.0685,1.6066,1.1892,18.502,4.1296,1.7076,0.10634,1.2331,2.8285,0.26461,11.04,3.4136,0.20326,1.9551,1.8995,0.20865,0.19347,1.9315,2.1321,1.456,0.37177,0.23047,0.58886,0.75868,1.0725,2.7896,0.99615,17.826,4.3411,2.9491,3.3064,1.0889,0.34,2.1296,0.96164,0.1582,1.0548,0.10575,0.019895,0.038976,0.17215,0.064505,3.7713
55.957,16.741,2.9647,13.406,54.99,8.9063,11.548,18.716,14.976,3.1041,1.3854,1.3078,2.1658,3.2449,11.897,25.23,0.077193,1.8959,2.6639,1.7321,8.0197,4.3278,0.47346,2.2812,1.3472,1.3844,0.40504,1.0316,0.57274,0.58852,1.0246,0.30066,0.39732,0.30452,0.32383,0.078587,0.14277,0.11487,0.13638,0.1613,0.78893,0.35465,2.2829,1.2326,1.3244,0.25369,0.4197,0.18209,0.069711
25.044,18.73,5.1272,49.19,20.611,1.4184,23.984,3.5212,0.4584,7.825,22.165,0.1539,0.3257,25.567,9.5459,4.9468,0.12931,0.55358,0.64214,0.5015,0.55937,7.107,1.0155,0.26214,0.080379,6.05,12.52,2.8458,1.4274,0.73899,0.50247,0.030664,0.056287,0.83024,0.15396,0.29974,2.8727,3.7761,0.59489,0.14834,2.3586,9.624,1.2065,5.4217,0.52464,0.060702,0.62852,0.32641,0.038673
55.192,8.0473,23.936,36.172,1.0312,4.781,0.26987,0.6804,3.6424,11.683,11.917,1.0356,0.79819,1.4638,3.7962,7.0207,13.752,31.531,6.7907,12.079,9.9257,6.6058,14.469,1.6212,0.78171,3.6915,0.19094,0.091626,2.7699,0.23795,0.83937,0.91967,3.6188,2.7755,0.075694,0.091467,0.32634,0.22253,0.068822,0.35765,0.29376,0.46651,0.10311,0.46736,0.20234,0.10723,3.2799,0.67805,0.082862
24.346,44.94,36.672,1.097,0.49968,8.6883,41.822,6.7095,4.3452,10.794,2.4646,6.4721,0.30445,0.96646,0.27468,26.007,2.6145,0.47175,0.44145,2.9236,5.4839,9.1424,13.25,2.0296,4.3625,13.174,0.82066,0.18879,7.339,1.0293,1.5332,0.45098,0.78831,0.7175,2.1413,1.0269,0.5654,8.2049,1.0344,1.3378,1.0056,0.19172,0.080638,0.17764,0.26527,0.007277,6.2141,0.47387,0.49914
25.399,17.945,2.861,18.679,15.201,19.614,2.0778,25.066,12.133,36.844,15.287,11.684,9.5267,7.8385,5.415,0.82586,0.39288,1.5547,1.986,0.30185,4.3647,0.036164,0.3957,0.17738,0.18333,0.24705,0.30348,0.10474,1.4754,2.83,0.10074,0.70731,0.33803,0.15826,0.087702,0.85214,0.40484,0.16547,0.3309,0.30355,0.82739,0.35184,0.35198,3.8563,0.005391,0.73735,0.0025027,0.21773,0.034241
53.742,34.068,35.049,5.4671,27.673,2.4619,36.727,9.2216,1.8059,1.0314,2.0626,23.182,0.53611,0.67008,0.32633,0.72245,0.22131,2.8405,1.3067,0.309,6.5533,0.30708,1.7177,2.0332,1.9003,0.73236,1.8295,0.32136,0.1759,1.2621,0.83652,0.049059,15.432,1.9739,0.41724,0.38395,1.4296,0.28793,0.71189,0.40921,0.011896,3.5433,2.1815,0.19176,3.619,5.8139,0.32017,0.17138,0.18391
17.457,6.6601,36.658,3.4631,38.176,3.3094,5.3397,2.3944,55.553,22.762,4.8395,17.334,0.65188,2.9571,1.4815,0.99808,1.9339,0.12885,0.3942,1.8247,0.49043,4.0747,11.289,4.134,0.084777,2.9121,0.26148,0.32379,0.15256,0.065909,2.3379,6.0779,2.4878,0.57535,8.3384,1.3231,0.20498,0.49082,0.22566,0.54054,1.2087,0.099586,0.10353,0.16819,0.95992,1.9394,0.55454,1.2893,0.7196
55.361,13.674,23.901,1.2166,33.776,3.0893,1.4462,0.18634,2.805,1.2043,0.48066,6.1634,20.531,1.4974,5.9839,24.284,1.1685,44.756,12.521,0.37784,0.42043,0.46921,0.35773,1.9424,0.10422,0.14817,6.2965,2.1714,0.31017,1.2272,2.0729,2.6285,0.079395,0.3932,0.1877,0.62468,0.20331,0.02518,0.14589,0.32257,0.027341,0.055422,0.28038,0.52591,0.56627,1.0461,0.0059718,0.013013,0.12144
54.443,4.5651,4.0203,6.3981,17.541,46.577,5.8794,3.6875,14.122,10.794,1.6236,3.3739,0.26322,1.0098,0.11637,1.8722,11.336,7.4179,31.641,7.1606,9.4314,19.018,0.71416,0.038766,0.70366,0.57818,0.61032,0.47743,1.9113,1.0207,0.30608,0.70948,0.41347,6.9893,4.551,1.0577,0.28407,0.55895,0.49623,0.34144,1.4067,0.47223,1.0301,0.022079,0.14349,0.14831,13.668,0.3115,1.2656
31.615,52.74,36.108,16.745,6.7909,5.0188,28.414,16.35,2.4981,2.0366,3.5493,0.45576,0.066724,0.4497,0.57147,1.4118,1.6055,0.75275,3.3403,0.32821,3.0456,7.2617,0.69705,0.026346,0.63544,0.71365,2.5118,2.0599,1.0987,0.15325,0.018794,0.12488,2.3194,0.89728,7.3312,0.7275,0.73974,0.37332,0.036398,0.25359,0.61586,10.442,0.13359,0.89732,3.5158,0.22093,12.276,11.1,4.5755
48.747,52.122,50.297,8.2607,5.5197,0.40128,14.561,2.0875,0.67826,0.95572,6.5425,0.52697,0.34723,1.3967,0.098298,3.3796,3.3148,0.66141,0.31892,0.57799,0.14066,5.3681,0.26013,16.812,3.6213,6.5441,1.0887,0.33005,6.7984,0.74021,0.18177,2.479,0.1835,13.971,4.754,3.9786,0.043001,0.61555,1.7469,1.0015,0.93743,0.46287,0.1124,0.46932,0.023455,1.1988,0.87944,0.62967,0.71027
17.194,25.94,51.12,27.369,4.5012,0.16128,4.9347,16.374,35.465,10.891,0.71977,19.818,8.4671,5.2872,3.8291,0.70031,11.585,4.8307,2.9382,2.1585,1.465,0.72486,1.5653,0.49904,0.68596,0.03533,0.1579,0.68262,1.0041,5.1932,2.1505,0.094931,1.3615,0.87752,0.63545,0.14409,0.2656,0.10221,0.13544,0.46369,3.5777,1.1502,3.1951,0.59763,0.70122,1.3627,0.18738,0.26548,10.44
56.535,18.483,0.82718,10,0.23603,8.185,32.751,12.385,2.2624,0.52058,0.54857,4.2696,0.14694,39.09,3.5131,2.301,0.9547,0.50036,0.80284,6.6995,4.861,2.8921,19.128,1.0244,6.1325,29.627,3.8087,0.75462,3.3869,0.87811,2.2659,1.455,0.83017,0.85444,0.079922,0.21651,0.13744,0.97614,0.34337,0.76398,0.42744,1.8772,0.11353,0.63969,2.2804,1.1031,0.29416,0.27416,0.0607
17.384,23.548,2.1049,49.915,22.906,4.9375,6.5871,10.051,1.9971,0.6092,1.0242,1.156,8.8697,12.81,18.53,23.072,8.1136,0.28982,0.1293,11.751,5.7175,0.27062,0.89116,1.3317,0.81023,0.044409,0.014756,1.6635,0.22088,0.74643,0.55145,0.092108,1.0296,0.003832,2.3937,0.031178,2.2505,0.045665,0.015503,0.39661,2.2786,0.39204,0.27678,0.017532,0.39248,5.1468,10.839,9.4707,1.8047
9.271,50.459,9.7146,29.609,7.4352,2.0831,5.6604,9.8312,2.3156,23.454,41.435,1.7552,30.129,3.9984,11.109,3.5514,1.8786,4.3137,9.1179,6.6453,1.7105,0.98268,1.815,0.15711,0.1327,0.27585,0.51431,0.72836,0.4359,1.1931,0.24056,0.35309,2.6262,0.93554,0.74803,0.47865,0.40141,0.33122,0.0235,0.61249,2.601,0.52008,0.18128,0.72227,0.089435,0.45428,0.017307,0.082247,0.48828
47.619,2.0115,12.708,11.322,19.894,1.9386,40.567,0.70489,0.98401,16.848,2.4155,0.25267,6.8619,6.9293,2.5994,0.066057,0.5259,0.042928,13.05,15.446,14.895,2.8578,4.9595,6.6682,3.373,0.081508,2.1912,1.6444,0.21105,0.34095,0.15731,0.85733,0.39264,0.077834,7.0976,20.695,2.0226,1.0492,0.64313,0.57989,0.4963,1.0358,2.2072,0.90469,0.78695,0.12912,0.2015,0.16393,0.097749
17.571,44.709,8.487,29.268,1.2385,21.476,17.556,42.353,12.15,4.6409,0.95397,0.77371,22.069,5.1341,1.3728,6.8325,0.72244,1.2236,1.7905,10.286,1.052,4.5066,0.78575,0.63578,7.6255,0.059953,0.4745,0.29048,0.20448,0.26092,0.12855,0.36245,0.20861,0.75051,3.289,0.086973,0.15306,0.036196,0.27202,0.25041,0.096962,4.9708,0.97406,2.162,0.089045,3.4598,0.26172,1.804,0.42221
53.812,47.617,15.097,8.2519,8.9218,4.6414,1.7824,27.43,0.52072,0.34137,1.5943,4.9943,10.226,4.1764,0.75115,13.076,0.4965,0.99844,1.7319,1.566,18.344,14.463,16.789,4.5957,1.3728,0.67241,9.4684,0.37003,7.9641,10.113,2.0928,2.9781,0.16283,0.17098,0.77504,1.0279,0.95371,1.7796,0.27404,0.15717,0.20021,6.0496,0.34831,0.1833,0.020425,0.51081,1.7399,0.15446,0.21911
24.947,34.47,14.268,19.139,22.474,39.096,30.683,16.551,0.13648,11.859,3.1898,16.156,20.869,6.3698,5.9546,1.098,2.4243,1.8305,1.6278,0.26512,0.59642,0.058124,1.1153,0.91331,4.2891,1.171,1.8448,0.74449,0.29006,0.76209,3.1611,0.20578,0.29432,6.0096,1.0252,0.15234,0.31614,0.67166,0.87337,0.53613,0.044043,0.25512,0.24261,0.079439,0.10683,0.94103,0.075576,0.18488,0.20914
24.947,45.346,18.554,6.9756,1.5608,24.087,42.721,22.15,1.4988,1.6032,5.8048,1.0514,0.25376,14.237,4.8855,0.91121,0.76215,0.88613,1.6077,0.6612,0.49903,0.078004,1.8151,1.4944,0.73845,8.4263,0.34777,1.9584,0.050134,1.0195,29.078,4.7417,2.3039,7.5684,0.13708,8.4955,1.7895,0.94632,1.97,0.67728,0.53842,1.1027,0.0012436,1.0844,1.1212,0.030598,0.051184,0.74319,0.42436
52.902,31.262,21.022,4.0275,14.801,4.6868,1.7879,0.10614,6.0385,4.2764,2.1625,31.392,0.72012,35.82,6.7862,5.2094,0.49965,4.0724,0.75288,2.9036,3.7226,3.9855,0.68183,0.095965,1.4607,0.65162,0.44225,23.277,13.533,4.8333,1.7429,0.30768,0.93362,2.5705,1.4192,0.13281,0.07925,0.13225,0.082596,0.38093,0.44334,3.0297,0.14043,0.067005,0.47767,0.41321,0.32885,1.0536,0.48337
52.606,9.3446,16.615,3.1329,2.8124,3.1496,0.34067,3.5725,1.2149,0.22741,2.0365,44.554,12.067,2.3063,5.0648,0.7725,1.078,0.30154,4.0075,32.757,1.0032,23.812,16.055,5.4334,8.6397,2.6987,0.24052,10.012,0.84058,0.73154,3.5961,1.5351,0.33783,0.90786,0.29808,7.8614,0.14639,0.30938,0.45108,0.78511,0.83309,0.42671,0.88441,0.47079,0.52058,0.12905,0.551,0.3211,0.12639
48.112,48.675,9.9728,1.2652,4.0121,0.91165,0.61346,2.0262,23.173,5.6819,3.5838,19.913,1.0936,4.6549,14.669,0.82767,36.043,5.0135,0.42941,5.7054,1.4891,5.3908,2.5234,0.78271,5.3867,0.36887,3.6716,0.05217,0.16583,0.95089,0.3199,1.2287,0.49351,1.1412,0.58723,0.67379,0.066628,1.4761,0.085413,0.41772,0.21053,2.7923,1.3383,0.06395,0.538,1.3779,0.15054,0.81961,0.77469
53.946,1.8994,40.341,2.9985,31.505,20.251,4.624,3.8176,10.299,14.496,2.3243,16.94,0.69717,12.562,3.192,7.9667,3.8587,0.6736,1.6006,2.4008,3.1215,0.88603,1.0617,0.39655,0.82377,23.934,0.41717,2.1519,0.67124,0.18511,5.5246,7.6526,0.30593,0.28794,3.5889,0.15071,0.46551,12.619,3.483,2.0822,1.1272,0.30547,0.57064,0.22753,0.45521,0.90056,0.19274,0.11594,1.3928
55.865,24.855,0.91743,2.9125,24.287,0.91099,0.99338,0.19595,0.13956,15.774,42.468,9.9167,5.5955,5.1092,4.3921,32.835,5.2743,18.728,2.5952,1.1408,0.45963,1.7081,1.8421,0.20247,0.059831,0.64957,3.2379,0.72222,1.8809,0.092341,4.3294,4.6395,0.04017,0.97511,0.050828,1.5425,0.47052,2.0158,0.33725,1.0736,8.227,4.8636,1.2567,2.5398,0.71546,1.0196,3.7974,1.0845,0.096756
17.523,12.266,17.777,16.005,19.847,3.66,10.771,11.803,27.612,4.9802,0.18401,36.007,27.611,0.77379,1.6362,6.7923,0.23832,10.958,0.76857,7.6742,2.5745,0.83273,4.9738,0.49797,0.20882,8.806,4.9805,8.8179,1.9335,1.0264,0.62113,2.4222,0.34261,0.094827,1.9958,1.5857,0.50511,0.32187,0.34061,0.63424,0.12003,7.2217,11.989,0.9164,0.86194,0.07503,0.024797,0.49231,0.064357
17.573,20.059,40.303,8.6536,25.827,14.042,12.61,16.029,14.04,3.0602,0.42406,2.7273,1.461,0.12402,0.92598,2.3124,0.10755,1.1247,0.18983,2.0447,0.32003,0.14891,0.52607,0.13068,0.063611,0.13627,0.5837,2.198,8.446,17.702,1.5735,15.99,19.316,3.0254,5.0439,0.62983,6.331,0.20237,0.88223,0.3753,0.042598,0.80016,0.83272,0.60367,2.7752,1.5016,0.48878,0.58477,0.54147
17.288,31.156,16.121,14.415,19.527,25.777,23.002,14.489,37.587,10.726,0.5652,6.7023,5.2108,4.2571,0.24816,7.5371,0.088175,1.1763,0.18812,0.98049,2.0625,9.9416,12.638,1.3958,1.8926,1.2862,1.791,3.3983,1.4024,0.41533,0.45462,0.10114,2.3829,9.7795,2.2996,0.73739,0.093332,0.50937,1.9087,0.72246,0.54831,0.027671,0.070252,0.082897,3.3784,0.050698,1.7568,0.32259,0.24945
50.766,26.624,21.057,30.375,0.3488,38.755,1.0373,0.6223,0.19944,0.14864,18.389,1.4778,5.2214,6.7424,8.1568,4.2071,4.2749,3.0246,0.43815,1.1479,0.36322,0.723,1.289,0.91696,0.27774,0.30859,0.61326,7.1021,20.49,9.213,3.165,4.8103,0.97921,6.0687,1.1315,8.776,1.1016,4.1865,0.63804,3.3542,5.0374,0.67315,0.32165,4.2998,0.48513,0.24969,0.15467,0.27314,0.68162
41.533,14.894,33.758,6.4805,19.817,27.588,6.0312,24.941,21.048,10.41,1.9149,0.77663,0.11416,0.31985,10.088,0.14857,0.2282,16.067,9.7672,1.0567,0.44463,5.3717,3.966,4.0347,3.2157,0.80943,0.42586,4.0262,5.6176,3.562,1.976,0.31409,3.8645,0.44336,0.27086,1.7569,2.6901,0.27836,0.18594,0.13651,0.14315,0.065953,2.7192,2.2446,0.47469,0.58008,0.042946,0.14551,0.18862
41.489,31.07,11.706,50.991,47.053,11.811,3.6483,18.489,10.311,3.7908,0.30606,0.349,1.6757,2.9048,12.47,5.977,1.4428,1.0212,0.19177,6.0186,2.7529,2.9881,5.3505,6.7897,3.4508,0.84372,0.38465,1.3126,0.14735,1.4986,0.86053,1.192,0.21674,0.4218,0.91516,0.14984,0.89266,0.92501,1.1314,0.080513,0.52637,0.44593,1.5567,0.031524,0.11894,0.055595,1.4383,2.3674,0.44849
45.926,21.881,47.04,2.8083,29.197,15.659,1.7619,31.466,7.3496,7.0117,20.506,3.624,1.4886,7.3642,1.1738,0.89957,0.46129,8.3302,6.0287,0.20979,5.2402,2.3688,0.49437,0.12028,0.95581,0.88365,1.1251,0.008597,2.9871,0.25827,0.15253,0.20385,0.28939,6.2378,2.9877,1.6267,0.24662,6.9915,0.85521,1.5097,0.19618,0.9395,1.177,0.96218,0.97415,0.50347,0.061532,0.2156,0.38036
52.374,13.166,19.178,9.2756,1.8508,16.559,0.58352,1.9776,0.1704,22.765,4.6104,1.4477,44.001,18.475,7.4122,4.1677,0.75945,0.22534,3.3237,3.8673,1.643,1.3472,0.49665,1.1643,0.6364,0.49654,0.11655,0.19414,0.64331,0.44529,0.69441,0.20715,1.4304,0.4483,0.28979,0.066608,0.054168,0.75225,0.28366,4.1895,0.15546,30.399,2.4176,9.0276,3.5687,1.0523,4.1915,10.795,0.64157
24.049,50.92,6.9368,18.956,1.1174,1.5381,17.919,10.074,5.6397,0.79797,0.1885,15.885,17.723,1.7575,0.28657,0.15314,1.3953,23.197,7.0172,10.358,0.573,1.2047,15.469,0.077156,0.91676,1.6097,0.92116,5.339,0.76057,0.76321,3.9111,3.2057,0.07517,0.52159,0.71909,0.97075,0.247,0.29964,0.076852,0.048184,0.25309,5.5755,0.18496,0.0055625,0.34486,0.36582,0.23856,0.047553,0.1379
46.4,44.587,10.451,2.7322,3.9139,0.68962,5.6005,0.77339,8.509,26.383,38.333,35.022,14.618,3.5953,1.4469,0.44832,0.44968,12.259,0.78536,3.1651,2.8007,0.22412,0.64404,1.569,0.23687,0.21919,0.77576,0.96363,0.089272,0.29975,1.8039,1.9639,1.035,1.5345,0.87342,0.013604,0.016319,2.0444,3.7147,0.70074,0.15166,1.4919,4.2308,0.70525,0.44409,0.37794,0.83135,0.64149,0.13243
51.859,48.566,8.9547,0.52237,8.3719,0.60272,1.5717,0.33923,1.887,30.648,35.365,7.7902,0.15774,0.12991,7.3727,10.928,1.4402,0.29839,15.271,5.0943,0.80778,1.3096,0.14221,0.68653,10.208,3.4021,0.84667,0.20307,0.50568,3.7345,1.4801,4.7479,4.3533,0.8267,0.73775,1.1124,0.27638,0.18884,0.81944,0.40775,0.8559,2.6424,1.1272,0.30252,0.083876,0.19168,9.917,0.43473,0.3375
55.043,6.8965,2.9716,26.04,0.68196,16.129,46.528,2.0622,17.231,2.3497,0.48728,16.868,5.5432,1.8729,0.37698,4.2376,0.26408,0.5645,0.092098,7.3293,19.478,7.1156,0.8745,1.5611,1.1738,6.288,0.73356,0.724,0.4759,5.5019,0.035331,0.52107,0.94542,0.52008,0.11246,0.33932,0.12147,0.074501,1.1013,0.22527,5.9129,0.14083,0.98215,0.13378,0.28186,0.11537,2.404,0.087237,1.1276
9.249,29.41,27.63,33.057,6.2247,29.56,2.763,6.3402,7.4231,3.9895,1.3462,32.228,8.0482,0.21958,4.6817,13.342,5.7732,1.5442,0.18302,0.39019,0.54116,5.5619,12.674,9.553,0.74841,12.836,1.6956,0.70077,1.6498,7.4122,13.021,1.7848,0.57376,0.31535,1.4394,0.11293,0.34056,2.817,2.2772,0.97992,0.62753,1.2252,0.16705,0.44569,0.49105,0.98646,3.4885,0.7206,0.19802
42.932,19.515,34.657,12.902,32.624,24.053,31.953,2.0984,7.6082,5.2758,20.188,2.9047,1.0681,1.3289,0.39019,7.392,11.056,3.5287,0.078259,0.63885,1.2684,3.3948,1.8893,8.0664,1.8707,9.1319,1.5297,1.059,1.1319,1.5785,1.9775,0.66866,0.082716,0.36354,0.75027,0.84885,0.33845,0.20502,0.014816,1.0291,1.9689,0.20633,1.1803,0.50122,0.20434,0.25239,0.6899,0.10532,0.36264
25.329,42.783,19.265,2.3671,0.50911,20.955,1.8557,0.74676,0.95379,0.17131,0.17692,17.483,20.175,2.0668,0.45301,0.25009,0.044418,0.4067,2.6275,4.8165,7.6728,9.4985,0.037486,0.52352,0.51822,0.8416,0.3858,12.192,0.54621,0.078142,0.75023,1.2169,20.41,4.2818,0.78913,0.10036,0.8793,1.1838,0.1376,0.19386,0.52796,0.046008,0.085344,5.4953,0.072847,0.90744,0.49596,0.30859,0.27449
54.206,7.7603,25.846,10.127,4.0599,0.39851,25.781,1.2988,19.361,0.67302,3.7437,0.39698,2.8703,1.124,1.025,3.7607,14.293,3.5664,0.34682,0.038851,1.1581,0.56997,0.2458,7.1003,0.84055,0.27178,1.8005,1.0938,0.65866,0.086695,0.09342,0.33571,0.60277,0.4057,0.38705,1.7315,0.52961,0.40014,0.32263,9.1644,14.798,7.0079,3.6275,0.5606,8.655,11.146,0.39672,0.23347,0.061175
31.736,28.659,16.555,20.92,7.2384,54.478,7.9485,7.5883,0.20777,0.50064,25.997,30.939,2.9613,2.2137,1.4214,8.2141,6.6732,4.1406,0.39015,0.86398,3.7434,0.5731,0.89945,0.70632,0.89922,0.70545,0.044766,0.07986,1.0258,0.048153,1.096,1.8242,1.228,1.4615,0.45077,1.0829,0.23581,0.46727,0.55693,0.066651,0.99056,2.1665,0.33732,1.0035,0.60483,0.27313,0.068093,0.4007,0.52282
17.924,14.905,47.452,18.826,1.8218,15.145,1.1041,0.22283,5.1289,21.876,27.236,1.2957,1.8945,12.215,0.5571,19.984,18.617,13.863,5.6825,2.8862,1.2103,2.4189,5.1138,4.0384,0.43177,0.6872,0.31741,1.2129,0.076543,0.53925,0.14572,1.7048,0.51727,0.5277,0.19726,0.070411,0.29687,0.40186,0.33074,1.3379,0.40805,0.19911,0.17694,0.15636,0.082661,0.029445,0.60804,0.10066,2.413
51.233,1.0025,23.596,37.121,3.6133,52.108,9.8607,10.677,0.014144,5.2549,2.7968,7.9591,2.2851,4.4543,4.0248,2.2902,2.7577,6.4946,2.5926,0.058213,1.543,0.60571,0.02134,0.28703,0.044604,0.23132,0.14509,0.019288,1.9083,0.13146,3.1439,2.7424,0.15919,0.29949,0.081322,12.484,16.182,0.57329,0.71718,0.13157,0.084869,13.756,2.3909,0.30926,1.1956,0.032608,0.070547,6.5488,0.62765
52.891,14.928,0.48756,5.7535,24.61,5.322,0.59814,31.373,4.4153,2.4461,3.0927,6.7163,0.47632,23.331,0.59831,0.9925,33.237,2.7439,7.7025,1.0649,0.77402,19.224,20.409,4.216,1.6945,4.0301,1.7107,0.20164,0.98653,6.1034,0.018716,1.7128,4.9227,4.6686,5.9848,1.5505,1.7701,0.47616,0.40086,0.12126,1.5456,2.8906,2.3422,1.4719,0.24699,0.072371,1.764,0.10338,0.98474
9.2872,37.479,10.249,39.552,18.459,2.5739,15.354,7.5951,5.3223,11.928,12.224,1.7808,6.282,0.32815,6.964,2.6108,1.9753,1.0574,5.3626,45.674,5.3346,9.3058,0.57357,3.8013,0.063517,1.2548,1.3742,0.27016,0.18973,1.4811,0.12301,6.6658,3.0889,1.7322,0.77099,4.6128,0.60966,0.91709,2.1003,0.39021,0.20137,0.044857,0.25095,2.47,0.50802,0.60563,0.31899,0.55066,3.762
24.415,46.373,50.48,9.7325,32.833,3.0133,5.734,1.9851,2.0404,26.716,2.5771,3.4354,11.491,9.4585,1.3072,0.10666,1.3164,1.036,5.6554,11.116,6.9273,11.636,0.6093,0.25719,0.35845,1.6602,0.18655,0.8625,2.2942,0.56676,0.14054,0.023699,0.10245,0.0049307,0.21494,0.18043,12.373,3.1943,0.85879,2.3067,1.4154,0.3439,0.79967,3.4129,0.77384,3.6693,0.42757,0.94542,0.060641
9.0281,25.651,30.204,40.626,42.378,5.8765,5.3161,2.3115,1.8244,4.9621,0.54296,1.9669,0.79742,14.454,1.6691,0.52301,1.1867,0.66901,37.391,4.918,3.9344,0.34265,0.11522,1.7002,0.21098,0.29355,19.262,15.06,1.476,4.1651,4.6447,7.0825,1.8571,0.19441,0.071588,0.35631,0.75339,0.064231,0.39318,0.46765,2.0555,0.25386,1.267,0.41743,0.13148,0.0098412,0.027104,0.082096,0.11213
54.119,1.9719,42.09,16.291,1.7777,3.8806,1.349,6.2549,8.0806,1.4818,1.6407,1.2228,0.10395,25.127,5.0698,16.005,15.534,3.4793,0.12528,43.65,3.5071,0.41684,1.2437,1.6894,13.275,6.8878,2.4413,1.9558,0.29227,0.72208,1.2971,0.26997,0.4828,1.3185,0.28374,2.2581,2.4646,0.16256,4.943,8.8359,2.0045,1.5335,0.1542,0.11143,0.12001,0.60722,0.056318,0.34022,2.2848
38.143,52.541,35.353,9.6549,4.4764,0.92883,1.7187,38.406,9.1838,17.561,13.364,1.4024,2.7999,4.159,0.033871,0.94443,0.86881,0.95702,0.37021,1.2124,1.5391,0.41854,1.1147,0.31718,0.3149,4.6825,2.0831,0.97429,0.95526,3.6045,20.038,0.37096,0.089899,1.6081,4.2742,4.9574,0.67462,0.47584,0.47042,0.74646,5.7826,0.19944,0.13625,1.9279,2.546,0.12671,0.97213,0.057561,0.73993
52.708,6.7769,43.217,4.721,6.7829,11.318,1.2044,7.369,4.2963,3.2643,3.7438,1.455,0.63533,0.30671,0.8531,0.20778,0.055096,0.72987,0.55258,0.22977,9.6106,0.24044,0.2053,0.35019,39.872,0.31084,0.88939,8.0543,1.0603,9.3479,0.59247,0.54314,0.53419,0.091589,0.06367,0.47393,0.058495,0.026136,4.3083,1.7,27.195,3.9425,6.8635,0.82493,5.2839,1.338,5.5532,1.7554,1.9832
55.868,31.313,7.1946,14.773,3.555,0.47161,0.44234,6.9022,0.90831,3.2375,0.95899,27.521,30.629,2.9722,16.124,27.08,13.491,9.56,8.4753,0.53327,2.0626,0.66335,1.4051,0.78965,4.1327,1.553,0.36088,0.030462,0.12469,0.32847,0.0017644,4.7165,0.91,2.8854,1.5487,0.44309,0.27254,0.062156,0.020376,1.136,0.42562,0.71036,0.80058,0.1978,0.13789,1.2435,0.092961,0.11892,0.02214
31.64,22.569,0.16987,36.847,17.043,4.5438,36.974,1.4199,0.3455,4.9964,3.8826,18.998,12.03,7.5687,4.5197,3.6245,25.836,8.4238,11.131,0.93326,0.35617,1.2939,1.0292,0.45683,2.2504,1.2298,0.11252,0.73373,4.021,0.082618,0.44909,0.72608,1.0883,1.1754,5.7557,0.23307,1.2292,6.0536,0.19387,0.36122,3.5945,0.090151,1.6057,0.47969,0.62637,0.17883,0.42953,0.2157,0.064532
40.13,38.558,15.923,6.158,0.91354,39.163,10.699,12.188,18.102,15.18,2.7192,1.8515,0.30172,1.1093,0.37913,0.15271,6.2792,24.233,10.686,6.1489,7.2364,0.84406,2.9949,2.2814,2.4516,0.88704,0.28664,1.6153,0.63942,0.31076,0.3631,7.3961,5.9059,0.53983,0.56,0.37082,0.85591,11.905,2.1354,3.3051,0.88327,1.6981,3.3774,1.5856,0.63766,0.0045843,1.168,0.23302,0.47621
42.329,0.50499,41.373,9.0307,30.214,6.0381,0.75972,3.5491,2.7481,0.73128,0.25759,1.6253,0.77396,1.3295,0.83087,0.073937,0.099664,24.768,27.045,1.6186,10.486,5.0228,0.94047,0.12945,6.1735,3.6472,3.0574,4.6625,10.921,3.27,0.30412,21.158,8.3573,2.0462,2.3206,0.33857,9.9962,0.47266,0.34794,3.8119,1.5347,0.33898,0.035746,0.43597,0.23364,0.14841,0.069403,1.5572,7.8125
31.012,8.5424,39.252,21.312,7.3196,4.0659,0.64267,3.9349,2.8156,0.62336,0.23436,4.0963,0.28027,18.951,1.7198,0.97673,24.636,5.3676,0.19591,6.7369,0.45451,0.13945,1.0564,0.20138,13.848,15.845,11.348,12.112,7.0501,1.3195,12.789,1.7061,3.8034,0.021623,9.9118,5.4523,0.63406,0.39986,2.0154,0.055649,2.7028,1.4282,0.14418,0.033534,0.29437,0.046446,1.027,0.51174,0.13129
43.687,8.9886,14.409,12.486,37.999,17.959,1.9963,36.432,9.689,23.741,1.3264,11.014,17.986,1.9391,1.0773,1.648,0.37722,5.9011,4.9852,4.525,0.17949,1.0099,2.7134,0.22199,0.49636,2.7345,0.85308,0.27892,0.27024,5.1588,1.9516,1.8279,0.31901,0.20075,0.32893,0.76897,0.24763,0.48822,0.31771,0.54399,1.2295,0.15499,0.062596,0.18101,0.51246,0.079309,0.76821,1.8741,0.68403
