1.7,400,90,0,11.768,8.5635,10.527
1.7,Inf,Inf,0,20.791,22.264,8.821
1.7,400,135,0,29.373,9.8899,6.9213
1.6,250,90,0,22.691,5.314,5.0803
1.65,250,270,0,32.86,16.731,24.865
1.7,50,225,1,20.938,8.3837,10.163
1.7,Inf,Inf,0,17.555,9.0307,13.4
1.65,200,45,0,45.322,8.5912,11.553
1.7,300,90,0,16.847,6.5683,7.5246
1.7,100,0,0,23.497,8.0434,17.227
1.65,250,315,0,12.151,8.7342,9.8899
1.7,200,315,1,29.641,6.6548,14.35
1.6,400,180,0,29.404,8.1737,11.625
1.7,450,270,0,12.796,6.6332,10.736
1.7,400,0,0,18.376,4.8403,11.148
1.65,200,225,0,30.331,8.4346,9.7312
1.65,300,315,0,10.061,6.5124,9.5768
1.7,200,180,0,20.456,5.287,11.326
1.6,250,90,0,29.914,8.7301,9.9964
1.65,Inf,Inf,0,25.83,8.5262,10.596
1.6,100,270,1,55.866,15.203,13.49
1.7,Inf,Inf,0,46.2,6.7753,14.399
1.6,450,45,0,52.416,11.862,14.192
1.7,100,135,1,36.924,7.1747,16.469
1.65,400,135,0,51.378,8.6162,15.858
1.65,450,180,0,51.319,11.498,17.088
1.65,100,225,0,21.055,6.9007,8.275
1.65,450,90,0,12.416,8.6685,10.875
1.65,Inf,Inf,0,30.857,12.024,10.845
1.7,100,315,1,30.232,6.7047,10.172
1.65,350,0,0,40.693,7.8011,21.002
1.7,100,180,1,14.185,8.2606,13.317
1.7,250,90,1,14.62,8.9576,10.374
1.65,100,90,0,25.848,10.035,12.392
1.7,400,180,1,46.547,16.169,12.453
1.6,100,45,0,27.781,10.296,7.3667
1.6,400,270,0,41.89,5.5806,14.524
1.6,450,90,1,22.104,8.63,13.874
1.65,350,225,0,11.567,8.6355,7.6904
1.65,50,135,1,25.119,8.2433,12.394
1.7,Inf,Inf,0,38.239,13.526,10.761
1.7,100,45,1,28.152,5.8979,15.793
1.65,300,225,0,20.97,8.7137,21.009
1.7,250,270,0,29.929,10.494,15.109
1.65,400,315,0,37.562,5.5997,18.148
1.7,350,0,0,16.959,7.285,10.302
1.6,250,135,0,25.423,17.336,14.593
1.7,300,180,1,20.002,12.041,12.581
1.6,300,225,0,18.271,7.421,10.365
1.65,100,45,0,21.805,2.9277,21.024
1.65,Inf,Inf,0,17.916,10.569,12.398
1.6,Inf,Inf,0,15.653,10.007,7.9313
1.65,400,180,2,74.506,18.419,30.168
1.6,50,315,2,322.13,17.415,18.593
1.65,100,180,1,51.556,24.095,21.24
1.65,450,135,2,82.117,43.147,39.576
1.7,350,45,0,34.251,14.56,17.046
1.6,400,270,2,660.86,841.64,616.32
1.6,Inf,Inf,2,330.82,13.867,32.588
1.65,Inf,Inf,2,295.68,12.722,25.862
1.7,450,180,2,321.74,18.032,25.515
1.65,150,0,2,270.71,663.65,493.35
1.65,450,45,0,33.378,17.275,20.927
1.7,200,90,1,29.798,19.167,17.855
1.6,50,225,1,28.005,12.977,27.028
1.7,150,135,0,39.5,10.291,20.881
1.6,100,90,2,75.982,15.008,14.068
1.7,300,315,0,51.406,21.567,37.91
1.65,250,0,2,122.59,20.436,50.895
1.65,50,45,2,123.5,11.222,23.895
1.6,50,0,2,1538.8,1316.3,969.57
1.6,450,0,0,36.672,6.2564,22.421
1.6,50,180,2,136.34,25.796,18.023
1.65,50,0,2,141.28,23.718,32.338
1.7,250,180,2,191.95,27.588,14.081
1.7,400,225,2,157.02,17.718,21.933
1.6,150,135,2,162.1,20.485,11.739
1.7,150,135,2,144.91,30.303,13.761
1.7,Inf,Inf,2,476.84,870.01,605.05
1.6,Inf,Inf,2,116.44,27.359,78.162
1.7,50,270,2,152.49,22.627,18.507
1.65,Inf,Inf,2,103.83,15.882,36.386
1.7,Inf,Inf,2,231.67,491.29,347.38
1.6,400,315,2,129.95,22.822,33.004
1.7,250,45,2,2573.1,911.27,681.85
1.65,Inf,Inf,0,25.587,14.059,18.845
1.6,400,180,0,34.454,10.042,20.726
1.65,450,180,0,23.245,13.617,14.774
1.6,200,225,0,25.398,22.327,21.369
1.65,300,0,0,8.2979,3.3523,9.2993
1.7,100,270,0,17.265,7.891,12.033
1.7,200,45,0,29.66,9.1963,4.957
1.7,250,180,1,11.33,4.2342,12.601
1.6,150,90,1,35.703,8.3996,13.202
1.65,250,135,0,19.455,16.968,16.061
1.65,350,90,1,45.034,6.8243,10.176
1.7,350,135,0,11.585,5.7694,8.3638
1.7,Inf,Inf,0,12.668,5.9522,11.301
1.7,Inf,Inf,0,24.717,4.4615,20.742
1.7,300,0,0,23.434,8.3209,14.694
1.6,Inf,Inf,0,21.927,7.1979,4.0415
1.65,Inf,Inf,0,9.878,3.3991,11.831
1.7,50,135,1,18.545,2.0587,12.148
1.65,250,270,0,20.719,5.7009,13.928
1.65,100,225,1,16.004,7.2691,10.288
1.65,Inf,Inf,0,18.369,5.6188,12.406
1.65,150,180,1,28.345,6.2564,8.8452
1.6,400,0,0,19.771,12.815,17.027
1.6,150,225,0,21.871,10.914,6.5014
1.7,Inf,Inf,0,14.441,10.357,9.1095
1.6,300,0,0,28.049,9.7882,18.884
1.65,Inf,Inf,0,18.415,6.4991,9.8101
1.65,400,225,1,14.432,6.9063,11.064
1.6,350,315,0,27.281,6.9727,11.208
1.65,50,135,1,21.488,4.2405,11.141
1.6,450,135,0,14.217,5.2576,7.7598
1.7,450,315,0,10.949,9.759,6.7295
1.65,Inf,Inf,0,19.46,6.3794,13.256
1.6,100,225,0,13.318,6.4143,9.8634
1.6,150,90,1,14.188,6.7929,10.242
1.6,350,90,0,24.287,8.6973,8.1668
1.6,Inf,Inf,0,27.831,4.8892,14.998
1.7,250,180,1,27.902,6.6332,6.6512
1.6,350,0,0,45.324,8.1737,18.013
1.65,300,270,1,8.623,4.9982,7.6858
1.65,300,0,0,22.631,5.6188,13.843
1.6,400,180,0,13.915,8.4035,11.856
1.6,350,315,0,23.561,10.485,10.555
1.7,400,90,1,14.73,10.128,8.6162
1.65,Inf,Inf,0,10.274,7.1614,8.6355
1.65,300,135,0,15.19,8.1897,16.536
1.7,100,90,0,28.085,13.989,8.6262
1.7,100,0,0,37.318,7.7213,13.515
1.6,350,90,0,52.38,3.9521,9.9905
1.7,Inf,Inf,0,28.117,7.9762,10.73
1.7,200,180,0,47.765,12.851,13.901
1.6,200,45,0,51.111,11.644,13.196
1.65,300,45,0,53.092,13.037,15.109
1.7,350,225,0,24.137,10.9,22.66
1.6,250,135,2,92.068,10.69,24.186
1.65,400,90,0,35.818,16.803,12.509
1.7,200,135,2,64.128,7.9181,14.132
1.7,300,225,2,66.553,10.687,12.717
1.65,400,270,2,64.242,10.663,12.983
1.6,200,315,0,43.487,9.5019,11.269
1.65,200,45,2,75.303,6.7259,13.598
1.65,Inf,Inf,0,46.734,11.112,16.787
1.6,400,90,0,33.262,11.236,19.74
1.65,50,45,1,53.364,7.9462,12.716
1.65,Inf,Inf,0,46.925,9.396,10.049
1.65,200,225,0,38.173,8.3826,18.237
1.7,100,0,1,36.3,8.2191,18.874
1.6,450,315,0,20.643,11.487,9.3884
1.7,200,90,1,24.741,5.6252,14.98
1.6,300,135,0,37.58,9.1016,13.003
1.7,50,225,1,47.939,7.1514,11.513
1.6,Inf,Inf,0,32.387,7.285,10.336
1.6,50,315,1,56.799,11.352,14.17
1.6,350,315,0,29.98,15.715,19.25
1.65,50,180,1,34.385,10.647,15.847
1.65,100,225,1,41.034,5.7735,18.609
1.7,300,135,0,23.414,12.138,13.601
1.65,400,315,0,46.889,9.5643,22.814
1.65,150,270,1,52.94,13.76,20.443
1.6,200,180,0,53.321,12.642,13.549
1.65,400,270,2,64.054,10.334,10.128
1.7,300,315,0,39.83,14.818,8.2404
1.6,400,315,0,42.958,7.6314,8.8587
1.7,150,45,2,90.307,12.972,12.036
1.7,400,135,2,65.997,12.906,10.452
1.65,Inf,Inf,0,42.247,17.171,14.412
1.65,300,270,0,51.658,12.939,11.123
1.7,150,180,1,38.943,15.25,12.518
1.7,450,315,2,63.408,8.6877,21.552
1.6,50,0,0,26.105,10.889,15.305
1.65,250,0,1,50.965,6.3794,17.083
1.65,150,90,2,60.395,9.9163,12.107
1.65,200,270,1,56.496,6.6494,17.204
1.7,Inf,Inf,2,65.443,7.6707,19.181
1.65,400,225,0,49.831,5.4363,12.306
1.6,300,180,0,36.868,10.65,12.677
1.6,250,0,0,35.112,4.337,13.284
1.65,350,0,2,67.052,11.341,21.502
1.65,50,270,2,62.951,5.6553,19.019
1.65,100,135,1,34.634,8.5147,7.4534
1.7,250,0,1,50.383,10.47,8.0711
1.6,100,180,0,42.96,9.9475,14.625
1.7,450,270,0,39.195,10.163,15.575
1.6,50,270,0,45.203,14.446,10.908
1.6,450,45,0,49.965,14.199,11.672
1.6,350,135,2,85.954,6.7683,17.686
1.6,Inf,Inf,2,82.448,6.9885,15.941
1.6,150,180,0,35.026,9.8116,11.388
1.6,300,270,0,26.606,9.2649,27.008
1.65,400,45,2,60,10.342,10.179
1.6,200,180,0,26.54,10.329,21.673
1.65,300,90,0,26.635,15.116,19.052
1.65,200,0,2,3000,0,0
1.65,Inf,Inf,0,23.269,9.2263,17.598
1.7,200,135,1,52.227,10.703,12.106
1.6,450,135,0,31.534,10.951,11.298
1.65,450,270,0,39.311,11.93,16.881
1.65,50,0,1,36.815,9.7239,11.486
1.7,300,270,0,46.524,13.801,13.729
1.6,Inf,Inf,0,32.692,8.4544,13.744
1.7,150,135,1,49.633,11.028,13.951
1.65,Inf,Inf,2,63.583,7.7782,12.567
1.6,450,135,1,40.109,9.2263,10.309
1.6,200,225,0,44.983,11.173,17.153
1.65,400,270,0,28.632,6.4513,11.022
1.7,150,135,2,61.672,8.5049,16.173
1.65,50,90,1,51.092,9.2273,11.173
1.65,100,0,2,3000,0,0
1.65,400,180,0,32.512,12.443,21.577
1.7,200,180,1,50.432,12.124,11.427
1.7,Inf,Inf,2,65.86,5.8716,5.757
1.7,50,90,2,93.914,12.455,18.57
1.7,400,225,2,62.755,7.7414,14.486
1.7,300,135,2,69.814,8.8694,19.912
1.7,Inf,Inf,2,65.656,8.2433,7.4801
1.65,200,225,0,47.913,9.6427,14.327
1.7,200,45,0,57.653,8.0844,20.877
1.7,450,45,0,50.816,9.3465,24.576
1.7,Inf,Inf,0,57.419,8.0504,14.45
1.6,250,315,0,58.471,6.9385,14.353
1.6,Inf,Inf,0,47.39,6.5502,10.808
1.7,450,90,0,33.132,8.9762,11.101
1.65,Inf,Inf,0,46.472,13.082,16.849
1.6,350,45,0,45.166,7.2736,15.142
1.65,Inf,Inf,0,49.701,6.6189,11.202
1.6,300,90,0,43.486,8.6839,10.763
1.7,350,315,1,59.133,9.8052,9.8826
1.6,350,0,0,41.091,9.1408,17.744
1.7,400,0,0,31.082,5.0285,7.4769
1.6,350,225,0,26.994,9.844,21.652
1.7,100,225,1,17.205,8.5384,11.208
1.7,Inf,Inf,2,62.867,6.1875,12.789
1.6,Inf,Inf,0,15.877,7.9271,14.277
1.6,150,90,0,18.608,5.0427,14.232
1.7,350,0,0,35.397,8.0167,9.8089
1.6,100,0,0,33.567,20.729,9.2118
1.6,350,135,0,54.244,8.6757,5.5997
1.6,Inf,Inf,0,31.972,11.743,8.1006
1.65,100,0,0,44.592,6.644,19.559
1.65,400,225,1,49.552,8.0612,18.497
1.7,350,90,0,54.626,5.908,12.284
1.6,Inf,Inf,2,60.061,8.6162,22.463
1.6,150,270,1,58.233,12.375,9.9139
1.7,Inf,Inf,0,25.706,10.36,15.564
1.7,200,135,0,15.949,6.8522,15.038
1.6,350,90,0,47.272,13.814,15.8
1.65,400,90,0,43.115,6.0514,12.737
1.6,400,135,2,73.088,9.3172,15.984
1.65,100,225,2,69.535,8.9123,23.275
1.7,350,135,2,75.783,8.5262,15.688
1.65,50,180,0,58.712,13.138,10.924
1.6,150,180,0,34.961,14.412,16.591
1.65,50,180,0,43.716,9.3707,8.1795
1.6,350,180,1,37.981,5.7259,17.269
1.7,300,0,1,22.861,8.3324,17.509
1.7,100,315,1,53.967,22.699,19.914
1.6,Inf,Inf,2,61.34,7.303,19.243
1.7,350,0,0,42.276,16.69,9.5743
1.6,Inf,Inf,2,71.809,11.301,9.7834
1.7,150,135,1,35.397,8.8156,15.229
1.6,Inf,Inf,0,50.285,6.1412,10.783
1.7,350,135,1,54.891,4.6853,13.952
1.7,250,225,0,52.942,10.259,8.0711
1.6,150,45,2,67.157,3.0938,12.674
1.65,Inf,Inf,2,68.198,6.1818,12.895
1.7,400,0,2,65.827,5.3835,13.964
1.6,300,180,0,50.929,8.4233,5.8269
1.65,300,90,1,46.12,8.9283,15.629
1.7,Inf,Inf,0,58.776,11.671,7.8
1.65,450,315,0,53.045,5.3168,13.543
1.6,250,45,0,42.716,7.1114,15.806
1.7,50,135,1,48.804,6.5561,20.594
1.6,150,0,0,53.882,8.1182,14.485
1.7,250,225,1,34.927,8.821,15.747
1.65,100,315,1,38.155,6.0104,10.204
1.6,50,90,0,53.279,6.7259,12.325
1.7,Inf,Inf,0,27.728,8.7123,11.427
1.7,Inf,Inf,0,43.308,6.4254,12.162
1.6,250,225,0,46.378,5.1478,9.1613
1.6,300,270,0,57.228,7.8498,10.09
1.65,300,135,0,52.669,9.3783,15.144
1.6,Inf,Inf,0,59.068,9.0895,10.781
1.65,250,180,0,45.821,8.2797,16.818
1.65,200,90,1,38.075,11.157,6.6009
1.6,150,225,0,58.222,12.017,10.7
1.65,350,135,0,24.171,4.8892,11.588
1.6,200,135,0,35.067,5.4756,12.375
1.65,Inf,Inf,0,46.517,9.4592,13.937
1.7,150,45,1,29.266,5.9362,17.184
1.7,450,180,0,45.262,12.191,10.937
1.7,50,315,1,32.731,7.5012,12.928
1.7,150,225,1,29.187,6.3733,14.199
1.6,250,0,0,47.409,10.579,23.373
1.7,400,45,0,58.726,10.457,7.2691
1.7,200,0,1,50.674,8.3964,12.41
1.6,400,270,1,53.564,10.677,7.357
1.65,200,0,2,62.956,9.8552,13.114
1.65,400,180,0,59.536,7.0339,12.448
1.6,Inf,Inf,0,29.009,7.7337,12.998
1.7,150,315,1,44.387,8.8065,14.56
1.7,400,315,0,58.532,6.1281,12.748
1.6,350,180,0,25.345,11.853,13.835
1.7,450,225,0,37.247,11.613,7.1001
1.65,450,225,0,42.916,7.2198,8.7821
1.6,50,270,1,55.213,10.278,7.4066
1.6,Inf,Inf,0,53.13,10.334,11.184
1.6,200,0,0,39.284,6.5283,18.409
1.6,Inf,Inf,0,51.106,3.3094,17.715
1.7,400,135,0,28.607,13.594,16.777
1.6,450,90,0,41.14,2.9358,15.942
1.6,250,135,1,43.155,10.649,11.622
1.65,250,180,1,46.217,5.743,13.432
1.65,300,180,0,43.915,7.6904,9.9642
1.7,400,270,0,35.091,12.716,15.454
1.7,Inf,Inf,1,51.697,6.5411,15.551
1.6,50,135,1,28.182,8.2592,8.8388
1.7,Inf,Inf,0,49.852,8.4346,19.082
1.7,400,180,1,44.786,6.1875,14.471
1.7,Inf,Inf,0,39.035,8.8227,10.98
1.65,300,90,0,30.588,11.79,12.477
1.6,Inf,Inf,0,43.871,5.9507,11.667
1.6,400,90,0,42.828,9.0869,15.089
1.6,200,90,0,48.763,16.283,10.891
1.6,450,225,0,27.441,7.6532,9.759
1.65,100,315,1,29.305,7.3278,5.2491
1.6,400,225,0,47.468,8.1897,13.005
1.65,400,135,0,35.408,12.961,15.874
1.7,Inf,Inf,0,37.581,13.054,8.1493
1.6,200,270,1,50.335,10.419,12.094
1.6,Inf,Inf,0,52.423,7.2061,9.1339
1.7,400,180,1,24.851,11.686,13.964
1.65,200,270,1,39.97,8.8479,15.988
1.6,150,45,0,40.853,12.705,12.38
1.65,450,270,0,51.049,7.342,10.75
1.6,100,45,1,37.124,12.268,14.031
1.6,450,0,0,30.642,10.9,18.435
1.65,450,135,0,55.329,6.0671,14.02
1.7,200,315,0,37.44,14.629,17.878
1.65,Inf,Inf,0,21.215,5.693,12.233
1.6,Inf,Inf,1,29.456,14.488,15.521
1.6,400,270,0,47.019,8.1941,18.158
1.65,250,315,1,39.29,8.6189,6.2892
1.65,200,45,0,49.14,19.878,13.587
1.6,250,180,0,45.528,11.55,13.416
1.6,100,225,0,37.463,8.3751,24.642
1.6,400,90,0,42.441,7.3872,13.477
1.65,250,315,1,21.383,8.6839,11.6
1.65,350,90,1,36.169,9.8959,14.57
1.6,250,180,0,29.53,12.456,16.63
1.6,50,0,0,44.016,11.173,9.8125
1.7,400,45,0,49.493,5.4232,11.47
1.65,50,135,1,46.305,6.6427,16.022
1.6,250,90,0,53.38,10.623,5.5485
1.7,100,45,1,44.131,7.2985,8.5189
1.7,Inf,Inf,0,55.308,10,16.71
1.7,250,0,1,42.546,10.706,15.188
1.65,450,90,1,40.434,8.6675,16.013
1.6,100,180,1,42.005,7.871,12.543
1.7,450,315,0,48.709,11.399,9.9274
1.6,250,225,1,37.892,12.325,10.431
1.6,450,135,2,66.781,8.9443,14.297
1.7,300,0,0,46.018,9.8262,15.118
1.65,150,270,1,24.935,6.4217,15.774
1.65,300,45,1,41.666,16.314,11.596
1.7,350,45,1,47.233,12.659,10.549
1.7,Inf,Inf,0,32.344,10.193,15.185
1.65,Inf,Inf,0,36.658,11.216,15.232
1.7,300,270,1,40.744,12.017,13.7
1.7,200,225,0,28.4,9.8416,10.302
1.6,100,225,0,38.856,18.291,13.658
1.7,350,45,0,41.736,8.8439,8.9243
1.65,50,0,1,34.174,7.6614,14.88
1.7,200,0,0,27.087,6.6641,13.69
1.7,200,225,1,43.935,8.8307,14.726
1.7,200,90,1,36.579,4.4668,11.912
1.6,300,0,0,43.235,11.407,8.1548
1.7,Inf,Inf,0,37.176,11.996,12.189
1.6,100,90,0,44.953,9.7297,14.694
1.7,300,315,1,34.342,6.1489,18.319
1.6,450,225,0,38.55,11.423,17.386
1.7,250,90,1,46.466,13.125,15.417
1.6,250,225,0,21.435,6.8661,15.856
1.65,50,270,1,35.537,10.361,18.841
1.6,100,0,0,25.327,16.578,14.441
1.7,450,225,1,43.637,7.1701,13.06
1.7,300,270,1,50.009,5.7925,14.888
1.6,150,270,0,19.547,10.487,8.8115
1.6,350,45,0,33.088,7.3225,16.83
1.65,Inf,Inf,0,28.866,8.2635,5.2825
1.6,Inf,Inf,1,31.418,6.0238,10.985
1.6,250,270,0,32.488,7.1001,14.243
1.7,350,135,1,28.544,10.636,10.803
1.65,Inf,Inf,0,44.7,11.414,8.1317
1.65,50,225,1,35.303,11.058,16.107
1.65,Inf,Inf,0,28.684,10.842,15.901
1.65,100,0,0,36.384,10.925,9.2186
1.65,50,180,1,30.939,7.6146,14.84
1.7,Inf,Inf,0,33.695,11.231,12.592
1.7,Inf,Inf,0,49.663,7.5546,13.488
1.6,300,270,0,25.972,8.7885,10.064
1.7,400,135,0,49.516,6.6797,6.2716
1.7,50,0,1,39.67,7.3582,7.0238
1.6,100,315,0,55.206,7.6052,11.388
1.65,400,0,0,40.41,11.071,12.988
1.65,300,225,1,40.825,6.5283,10.275
1.7,150,135,1,48.228,8.9602,9.357
1.6,350,90,0,42.201,8.1211,14.807
1.7,50,180,1,35.34,7.2592,8.3794
1.7,300,180,1,51.571,7.9776,15.165
1.6,400,45,0,37.22,9.7943,9.6511
1.7,400,180,1,36.964,8.2808,8.7641
1.6,350,225,0,29.082,6.9625,15.196
1.65,400,270,1,34.823,9.2031,11.006
1.7,400,180,1,30.001,5.8228,11.926
1.65,50,45,1,55.992,9.0465,15.445
1.6,Inf,Inf,0,42.945,10.967,14.88
1.6,100,45,0,40.233,8.1405,5.5146
1.6,250,225,0,27.566,7.3824,9.1456
1.7,Inf,Inf,0,36.46,13.459,17.96
1.7,400,90,1,32.176,5.5275,9.8914
1.6,350,90,1,33.334,12.306,7.9282
1.6,250,0,0,39.748,10.021,12.8
1.65,250,0,0,55.798,5.0332,14.244
1.65,200,45,1,42.372,29.331,5.8049
1.6,450,90,0,34.455,7.5864,19.107
1.7,450,180,1,42.533,11.916,22.516
1.65,400,270,0,38.161,9.4944,18.319
1.7,Inf,Inf,0,24.529,13.583,16.935
1.65,250,0,1,31.313,5.6821,11.205
1.6,400,315,0,40.051,8.9672,11.18
1.7,Inf,Inf,0,28.449,11.776,9.2711
1.6,250,0,0,26.655,5.3168,12.279
1.7,300,135,0,34.741,3.9641,12.386
1.7,50,45,1,35.911,3.2587,13.162
1.7,50,225,1,40.59,9.9562,15.273
1.6,Inf,Inf,0,25.169,14.658,10.295
1.65,250,135,1,23.627,13.437,11.65
1.65,450,315,0,21.925,9.2376,15.596
1.7,400,0,0,55.61,10.776,20.227
1.7,450,45,0,28.105,9.8464,9.2531
1.6,350,270,0,39.078,13.948,16.177
1.65,400,180,0,49.116,8.593,11.224
1.65,400,135,0,41.806,6.6211,13.109
1.65,Inf,Inf,0,35.52,8.8388,10.25
1.6,150,270,0,34.471,9.3188,8.0312
1.7,200,225,0,39.452,5.5533,17.876
1.65,250,135,0,29.362,7.7121,17.289
1.65,100,135,1,36.937,5.4707,21.763
1.65,300,45,0,34.731,6.8452,9.6954
1.7,400,90,0,48.149,8.4304,8.5262
1.6,400,0,0,44.363,4.3425,10.637
1.65,350,135,1,48.1,19.172,16.718
1.65,Inf,Inf,0,27.174,6.532,10.291
1.65,300,225,0,32.149,5.8228,8.0297
1.65,400,180,1,31.59,6.3246,9.7092
1.6,350,0,0,25.876,5.2735,7.8072
1.6,400,180,0,39.93,10.542,8.2245
1.6,Inf,Inf,0,39.577,9.9139,9.8842
1.65,450,225,0,43.543,3.3523,12.649
1.6,Inf,Inf,0,38.114,10.495,8.4741
1.7,150,270,1,31.486,11.997,12.384
1.65,250,135,0,40.855,9.0711,13.761
1.6,350,45,0,37.102,6.6009,7.9343
1.6,50,45,0,35.745,11.389,8.4505
1.6,Inf,Inf,0,21.451,7.0912,11.029
1.65,300,135,0,43.969,6.59,16.211
1.7,200,45,1,47.083,11.708,12.728
1.6,350,315,0,56.172,9.3935,11.888
1.6,150,135,1,35.795,9.1,16.481
1.7,150,0,0,41.992,5.1916,12.608
1.65,450,0,0,39.453,7.3258,12.469
1.65,Inf,Inf,0,27.486,10.657,20.328
1.6,Inf,Inf,0,25.983,8.1123,16.133
1.6,150,315,0,31.651,11.441,10.907
1.6,200,135,0,38.607,6.3095,7.5435
1.7,200,270,0,23.091,8.4473,10.783
1.7,250,90,1,21.81,6.9488,14.952
1.65,Inf,Inf,0,25.379,7.6033,15.501
1.65,450,270,0,26.239,3.8079,9.2108
1.65,Inf,Inf,0,27.246,6.2029,13.038
1.65,450,270,0,29.765,10.661,15.052
1.7,200,270,1,24.523,7.1201,4.0686
1.6,250,45,0,31.132,6.8335,14.25
1.7,250,135,1,43.228,10.371,14.172
1.7,300,180,0,35.399,4.6188,13.327
1.65,250,315,0,32.352,5.9281,15.655
1.65,150,270,0,33.118,6.1489,13.777
1.7,300,135,1,25.951,8.9283,18.173
1.65,Inf,Inf,0,18.517,3.9881,12.381
1.7,100,0,1,32.239,7.5498,11.672
1.7,400,45,1,34.801,7.0394,13.799
1.65,300,135,1,33.191,10.282,13.805
1.6,250,180,0,43.035,13.049,12.216
1.65,300,45,0,35.162,6.2507,19.501
1.6,150,180,0,29.919,6.3246,15.991
1.7,450,0,0,28.147,12.536,11.733
1.6,Inf,Inf,0,28.643,6.5247,7.9672
1.6,450,180,1,40.776,9.396,14.188
1.65,Inf,Inf,1,29.625,10.025,14.479
1.65,Inf,Inf,0,50.873,11.796,15.473
1.7,Inf,Inf,0,45.513,9.0711,15.427
1.65,50,270,1,25.409,7.1502,8.102
1.7,Inf,Inf,0,38.467,6.0813,5.6173
1.6,400,135,0,43.467,7.5687,15.745
1.6,150,45,0,51.723,8.5021,13.377
1.65,450,0,0,56.786,7.2259,12.021
1.65,200,180,1,49.817,7.9672,10.59
1.6,200,45,2,61.993,6.5465,9.8189
1.65,100,45,0,53,6.5561,12.8
1.6,300,0,0,35.102,9.004,16.767
1.7,300,315,0,57.835,10.885,8.7912
1.7,250,135,1,23.689,8.9032,21.243
1.65,300,315,1,13.897,6.3994,5.9562
1.7,50,180,1,30.438,5.7404,24.038
1.65,100,315,1,21.835,6.6319,18.063
1.6,250,90,1,45.1,10.574,23.972
1.6,250,315,0,22.874,11.476,10.155
1.7,200,225,1,28.131,9.9666,16.53
1.65,100,225,1,27.425,10.579,13.582
1.7,250,135,1,20.936,7.2111,17.252
1.65,350,270,0,13.506,9.4557,11.11
1.65,300,90,1,15.983,11.216,8.3467
1.6,450,135,0,36.288,8.2433,14.188
1.6,150,270,1,46.401,10.479,5.7363
1.7,350,270,0,45.648,3.5456,16.124
1.7,250,315,0,45.776,6.5561,12.87
1.6,50,180,2,60.904,9.4239,17.592
1.7,100,315,2,66.128,7.7965,15.332
1.7,100,315,1,46.452,8.6148,15.427
1.6,400,225,0,58.521,11.807,6.4683
1.65,150,315,1,50.031,10.626,13.922
1.65,50,180,1,49.032,21.908,19.957
1.7,Inf,Inf,0,51.6,8.8065,13.887
1.6,150,135,0,39.353,5.7071,18.799
1.6,450,225,0,36.615,3.7353,8.8962
1.65,450,315,1,54.996,9.0987,9.4074
1.65,100,0,0,37.421,8.2144,12.463
1.7,Inf,Inf,0,53.773,11.88,9.2428
1.7,Inf,Inf,2,60.856,7.68,9.7532
1.6,Inf,Inf,2,79.796,4.6599,13.255
1.65,100,135,1,52.749,6.9007,14.762
1.65,400,180,0,34.575,8.5968,13.075
1.6,50,180,0,54.202,8.5328,10.876
1.7,250,0,2,67.226,7.9821,10.816
1.6,200,45,1,26.756,5.4598,6.1837
1.7,250,180,2,65.121,4.1173,11.03
1.7,300,315,0,33.205,6.567,10.223
1.7,150,225,1,37.245,9.4163,6.4918
1.7,200,180,1,24.52,9.8189,13.125
1.65,250,45,0,18.13,10.388,16.622
1.6,250,270,0,15.775,5.8979,14.43
1.7,200,0,1,31.115,6.2981,5.8269
1.7,200,90,1,43.006,13.649,7.4098
1.6,400,315,0,21.749,8.569,21.037
1.7,50,225,1,47.414,7.8072,12.869
1.65,300,45,0,29.085,8.5094,6.6708
1.7,350,225,1,35.995,7.6126,13.45
1.65,250,270,0,33.936,10.179,6.2374
1.6,Inf,Inf,1,51.427,16.019,14.135
1.6,350,270,0,44.933,7.9,9.8271
1.65,100,315,1,38.422,7.2736,9.2864
1.6,450,45,0,39.475,6.6512,7.8407
1.7,Inf,Inf,0,22.214,6.5756,16.648
1.6,250,315,0,32.892,5.5485,15.56
1.6,100,45,1,40.579,4.7559,9.6904
1.6,Inf,Inf,0,33.207,10.704,8.779
1.65,400,45,0,38.423,6.9063,13.596
1.6,100,90,0,30.678,9.235,15.742
1.7,150,270,1,32.308,15.409,6.6279
1.65,150,270,1,33.766,15.8,7.5676
1.65,Inf,Inf,0,39.826,8.2071,16.733
1.6,Inf,Inf,0,55.202,8.8506,11.013
1.65,400,90,0,40.53,12.124,10.433
1.65,50,45,1,54.965,6.8648,12.467
1.7,Inf,Inf,0,51.127,10.323,8.08
1.65,Inf,Inf,1,19.624,6.1062,21.35
1.65,400,225,0,41.987,11.698,12.71
1.6,300,135,1,27.208,11.647,7.2309
1.7,300,90,1,37.382,9.289,16.876
1.6,450,0,2,86.66,14.55,35.318
1.7,350,0,0,48.197,4.6342,10.891
1.6,150,0,1,58.647,7.9642,18.841
1.7,400,45,1,26.379,10.637,5.7554
1.7,450,45,1,53.496,10.69,12.733
1.6,400,45,0,41.546,13.313,13.784
1.65,150,0,1,53.104,14.061,11.382
1.6,100,0,0,46.935,18.676,16.199
1.7,150,315,0,41.525,4.7859,14.513
1.7,300,270,1,46.546,7.4098,16.056
1.6,450,270,2,66.015,15.843,9.5119
1.7,200,180,0,50.737,13.392,12.092
1.65,400,0,0,50.634,17.024,12.593
1.6,350,270,0,45.195,28.495,10.842
1.7,50,315,1,42.749,4.8255,10.291
1.6,400,225,0,35.59,7.421,10.416
1.7,400,315,1,37.916,32.491,12.581
1.65,Inf,Inf,0,37.311,7.6111,16.63
1.65,Inf,Inf,0,28.409,6.59,10.323
1.65,150,0,1,31.515,12.555,16.777
1.6,150,45,0,52.469,7.0912,19.698
1.6,450,180,0,40.105,7.5923,14.076
1.6,50,315,1,37.062,9.3223,13.877
1.7,200,225,0,32.614,15.682,15.709
1.7,Inf,Inf,0,33.515,4.794,13.794
1.6,250,180,0,34.325,13.501,15.82
1.6,400,315,0,56.809,14.139,17.566
1.6,Inf,Inf,0,49.609,7.1464,21.494
1.65,150,270,1,54.797,5.5032,8.0178
1.6,100,270,1,37.132,12.612,16.078
1.7,300,45,1,51.69,7.6345,10.768
1.6,300,0,1,47.803,6.2944,15.208
1.65,150,180,0,42.283,9.8222,12.971
1.6,400,45,0,30.405,6.9282,10.141
1.7,300,135,2,65.601,9.4289,7.6314
1.65,100,90,0,40.637,7.017,20.489
1.65,150,225,1,29.621,8.1229,6.2321
1.6,300,270,0,45.208,8.7301,12.065
1.7,200,135,1,48.104,7.1846,15.043
1.6,100,90,0,50.411,11.37,13.069
1.65,50,270,1,24.922,4.6272,11.464
1.7,200,135,0,31.045,9.6065,16.591
1.6,50,135,1,45.401,9.8295,9.9139
1.65,250,45,0,35.814,5.8797,17.92
1.7,300,135,0,46.997,6.1489,19.667
1.65,250,90,1,39.552,10.111,22.434
1.65,450,0,2,69.343,10.132,15.778
1.7,150,90,1,40.867,7.342,15.745
1.65,250,45,0,39.983,18.163,10.383
1.7,200,180,0,31.278,5.9221,13.601
1.6,Inf,Inf,0,23.178,7.0394,13.943
1.6,300,45,0,29.675,6.0474,13.829
1.65,250,270,0,36.128,8.1999,4.9952
1.6,300,90,0,42.541,5.9,14.48
1.7,350,90,1,52.619,6.6279,10.457
1.7,450,315,0,44.492,7.8011,11.581
1.65,50,270,1,47.186,15.657,14.885
1.7,350,0,0,38.962,11.576,15.805
1.7,400,0,0,36.399,6.9213,19.651
1.6,Inf,Inf,0,41.36,4.4861,14.187
1.65,100,180,1,45.514,9.6214,17.444
1.6,Inf,Inf,0,34.689,9.7678,12.276
1.6,400,315,0,55.095,7.9462,12.568
1.65,Inf,Inf,0,32.282,6.7612,12.66
1.6,Inf,Inf,0,36.024,11.475,19.591
1.6,250,180,0,37.718,10.379,12.387
1.65,400,180,0,58.683,11.934,11.526
1.6,Inf,Inf,0,39.668,15.26,17.038
1.6,Inf,Inf,0,35.842,10.231,16.948
1.7,Inf,Inf,0,40.029,21.629,11.81
1.65,400,45,0,38.892,14.874,13.704
1.65,450,225,0,55.012,5.8269,6.9488
1.65,150,225,0,30.752,11.61,9.0307
1.65,350,135,0,31.849,4.6214,12.541
1.6,200,225,0,47.387,12.311,19.928
1.7,350,270,0,41.38,6.8752,18.497
1.7,400,90,0,43.154,18.876,25.726
1.6,100,225,1,30.648,6.4734,11.982
1.7,Inf,Inf,0,31.517,9.7444,10.495
1.7,150,180,1,37.719,7.0643,11.261
1.65,450,225,0,18.762,15.032,9.1807
1.65,150,135,0,56.151,12.608,18.96
1.6,250,45,2,79.966,10.064,16.912
1.65,450,180,0,36.777,9.9714,12.637
1.6,Inf,Inf,0,40.851,11.922,12.694
1.65,200,180,1,52.518,11.59,18.475
1.6,400,0,0,41.382,10.967,10.141
1.65,300,90,0,47.717,5.0427,17.647
1.65,300,315,2,64.69,13.964,6.3696
1.6,300,45,0,35.602,12.96,16.622
1.7,150,0,1,32.87,9.1613,18.252
1.6,Inf,Inf,0,32.439,9.9571,12.933
1.65,150,135,1,41.753,10.555,9.4027
1.65,400,0,0,13.95,9.0711,14.718
1.7,350,135,0,26.062,7.5012,16.716
1.65,250,135,1,19.857,3.9097,13.765
1.6,200,180,0,31.251,8.5094,12.357
1.7,50,0,1,35.379,10.064,9.6757
1.7,50,225,1,45.775,8.0844,10.106
1.65,450,270,0,29.081,11.464,11.825
1.7,50,270,1,55.867,8.4797,21.091
1.6,200,0,0,38.9,9.613,19.891
1.7,150,315,1,36.546,3.5456,15.79
1.65,Inf,Inf,0,43.744,5.6104,10.259
1.7,Inf,Inf,0,34.318,6.8855,12.829
1.7,50,90,1,18.578,8.2245,12.49
1.7,150,90,1,19.296,5.8539,20.371
1.6,150,0,0,34.599,4.6085,12.421
1.6,400,180,0,36.156,9.2916,11.127
1.65,250,135,0,19.666,10,12.915
1.65,150,45,1,15.366,7.1181,14.496
1.6,50,270,1,26.634,7.386,16.395
1.65,400,0,0,52.886,12.631,10.498
1.6,150,135,0,25.678,8.1064,15.646
1.7,200,225,0,39.037,11.224,8.9911
1.6,350,90,0,29.368,16.941,16.544
1.7,250,180,1,21.368,11.128,10.056
1.7,Inf,Inf,0,55.064,8.8075,16.175
1.65,100,0,0,28.687,11.88,14.386
1.7,200,90,1,43.376,9.6585,15.596
1.7,250,225,0,33.473,8.9243,13.659
1.6,350,180,0,38.054,11.795,17.121
1.65,50,90,0,27.281,13.782,12.687
1.65,150,0,0,20.809,15.404,18.374
1.7,Inf,Inf,0,33.015,12.186,6.5629
1.65,150,45,1,15.757,6.5846,10.596
1.65,150,315,0,31.851,12.839,12.198
1.7,250,0,1,10.188,6.2564,9.4592
1.7,150,270,1,40.446,8.3109,14.609
1.6,50,225,1,24.9,7.1001,24.605
1.65,300,90,1,22.576,3.0938,11.611
1.6,200,225,0,11.495,5.6821,7.3127
1.6,Inf,Inf,1,22.849,8.8452,13.044
1.7,Inf,Inf,0,34.194,12.268,8.6757
1.65,Inf,Inf,0,18.657,10.367,17.837
1.7,150,90,1,26.682,7.9597,17.639
1.65,100,0,0,10.894,5.7694,13.794
1.65,50,45,1,19.594,7.329,17.163
1.65,250,45,1,24.241,8.6685,19.457
1.6,50,90,1,18.53,6.3208,10.63
1.7,50,180,1,10.718,5.7446,7.7398
1.7,50,135,1,15.176,3.4641,7.1714
1.6,50,90,1,17.017,7.2592,16.78
1.7,250,180,1,22.344,5.7259,10.928
1.7,100,90,1,47.233,7.2887,7.6707
1.65,450,180,0,19.763,12.076,19.069
1.6,Inf,Inf,0,19.229,8.8587,10.814
1.7,250,180,0,13.067,7.303,9.7076
1.6,450,90,0,13.323,5.2509,12.246
1.65,250,90,1,17.283,8.2071,13.114
1.6,50,45,0,25.002,8.8641,18.627
1.6,150,90,0,14.738,8.8952,14.653
1.65,50,315,1,18.648,11.377,13.049
1.65,350,315,0,14.051,5.8797,12.286
1.6,150,225,0,11.74,7.2899,10.375
1.7,Inf,Inf,0,18.442,6.7011,11.776
1.7,450,135,1,48.958,10.27,18.83
1.65,200,135,0,20.541,6.4017,13.35
1.7,250,45,0,18.615,4.8532,11.618
1.65,250,45,0,19.27,4.1173,17.943
1.65,450,270,0,31.929,4.3095,18.698
1.65,50,315,1,20.898,7.3957,7.8638
1.6,50,0,0,23.757,7.2985,9.4179
1.6,450,180,0,34.691,11.37,11.842
1.6,Inf,Inf,0,34.776,12.403,14.832
1.7,350,45,0,36.526,9.3783,11.559
1.6,Inf,Inf,0,18.164,8.2952,8.2837
1.7,Inf,Inf,0,23.358,8.9403,18.462
1.7,Inf,Inf,0,20.448,5.6045,12.569
1.7,300,90,1,22.422,9.5119,16.119
1.7,250,135,0,25.987,4.3753,11.745
1.7,450,45,0,24.82,7.6893,15.241
1.6,Inf,Inf,0,14.322,4.2594,12.765
1.7,300,0,1,15.173,7.0677,15.067
1.65,Inf,Inf,0,31.595,6.9269,18.299
1.6,50,225,1,19.706,6.0788,14.419
1.7,250,315,1,16.821,9.0987,11.192
1.7,300,225,1,15.371,8.8156,11.868
1.65,350,315,0,30.487,4.1805,16.66
1.6,100,225,1,19.848,10.727,12.604
1.6,350,0,0,24.961,6.8799,18.05
1.7,200,0,0,39.824,15.005,9.516
1.7,400,225,0,26.245,15.415,12.78
1.7,50,180,0,18.069,7.5372,14.81
1.6,100,180,0,33.162,13.819,17.727
1.6,300,180,0,58.629,8.1328,12.207
1.7,Inf,Inf,0,25.589,12.594,30.339
1.65,Inf,Inf,0,27.56,10.891,15.512
1.65,250,270,0,32.987,11.557,12.722
1.65,Inf,Inf,0,35.898,3.7161,16.334
1.7,200,135,1,38.547,11.841,14.59
1.65,50,225,1,13.216,12.528,6.3471
1.65,450,180,0,19.484,5.5635,14.164
1.6,250,315,0,26.493,8.5607,12.496
1.6,450,90,0,30.224,8.7641,6.873
1.7,Inf,Inf,0,19.85,7.0946,17.775
1.65,200,0,1,18.209,6.1062,13.922
1.65,300,0,1,20.66,11.132,10.575
1.6,300,315,0,13.763,5.3702,15.647
1.65,400,0,0,19.249,12.867,14.29
1.7,350,270,0,15.315,9.9139,12.864
1.65,350,135,0,22.044,10.596,10.688
1.7,50,180,0,21.821,11.573,17.121
1.7,250,270,1,22.487,7.4726,17.597
1.65,Inf,Inf,0,22.199,8.7464,16.044
1.7,200,315,0,31.078,12.906,7.5907
1.6,Inf,Inf,0,20.773,7.0204,12.061
1.65,300,180,0,15.216,8.5597,11.307
1.6,350,270,0,34.005,8.3038,11.423
1.7,400,270,0,31.001,8.6344,11.281
1.65,300,135,1,46.238,8.7723,14.059
1.6,300,90,0,22.716,3.9158,6.5283
1.6,50,90,1,25.063,11.817,17.903
1.65,Inf,Inf,2,60.774,11.029,9.9535
1.6,Inf,Inf,0,48.222,10.668,10.045
1.6,100,135,2,60.955,15.434,23.25
1.6,100,45,0,41.479,4.7909,12.486
1.65,350,180,1,29.193,7.7965,17.815
1.6,200,45,0,27.841,6.3994,14.139
1.65,400,315,0,24.998,7.624,12.563
1.7,50,0,1,21.854,8.8291,6.3696
1.6,300,45,0,18.258,6.1101,8.8291
1.7,450,90,0,20.081,7.7782,13.158
1.7,250,225,1,21.461,8.0078,13.636
1.7,450,135,0,22.405,5.0803,11.956
1.65,Inf,Inf,0,18.063,7.8255,15.242
1.65,200,180,1,16.966,7.1863,14.126
1.6,300,315,0,16.62,12.397,13.753
1.65,Inf,Inf,0,25.688,6.7771,10.17
1.65,50,90,1,17.062,7.874,10.885
1.65,350,90,0,21.462,5.438,9.5867
1.7,250,315,1,24.722,6.3246,11.856
1.65,250,270,1,27.001,8.1737,8.9203
1.65,50,315,1,20.721,7.4726,12.189
1.6,450,225,0,23.696,7.7644,7.3485
1.7,450,315,0,20.151,6.6045,7
1.7,300,180,0,22.073,4.855,11.942
1.65,400,270,0,22.19,4.5336,15.306
1.6,200,270,0,20.264,9.4289,15.115
1.6,Inf,Inf,0,18.281,4.8599,9.656
1.65,100,135,1,14.303,9.8899,13.031
1.6,100,135,0,18.37,7.6707,13.559
1.65,400,315,0,23.017,6.6748,8.1064
1.6,200,0,0,30.577,7.871,9.1626
1.6,100,0,0,29.627,9.0079,13.765
1.7,150,0,1,22.861,17.639,11.067
1.65,Inf,Inf,0,26.984,5.8172,10.361
1.65,Inf,Inf,0,33.295,6.8661,12.305
1.65,200,45,0,36.862,12.232,6.1334
1.7,100,270,0,20.528,10.286,6.9213
1.65,450,225,0,27.493,8.5482,13.667
1.65,100,45,1,24.499,5.3033,16.057
1.7,Inf,Inf,0,29.86,4.5356,17.182
1.7,200,45,0,26.943,6.6494,11.154
1.7,50,315,1,22.445,12.748,11.276
1.6,350,45,0,25.126,7.4066,11.551
1.7,50,180,1,26.76,9.4027,12.535
1.7,150,225,1,15.582,5.9866,11.488
1.65,300,180,0,24.676,4.7641,8.6262
1.7,450,135,0,17.068,5.6484,12.934
1.6,350,225,0,22.321,13.021,10.973
1.7,150,315,1,26.825,14.29,14.144
1.6,300,135,0,24.12,7.5024,14.636
1.7,350,45,0,14.035,3.8483,6.264
1.65,350,90,0,18.539,10.808,10.13
1.65,Inf,Inf,0,22.189,14.029,11.148
1.6,150,90,1,19.853,4.6496,18.136
1.6,150,180,0,21.22,6.6261,11.118
1.65,100,180,1,19.983,11.672,9.8658
1.6,400,180,0,20.024,10.548,18.201
1.65,400,135,0,20.145,6.8648,15.097
1.65,150,45,1,22.822,8.1372,8.8065
1.6,100,180,0,17.884,6.2436,13.836
1.6,200,270,1,14.747,8.6262,16.027
1.7,450,45,0,20.369,6.8609,22.55
1.6,Inf,Inf,0,19.317,5.3452,9.5643
1.65,Inf,Inf,0,38.226,7.0394,10.043
1.65,150,0,1,15.54,5.4363,16.008
1.6,200,45,0,35.136,12.04,12.3
1.7,100,225,1,25.321,7.1514,11.588
1.7,100,135,1,17.319,4.9666,6.4734
1.7,300,270,0,16.88,7.4402,10.65
1.6,Inf,Inf,0,25.756,14.376,8.4741
1.6,Inf,Inf,0,23.899,7.5467,15.432
1.6,350,180,1,13.563,4.4987,11.858
1.65,250,225,1,20.414,6.4402,11.814
1.65,450,90,0,18.684,7.1801,18.095
1.6,Inf,Inf,0,30.721,6.3696,15.004
1.6,Inf,Inf,0,22.124,5.4511,10.302
1.7,300,270,1,20.644,3.9521,18.98
1.65,150,45,0,28.902,6.4129,13.038
1.65,250,90,0,12.525,3.9074,12.282
1.7,400,135,0,34.567,9.1989,10.797
1.7,250,135,0,31.368,4.4541,10.166
1.7,250,135,0,17.436,6.1164,13.126
1.65,50,270,0,7.6906,6.8972,3.3022
1.7,Inf,Inf,0,21.824,10.836,13.98
1.6,Inf,Inf,0,18.543,5.0943,9.2324
1.7,450,315,0,17.661,8.7902,5.8417
1.65,200,90,0,15.345,7.8558,7.5107
1.65,50,270,1,21.12,8.5857,7.7078
1.7,350,225,1,36.945,7.6052,11.808
1.6,350,45,0,16.233,6.7823,12.795
1.65,50,45,0,25.583,8.0789,10.829
1.6,350,135,0,12.554,7.9102,10.967
1.65,150,270,0,16.884,10.182,17.939
1.65,250,225,0,17.826,10.385,12.939
1.6,50,225,1,23.718,8.0134,8.0434
1.6,200,180,0,13.435,6.1373,12
1.6,350,315,0,22.341,6.4683,18.118
1.6,100,180,0,11.383,5.8172,9.3034
1.7,250,135,0,17.676,11.765,13.936
1.6,Inf,Inf,0,17.252,12.118,10.809
1.6,50,270,1,16.672,7.9597,16.682
1.65,200,90,1,13.412,5.904,12.705
1.6,250,315,0,12.182,5.6315,8.0178
1.7,350,135,1,15.852,9.1911,15.323
1.7,Inf,Inf,0,26.251,5.4072,15.316
1.65,Inf,Inf,0,30.312,5.6526,6.9625
1.6,400,315,0,13.051,7.9597,10.508
1.7,Inf,Inf,0,19.933,5.1755,22.013
1.7,300,45,0,11.9,4.6272,14.377
1.6,300,180,0,11.3,4.504,7.0496
1.65,200,45,0,16.255,12.669,6.6211
1.65,Inf,Inf,0,17.964,13.414,9.0514
1.6,Inf,Inf,0,27.398,13.258,12.541
1.6,300,225,0,21.592,4.2088,12.033
1.6,50,225,3,NaN,NaN,NaN
1.65,400,0,0,16.227,11.55,6.4973
1.7,150,90,0,30.099,8.8711,12.806
1.65,Inf,Inf,0,17.176,5.3184,15.847
1.6,250,270,0,20.663,8.6922,14.091
1.7,150,0,0,25.962,9.1963,12.76
1.6,450,180,0,14.363,7.342,10.808
1.65,200,45,0,45.327,7.577,7.2654
1.65,50,90,1,33.386,7.2736,11.886
1.65,300,270,1,24.316,7.6427,13.47
1.65,150,225,1,21.709,10.61,9.1
1.65,50,135,1,16.811,5.7056,13.907
1.7,Inf,Inf,0,14.66,8.1941,9.9451
1.6,300,45,0,30.093,7.1114,16.773
1.65,50,180,0,23.063,8.8307,12.188
1.65,300,270,1,27.639,9.1339,5.7817
1.7,100,315,0,27.285,11.704,13.114
1.65,50,90,0,12.035,6.2335,14.015
1.6,Inf,Inf,0,21.303,6.0198,13.388
1.65,Inf,Inf,0,21.522,8.652,8.685
1.65,100,180,1,19.999,6.7788,13.146
1.7,450,90,0,24.818,11.186,10.378
1.6,400,90,0,20.941,8.6262,14.222
1.65,200,45,0,16.117,4.8088,13.657
1.7,Inf,Inf,0,13.364,8.8587,13.133
1.65,Inf,Inf,0,17.884,6.3794,11.922
1.7,200,90,1,14.471,7.19,11.413
1.7,100,90,1,17.186,6.4991,13.238
1.7,350,225,1,20.87,13.844,11.777
1.7,Inf,Inf,0,18.3,7.6904,14.116
1.7,50,90,1,17.181,7.415,12.994
1.7,250,0,0,15.013,9.2727,11.205
1.65,50,180,0,21.33,4.1576,12.365
1.6,250,135,0,24.135,8.2451,9.5758
1.7,350,315,0,13.116,8.4842,12.182
1.6,100,45,0,16.068,8.6685,10.048
1.6,Inf,Inf,0,20.933,9.1626,16.009
1.7,200,180,0,17.774,5.0238,10.21
1.6,200,225,0,25.688,8.7331,12.293
1.6,250,315,0,18.104,7.3679,14.589
1.6,150,135,0,20.692,10.583,9.6658
1.7,Inf,Inf,0,16.081,6.6583,8.9974
1.7,Inf,Inf,0,22.107,7.1614,10.75
1.65,Inf,Inf,0,26.486,8.0612,6.6534
1.7,450,0,1,18.475,13.471,11.487
1.6,150,0,0,24.797,6.7612,13.69
1.7,300,315,0,24.789,8.298,11.135
1.65,Inf,Inf,0,10.683,7.413,7.4098
1.7,250,45,1,15.895,7.3193,6.8661
1.6,300,315,0,32.455,7.2539,21.106
1.7,100,270,1,15.512,3.7796,6.0415
1.65,350,270,0,28.18,8.0178,11.858
1.6,350,315,0,15.929,4.051,7.7275
1.7,Inf,Inf,0,41.78,8.2808,11.88
1.7,450,225,0,33.365,9.1026,15.264
1.6,200,315,1,23.852,8.5189,11.32
1.6,Inf,Inf,0,24.611,6.046,14.822
1.7,50,180,1,26.497,8.3152,14.713
1.65,300,45,0,18.347,9.2453,12.408
1.6,250,225,0,18.941,10.081,14.971
1.65,450,135,0,25.071,11.866,9.2993
1.65,300,135,0,14.072,14.733,6.1179
1.6,200,315,0,22.342,9.3875,14.323
1.7,50,270,1,23.9,10.275,10.502
1.6,350,90,0,8.7267,3.8707,7.2506
1.6,Inf,Inf,0,29.081,12.083,14.774
1.6,250,0,0,34.431,10.062,14.218
1.65,150,90,1,29.696,12.839,11.401
1.65,450,90,0,17.834,4.3095,8.3655
1.7,100,0,0,16.756,6.7507,12.435
1.7,300,45,0,11.276,8.9602,6.9248
1.7,250,270,0,26.529,15.148,13.77
1.6,50,315,0,22.456,8.726,13.404
1.65,150,225,1,18.123,11.612,11.374
1.6,Inf,Inf,0,14.187,2.4976,15.404
1.6,Inf,Inf,0,28.021,12.42,16.621
1.6,Inf,Inf,0,26.832,6.466,15.875
1.65,400,135,0,24.821,8.7912,21.943
1.6,200,180,1,28.197,10.581,20.445
1.65,300,0,1,44.438,13.026,13.915
1.7,150,0,1,36.429,10.43,22.753
1.65,250,90,1,17.356,8.7912,13.843
1.65,450,180,1,12.19,10.846,8.779
1.6,50,45,1,7.788,2.2147,7.6966
1.6,400,135,0,14.896,6.455,15.054
1.65,400,270,0,29.125,6.5629,14.287
1.6,Inf,Inf,0,20.274,9.7834,15.005
1.65,Inf,Inf,0,24.101,11.006,14.704
1.65,300,315,0,33.881,8.2231,15.778
1.65,400,315,0,23.167,9.0079,12.79
1.6,Inf,Inf,0,23.37,6.2412,18.822
1.7,100,225,1,18.437,8.3666,11.349
1.65,350,270,1,25.352,6.8661,16.871
1.6,200,90,0,12.479,5.7259,7.7044
1.65,400,90,0,14.275,9.4466,11.291
1.65,400,0,0,18.23,9.1095,12.142
1.6,350,315,0,30.069,11.057,8.124
1.65,150,270,1,10.918,5.3452,11.904
1.6,Inf,Inf,0,19.694,5.7982,20.205
1.7,100,225,1,15.555,6.5343,9.2341
1.65,400,315,0,15.429,6.9488,8.7178
1.65,350,225,0,23.819,13.145,9.3922
1.7,Inf,Inf,0,16.111,8.9576,12.543
1.65,400,225,1,13.828,4.5356,15.123
1.6,350,90,0,16.531,6.5936,10.614
1.6,200,0,0,10.15,3.5229,8.8318
1.65,100,225,1,18.057,10.446,17.942
1.6,Inf,Inf,0,16.656,7.68,17.566
1.7,150,45,1,13.978,5.7652,10.275
1.6,300,45,0,13.214,8.193,11.997
1.65,50,315,1,15.562,5.9387,16.353
1.7,450,135,1,12.223,1.3887,12.597
1.65,100,0,0,13.051,7.7229,11.262
1.65,150,0,0,16.74,9.5982,16.296
1.65,350,315,0,9.3947,5.6231,10.09
1.6,150,270,0,16.953,9.0501,13.29
1.7,300,45,0,12.385,6.6748,13.464
1.7,150,180,1,17.719,7.4354,14.954
1.7,400,45,0,13.074,7.4322,11.731
1.65,150,135,1,34.991,9.9163,11.51
1.7,200,225,1,19.041,4.1918,11.178
1.7,150,225,1,51.2,8.8855,8.8264
1.6,100,180,1,16.718,6.4513,11.954
1.65,350,135,0,13.007,8.7464,10.223
1.65,150,315,1,14.096,4.6733,14.37
1.6,350,0,0,20.032,8.7641,11.914
1.6,200,90,0,14.91,7.972,14.983
1.6,50,135,1,15.711,12.496,14.305
1.7,250,270,0,17.913,8.4811,18.248
1.6,400,270,0,15.635,9.5369,13.471
1.7,150,225,1,13.464,8.5094,13.458
1.65,Inf,Inf,0,18.106,10.286,10.358
1.7,Inf,Inf,0,13.131,9.3248,8.6877
1.7,350,225,0,31.626,11.006,10.267
1.7,50,0,1,34.75,7.4354,9.5867
1.7,450,315,0,16.145,6.4365,6.2778
1.6,Inf,Inf,0,20.074,8.4926,17.96
1.65,50,180,0,39.664,10.801,34.819
1.65,50,45,1,29.033,10.12,8.568
1.6,Inf,Inf,0,29.455,7.9821,15.047
1.7,300,0,0,23.792,7.2736,9.0528
1.7,50,0,1,15.917,12.518,11.825
1.65,100,270,1,16.581,7.7598,11.922
1.7,200,270,0,15.088,7.6614,13.885
1.7,350,90,0,28.345,7.8695,21.07
1.65,250,270,1,25.088,9.6427,14.885
1.6,100,315,0,27.315,5.6569,12.011
1.7,250,225,1,40.095,6.2792,10.306
1.7,Inf,Inf,0,44.334,11.901,9.8552
1.65,350,180,0,40.654,6.7753,15.955
1.7,Inf,Inf,0,45.173,4.8917,10.364
1.7,400,0,0,59.789,20.873,14.172
1.6,Inf,Inf,0,58.707,15.424,11.557
1.7,Inf,Inf,2,112.46,14.865,12.235
1.65,150,315,0,45.757,9.1287,32.728
1.6,150,315,2,64.014,13.876,15.052
1.7,450,180,0,59.89,12.578,16.106
1.6,300,90,1,36.239,10.006,15.928
1.6,300,180,0,31.263,7.871,13.363
1.6,50,225,1,40.133,8.5011,10.899
1.6,150,0,1,49.833,11.18,11.796
1.6,200,225,0,41.78,5.3984,12.501
1.65,250,90,0,35.767,13.266,14.256
1.65,300,0,0,54.971,8.9921,16.893
1.65,Inf,Inf,0,51.62,8.1405,16.369
1.6,350,180,0,34.24,4.6599,12.966
1.6,450,135,1,53.935,11.91,19.752
1.65,100,0,0,40.833,9.3618,16.309
1.7,100,315,2,60.313,12.593,15.896
1.6,50,315,0,29.877,5.9866,14.88
1.7,100,90,1,48.971,12.048,17.519
1.65,100,270,0,52.493,10.92,19.085
1.7,250,315,1,46.039,13.038,15.232
1.7,250,45,2,66.795,8.6355,21.632
1.7,400,315,0,55.971,7.2997,9.2144
1.65,400,0,0,37.618,5.4685,9.9905
1.65,300,225,0,38.671,10.132,22.434
1.65,200,225,0,42.507,11.282,15.684
1.6,450,315,0,47.707,6.2206,12.441
1.7,150,270,1,40.812,7.9762,10.406
1.65,250,180,1,35.157,12.602,23.395
1.6,400,270,0,34.552,12.833,13.695
1.65,Inf,Inf,0,47.787,5.728,12.737
1.6,150,180,0,43.739,7.4578,25.182
1.65,Inf,Inf,0,58.662,12.568,15.915
1.6,100,90,2,62.976,7.9597,13.948
1.7,450,225,0,37.665,9.4784,12.75
1.6,150,45,0,47.863,9.6723,9.7239
1.65,100,270,1,46.401,11.536,17.138
1.7,100,270,0,35.785,8.7831,16.562
1.7,450,90,0,37.114,9.0238,14.945
1.65,150,0,0,43.744,11.25,19.239
1.7,350,180,0,43.047,7.1464,17.558
1.65,Inf,Inf,0,36.348,8.4205,13.521
1.7,400,270,1,54.01,8.0345,13.244
1.7,Inf,Inf,0,50.001,13.746,20.023
1.6,150,135,0,45.903,12.334,19.174
1.7,300,0,0,38.329,6.5561,17.221
1.6,450,45,0,43.162,12.038,12.858
1.65,300,225,0,48.637,15.323,13.277
1.6,450,225,0,38.587,13.435,20.445
1.7,50,135,1,39.507,13.287,13.296
1.7,400,270,0,38.414,10.562,15.655
1.65,50,225,1,32.505,6.923,12.703
1.6,50,90,1,38.73,8.1533,11.516
1.7,50,270,1,39.355,10.845,8.6685
1.65,300,180,0,44.829,10.013,22.386
1.7,Inf,Inf,0,47.49,11.456,13.29
1.6,150,315,0,31.976,12.623,15.043
1.65,Inf,Inf,0,45.694,11.153,12.799
1.7,200,180,1,58.667,8.3837,11.142
1.65,250,90,1,45.818,9.0987,26.454
1.65,200,135,0,53.063,8.077,13.892
1.7,200,135,0,36.12,12.139,21.178
1.7,200,90,1,28.803,6.5683,14.377
1.7,150,225,1,43.896,10.575,18.164
1.7,100,90,2,72.325,13.025,17.871
1.65,400,315,2,86.253,10.674,16.579
1.7,350,225,0,29.41,12.177,13.158
1.6,300,270,0,53.853,10.388,31.002
1.65,50,315,0,51.543,7.0339,24.899
1.65,450,270,0,25.179,8.0534,13.835
1.65,Inf,Inf,0,45.751,4.9552,13.156
1.7,350,315,1,33.48,7.3872,11.928
1.7,50,90,1,34.029,11.874,16.901
1.6,450,0,0,37.338,11.064,27.841
1.65,350,315,0,46.358,11.432,7.8876
1.6,150,270,0,57.847,18.27,11.269
1.65,100,135,1,28.557,6.7493,25.381
1.7,300,45,1,47.206,14.048,15.833
1.6,150,315,0,43.689,11.6,16.873
1.7,250,135,0,37.171,12.271,22.552
1.65,150,180,1,32.724,10.291,23.954
1.65,250,45,0,24.798,8.6575,15.078
1.6,50,180,0,38.646,8.6162,16.266
1.6,450,180,0,39.688,5.8661,25.121
1.6,400,180,0,33.663,9.377,10.869
1.7,50,225,1,29.762,14.687,14.018
1.7,50,225,1,48.231,13.937,18.563
1.65,150,315,0,47.893,13.778,17.488
1.65,200,0,1,28.86,7.7632,13.565
1.65,Inf,Inf,0,48.789,15.634,23.988
1.65,350,90,0,37.422,13.801,15.894
1.6,Inf,Inf,0,37.694,17.086,18.404
1.65,350,0,0,43.819,15.406,9.6056
1.6,400,90,0,34.172,4.4721,16.432
1.65,100,90,0,32.784,10.014,17.368
1.7,400,135,0,54.399,5.9522,13.69
1.65,300,270,0,39.125,10.337,18.493
1.7,250,45,0,49.478,10.589,17.836
1.6,300,135,0,47.376,10.556,7.2297
1.7,450,90,2,63.017,10.634,16.211
1.6,350,180,0,57.624,10.558,16.767
1.6,350,225,2,66.006,9.9403,22.516
1.7,50,45,1,48.647,18.504,11.09
1.65,200,270,0,39.569,13.685,11.436
1.6,50,90,1,28.729,8.4007,17.792
1.7,50,315,1,43.283,9.0356,13.874
1.6,400,225,0,41.922,20.461,13.447
1.7,Inf,Inf,0,46.143,14.501,14.714
1.65,200,0,0,33.315,15.675,18.685
1.7,400,315,2,72.028,18.83,30.423
1.7,200,0,1,53.279,13.646,19.657
1.65,200,180,2,64.531,35.075,18.347
1.6,250,315,0,39.761,14.848,19.377
1.65,200,315,1,44.907,15.829,12.444
1.65,200,225,0,44.502,5.7009,15.213
1.7,400,0,0,43.047,10.757,17.774
1.7,450,45,0,57.82,16.125,13.997
1.65,Inf,Inf,0,41.953,15.952,30.048
1.65,150,315,0,35.004,20.806,19.161
1.65,150,315,0,43.485,9.3758,17.869
1.7,100,90,1,39.008,23.361,25.903
1.7,450,135,1,38.291,25.573,27.171
1.6,Inf,Inf,0,43.862,26.613,21.323
1.65,300,315,0,51.978,20.119,25.523
1.6,200,90,0,29.114,16.797,13.003
1.7,450,0,2,71.65,7.6707,11.038
1.65,Inf,Inf,2,64.94,8.0523,8.8065
1.6,50,270,2,80.934,11.56,19.849
1.7,300,315,2,90.564,11.56,13.695
1.65,200,225,0,48.068,16.222,17.266
1.65,100,135,2,93.863,6.1334,13.477
1.7,150,270,2,60.224,9.8899,14.088
1.7,450,270,2,76.822,8.5021,17.395
1.65,Inf,Inf,2,64.506,13.048,13.427
1.65,100,0,2,77.812,25.923,16.541
1.6,Inf,Inf,2,65.001,11.825,18.103
1.65,50,90,2,72.919,10.416,13.59
1.6,400,225,2,86.673,9.8697,13.553
1.6,250,45,2,75.337,8.2104,14.212
1.7,Inf,Inf,2,96.708,11.161,19.849
1.65,200,270,2,68.544,15.892,15.22
1.6,Inf,Inf,2,70.692,10.641,24.943
1.65,400,180,2,74.42,3.8048,19.87
1.6,350,45,0,52.344,9.0895,14.853
1.7,100,225,1,44.836,13.564,16.453
1.6,Inf,Inf,2,69.951,12.069,6.9213
1.6,300,225,0,57.657,12.162,20.751
1.6,50,180,2,61.422,13.922,14.477
1.7,400,315,0,52.067,17.887,18.142
1.6,400,90,2,74.594,20.688,11.802
1.7,Inf,Inf,2,88.29,7.5467,19.437
1.65,50,0,2,75.834,7.577,17.244
1.7,300,180,2,78.552,8.4346,13.073
1.6,Inf,Inf,2,69.314,13.585,13.622
1.6,350,135,0,53.285,13.976,19.873
1.7,Inf,Inf,2,67.956,14.386,9.3401
1.7,400,225,2,76.341,17.443,14.985
1.7,Inf,Inf,2,70.125,12.691,16.475
1.6,350,90,2,72.999,8.685,10.589
1.6,100,135,2,64.498,14.936,18.788
1.6,250,45,0,58.626,13.196,19.795
1.6,400,0,2,60.7,11.647,12.961
1.7,200,180,2,78.635,9.516,16.397
1.65,350,270,2,76.028,7.4785,10.973
1.7,400,90,2,67.042,13.586,13.844
1.65,400,90,0,54.507,11.006,10.291
1.6,250,180,2,68.314,6.8544,19.508
1.65,350,45,2,86.074,13.813,11.246
1.6,200,90,0,54.811,7.5214,14.619
1.6,100,0,2,489.76,929.71,669.18
1.7,400,315,0,50.092,8.0877,9.7678
1.7,100,180,2,64.433,6.9385,8.4431
1.65,50,90,2,66.781,18.429,10.863
1.7,350,180,2,64.36,6.071,8.6644
1.65,350,180,0,49.984,3.8452,11.058
1.7,100,135,2,64.536,13.413,12.765
1.6,100,180,2,70.673,9.8189,13.532
1.65,50,135,2,90.007,7.2,17.303
1.6,50,315,2,71.69,8.9576,17.681
1.6,150,315,0,47.064,11.511,12.9
1.65,350,315,0,41.178,11.874,15.25
1.7,Inf,Inf,0,49.162,15.887,20.199
1.65,300,315,0,45.702,10.828,16.987
1.6,50,135,1,38.316,11.846,10.854
1.6,350,225,0,42.345,19.07,18.748
1.7,350,0,0,51.44,6.9144,21.823
1.65,Inf,Inf,0,36.725,6.9625,15.225
1.6,400,225,0,45.741,13.025,16.248
1.6,300,135,0,40.793,5.9442,14.198
1.65,150,180,1,53.173,6.317,17.453
1.7,350,0,2,68.315,9.6165,19.163
1.65,450,45,0,46.128,5.3763,10.739
1.65,150,90,1,57.421,8.7168,8.9592
1.6,50,270,1,47.697,11.309,12.461
1.7,300,135,2,61.303,10.484,14.954
1.7,250,135,0,53.39,9.7165,16.017
1.65,300,135,0,52.459,17.528,19.534
1.7,300,225,2,60.02,15.345,13.85
1.7,100,270,1,38.338,12.116,14.27
1.65,250,135,0,42.686,13.123,23.191
1.65,50,315,1,56.197,11.081,13.271
1.65,150,45,0,33.975,13.979,22.363
1.65,400,90,0,33.625,12.966,12.479
1.65,100,180,1,24.601,8.4797,18.614
1.6,400,315,0,50.708,19.173,24.169
1.6,400,135,0,40.337,17.153,10.484
1.7,200,0,0,43.957,6.7981,15.014
1.6,150,270,0,39.814,18.563,13.307
1.7,150,135,1,51.161,16.098,18.482
1.7,400,225,0,44.689,10.839,13.963
1.7,350,180,1,50.143,9.6437,25.954
1.7,50,180,0,36.505,9.3034,13.501
1.6,450,315,0,35.716,11.314,15.362
1.65,Inf,Inf,0,36.866,10.024,8.7505
1.6,450,90,0,34.352,19.19,16.561
1.6,300,225,0,38.269,9.5982,15.666
1.6,150,315,0,48.598,16.142,9.0895
1.6,350,45,0,33.387,13.448,14.84
1.6,300,315,0,44.034,12.816,5.7859
1.65,Inf,Inf,0,34.263,9.8706,23.737
1.7,100,45,1,27.108,6.4991,15.973
1.7,200,45,0,35.293,5.4989,14.952
1.7,200,315,0,36.162,8.2071,14.682
1.7,450,135,0,36.997,15.487,23.735
1.7,300,90,0,24.092,15.639,23.688
1.65,250,90,1,50.531,11.783,12.778
1.65,Inf,Inf,0,34.903,12.34,16.318
1.65,100,180,1,33.663,11.042,12.271
1.7,250,315,1,32.067,10.204,16.816
1.6,300,135,0,14.26,6.3189,12.07
1.65,100,90,1,32.314,7.678,18.325
1.6,350,270,0,29.892,15.278,14.051
1.65,Inf,Inf,0,42.602,15.652,12.092
1.6,50,45,0,52.645,12.884,18.129
1.7,Inf,Inf,0,43.667,8.779,20.553
1.6,400,225,0,30.569,14.718,14.376
1.65,Inf,Inf,0,48.593,8.0711,22.662
1.6,200,180,0,47.139,13.016,12.397
1.7,300,135,1,38.637,13.801,11.757
1.7,Inf,Inf,2,60.313,19.799,16.66
1.6,Inf,Inf,0,38.731,9.8525,22.455
1.65,150,90,1,39.416,8.4869,17.953
1.65,200,270,0,43.031,14.297,13.049
1.65,Inf,Inf,0,51.309,9.6165,12.191
1.7,350,315,0,45.185,13.39,9.4768
1.7,400,315,0,36.837,11.853,14.247
1.6,Inf,Inf,0,30.019,9.4264,20.41
1.6,150,90,0,42.935,7.7828,14.186
1.65,Inf,Inf,0,37.842,6.7188,11.679
1.65,150,90,1,42.761,14,10.114
1.6,250,180,0,49.866,7.7183,16.339
1.6,400,225,0,34.955,13.746,19.509
1.7,50,90,1,29.799,12.024,12.253
1.65,300,270,0,26.484,11.305,15.774
1.6,50,225,0,45.737,10.444,15.278
1.7,100,270,1,35.632,8.3609,18.427
1.6,250,225,0,28.082,9.6427,12.881
1.65,Inf,Inf,0,30.092,11.312,17.121
1.7,100,45,1,36.723,15.337,19.636
1.65,450,0,0,35.558,9.4944,16.66
1.7,Inf,Inf,0,47.79,19.035,14.112
1.6,Inf,Inf,0,31.231,11.739,13.277
1.7,400,0,0,49.611,15.21,21.92
1.6,200,0,0,36.941,9.2582,14.402
1.65,350,0,0,42.21,12.257,19.989
1.65,350,315,0,45.549,10.312,15.203
1.65,Inf,Inf,0,46.904,18.142,17.8
1.6,400,0,0,37.934,16.818,16.522
1.65,350,45,0,44.836,15.32,13.266
1.65,400,90,0,43.385,23.594,11.326
1.65,100,180,0,46.162,9.8561,10.42
1.65,350,315,2,60.199,8.0208,14.326
1.7,250,180,2,62.036,15.789,14.303
1.65,Inf,Inf,0,46.275,11.757,9.8971
1.6,400,90,0,34.424,15.969,29.753
1.65,200,315,0,20.332,10.922,17.027
1.65,350,45,0,44.638,22.354,17.154
1.7,100,315,1,36.882,17.78,16.08
1.7,400,315,0,41.34,7.5214,13.352
1.6,100,270,0,39.737,10.664,9.4264
1.7,Inf,Inf,0,31.804,10.457,17.238
1.7,400,135,0,44.505,10.626,18.358
1.65,300,270,0,26.179,11.868,18.439
1.65,50,0,0,23.931,15.315,14.459
1.7,350,225,0,45.944,16.747,23.519
1.7,50,45,0,25.161,14.088,11.894
1.6,100,135,0,29.101,10.567,17.724
1.7,50,270,1,23.517,15.798,19.89
1.6,150,135,0,26.971,8.7831,23.628
1.6,300,225,0,45.589,20.254,11.043
1.7,Inf,Inf,2,70.189,12.338,29.893
1.65,Inf,Inf,0,52.956,9.4994,22.171
1.7,400,270,0,25.788,7.746,13.792
1.6,450,225,0,39.708,11.171,17.086
1.6,400,45,0,29.255,6.9372,17.423
1.65,300,315,0,20.288,8.9149,14.421
1.65,Inf,Inf,0,55.053,7.4482,16.93
1.7,100,90,1,32.764,14.176,19.506
1.6,150,0,0,51.583,13.558,17
1.6,450,45,0,36.177,11.191,17.767
1.7,100,0,0,41.679,9.6769,23.052
1.65,200,225,1,32.631,11.011,19.811
1.7,100,90,1,26.563,6.9282,10.336
1.6,350,180,0,20.753,9.1365,10.212
1.65,300,225,0,25.3,11.294,12.326
1.6,100,270,1,33.713,7.6904,19.967
1.65,450,270,0,25.887,7.6904,16.104
1.7,450,90,0,31.919,12.476,11.94
1.6,250,135,0,27.999,8.9709,22.931
1.65,Inf,Inf,0,35.174,9.3723,18.942
1.65,400,90,0,39.741,9.0228,20.866
1.65,250,270,1,40.586,8.3227,17.806
1.65,150,135,0,38.712,13.298,24.31
1.65,Inf,Inf,0,32.595,7.4594,14.662
1.6,Inf,Inf,0,41.051,11.043,17.576
1.65,200,45,0,22.302,8.4035,13.789
1.7,300,45,0,33.214,16.673,23.082
1.7,200,45,0,28.137,8.8641,13.292
1.7,450,270,0,30.979,6.4143,9.358
1.65,Inf,Inf,0,35.391,12.549,14.455
1.7,100,90,1,31.72,8.2144,13.843
1.6,400,270,0,26.517,11.904,13.336
1.65,200,270,1,33.216,12.446,15.449
1.7,450,270,1,30.537,11.412,9.6757
1.7,Inf,Inf,0,44.032,16.741,17.523
1.7,300,45,0,23.907,12.409,14.377
1.6,Inf,Inf,0,27.466,6.7599,15.661
1.6,150,0,0,49.634,8.6548,24.072
1.65,50,0,0,11.742,8.1723,9.5982
1.6,350,225,0,34.029,13.484,12.668
1.6,150,135,0,17.912,10.365,9.3005
1.7,50,45,1,32.808,6.4807,27.221
1.65,300,45,0,27.293,9.1469,23.839
1.6,50,0,0,32.244,8.8156,6.2792
1.7,200,270,0,42.092,10.993,23.867
1.6,Inf,Inf,0,30.717,10.123,8.3009
1.6,400,180,0,35.72,15.151,15.427
1.7,350,135,0,34.592,12.406,14.565
1.65,200,90,1,40.3,9.8851,13.374
1.6,150,45,0,33.83,14.182,17.905
1.6,350,0,0,30.496,12.116,12.433
1.65,350,135,0,25.969,13.438,17.631
1.65,200,180,0,25.816,9.1026,11.587
1.7,450,45,0,31.309,14.58,8.7069
1.65,50,225,1,22.795,10.064,12.473
1.6,250,270,0,30.377,7.2309,10.858
1.6,100,315,0,26.311,12.402,15.272
1.7,150,225,1,29.066,7.9181,8.725
1.7,100,315,1,25.83,9.6412,12.694
1.65,450,135,0,22.602,10.67,12.311
1.65,350,135,0,21.479,6.7259,17.728
1.65,350,45,0,33.588,19.534,8.6548
1.6,450,225,0,29.691,6.4904,11.083
1.6,50,315,0,47.254,11.732,30.547
1.65,Inf,Inf,0,30.532,7.4706,20.123
1.65,Inf,Inf,0,31.646,10.259,22.693
1.6,450,270,0,26.917,9.7639,8.0386
1.7,Inf,Inf,0,25.728,11.898,27.013
1.6,450,0,0,38.029,14.111,16.042
1.6,100,225,0,26.089,11.298,15.923
1.65,450,270,0,27.069,16.266,21.361
1.65,450,45,0,29.353,14.329,8.6959
1.65,350,180,0,26.148,6.8522,12.463
1.6,450,225,0,24.98,12.394,18.183
1.65,150,135,0,30.736,14.357,11.361
1.7,450,225,0,26.103,9.8634,14.206
1.65,300,225,1,20.615,8.0504,17.127
1.65,Inf,Inf,0,32.717,14.961,11.74
1.65,400,180,0,25.125,11.715,20.96
1.6,200,135,0,20.932,8.7994,17.823
1.65,Inf,Inf,0,18.254,6.7981,10.512
1.65,Inf,Inf,0,30.556,19.27,13.998
1.65,150,135,1,26.321,12.293,17.353
1.7,400,180,0,19.94,14.928,11.853
1.7,100,45,0,52.468,10.508,13.25
1.7,100,270,1,29.091,12.763,8.46
1.7,400,45,0,24.482,10.964,20.385
1.7,Inf,Inf,0,19.186,6.0474,11.452
1.65,Inf,Inf,0,27.827,16.499,13.882
1.65,400,135,0,27.819,8.0256,15.56
1.65,100,270,0,45.976,8.0134,13.711
1.65,350,0,0,37.051,6.9213,15.614
1.6,400,45,0,31.929,9.7532,15.919
1.6,400,315,0,45.04,14.449,24.04
1.6,400,45,0,33.444,9.8334,12.933
1.7,100,135,1,41.004,11.045,21.029
1.7,50,270,1,22.964,7.6052,12.878
1.6,Inf,Inf,0,41.385,8.7505,17.252
1.65,300,270,0,34.154,13.141,12.478
1.6,Inf,Inf,0,37.04,10.214,19.687
1.7,Inf,Inf,0,43.767,10.657,13.158
1.6,Inf,Inf,0,49.024,12.803,17.554
1.65,300,315,0,45.177,4.3997,16.115
1.7,250,0,0,41.862,7.9776,9.1026
1.6,50,135,1,41.698,5.8513,19.688
1.7,150,270,1,37.163,10.426,13.957
1.7,250,315,1,28.693,6.4807,15.743
1.6,Inf,Inf,0,37.904,9.7101,19.085
1.7,400,90,1,47.463,8.6179,21.81
1.65,Inf,Inf,0,28.246,9.8842,7.6718
1.7,150,180,0,39.986,18.659,12.996
1.6,200,0,0,32.422,15.967,8.3038
1.65,250,90,1,36.086,3.7417,9.468
1.65,200,180,1,47.128,18.111,25.488
1.7,50,225,1,46.414,11.127,21.575
1.7,Inf,Inf,0,40.031,6.4734,14.432
1.6,150,180,0,43.434,12.828,21.169
1.7,300,45,1,40.387,10.855,11.904
1.65,450,225,0,32.334,7.5907,6.4734
1.65,Inf,Inf,0,44.146,7.9821,11.119
1.6,50,45,0,43.98,8.2451,15.26
1.7,50,270,1,43.169,7.1979,15.952
1.65,100,90,0,43.094,9.9571,15.872
1.6,Inf,Inf,0,32.963,8.2883,6.6063
1.65,300,135,1,44.862,13.188,19.853
1.7,350,180,1,40.446,7.8072,12.726
1.65,Inf,Inf,0,41.063,10.703,16.051
1.65,Inf,Inf,0,29.601,8.4148,16.039
1.65,250,270,0,44.149,19.313,22.245
1.7,350,135,1,43.069,8.7495,23.614
1.6,450,270,0,37.778,13.541,10.184
1.65,350,180,0,18.925,8.3324,17.766
1.65,200,135,0,37.693,22.129,22.519
1.6,Inf,Inf,0,13.619,11.013,11.253
1.6,Inf,Inf,0,43.661,9.4239,8.3552
1.7,50,0,1,47.038,13.439,15.305
1.65,450,225,0,38.144,13.158,23.711
1.6,50,45,0,34.19,12.461,16.283
1.6,350,315,0,33.644,8.0523,13.541
1.65,300,270,1,35.182,8.4825,14.306
1.65,Inf,Inf,0,25.475,12.75,17.936
1.6,400,225,0,34.221,12,21.326
1.7,250,180,1,41.907,12.152,14.02
1.65,400,45,0,37.837,19.584,17.053
1.65,450,315,0,35.319,14.455,11.796
1.7,100,0,1,28.223,12.107,14.525
1.7,450,90,1,42.095,14.859,10.677
1.7,450,180,0,18.533,12.634,15.535
1.65,Inf,Inf,0,19.141,8.7831,9.0159
1.7,350,315,0,38.348,15.113,14.904
1.6,350,45,0,54.691,14.213,13.601
1.6,Inf,Inf,0,27.463,9.2649,28.45
1.65,450,135,0,14.006,14.287,8.5189
1.6,Inf,Inf,0,30.874,4.2984,12.459
1.6,400,270,0,52.361,17.161,10.73
1.7,450,90,0,28.946,5.7756,19.06
1.6,350,135,0,14.775,11.922,9.3223
1.6,100,0,0,30.323,11.37,21.66
1.7,150,270,1,34.482,12.216,21.778
1.65,300,180,1,27.557,7.4386,14.329
1.7,50,180,1,36.533,7.5012,16.069
1.65,Inf,Inf,0,24.963,18.707,17.971
1.6,150,90,0,20.233,11.892,4.6828
1.65,450,45,0,31.351,15.875,14.372
1.6,450,0,0,39.375,11.081,17.357
1.7,50,135,1,30.112,11.057,14.607
1.7,250,270,0,31.503,8.7451,20.178
1.65,100,45,1,29.042,11.224,10.306
1.7,400,180,0,21.057,8.8291,10.92
1.6,350,0,0,22.155,12.415,16.369
1.6,100,315,0,31.19,11.261,16.039
1.7,200,45,0,24.342,11.326,22.367
1.65,Inf,Inf,0,16.585,12.575,13.763
1.6,250,315,0,16.837,15.969,9.2736
1.6,100,225,0,30.544,18.209,21.885
1.7,50,0,1,36.52,14.745,17.046
1.7,100,135,1,22.75,15.655,12.489
1.7,Inf,Inf,0,25.374,10.011,15.056
1.65,450,45,0,22.835,10.602,7.5676
1.6,300,180,0,47.039,5.6426,21.11
1.7,250,90,1,40.782,6.1818,10.239
1.7,Inf,Inf,0,37.752,11.163,16.793
1.65,200,135,0,34.886,9.8706,12.326
1.65,350,315,0,27.714,13.668,18.721
1.6,250,90,0,28.336,5.8797,17.019
1.6,200,180,0,24.131,18.157,20.031
1.65,Inf,Inf,0,24.729,15.608,12.628
1.6,Inf,Inf,0,47.382,5.0125,17.572
1.65,400,225,0,24.984,12.127,18.822
1.6,100,135,0,24.642,14.071,22.974
1.7,150,0,2,2259.4,1118.2,817.96
1.7,Inf,Inf,0,28.987,11.351,12.51
1.7,Inf,Inf,0,28.258,10.422,18.971
1.65,200,270,1,34.076,9.0514,21.085
1.65,400,270,0,19.788,11.019,12.51
1.65,350,45,0,22.323,10.981,22.494
1.6,50,45,0,17.971,4.6853,9.16
1.7,Inf,Inf,0,22.782,14.063,14.947
1.7,50,0,1,24.199,15.247,16.466
1.65,100,45,1,27.867,14.923,23.833
1.6,100,135,0,19.609,11.745,9.4642
1.6,300,315,0,25.632,17.179,15.175
1.6,50,270,0,28.556,10.797,16.69
1.7,100,270,1,22.077,7.1302,13.747
1.65,350,180,1,22.788,10.908,13.845
1.7,300,0,0,26.613,5.5377,17.67
1.65,450,315,0,31.746,12.781,22.649
1.6,Inf,Inf,0,27.63,10.876,22.626
1.7,50,225,1,29.605,19.514,23.881
1.7,200,270,1,24.256,14.318,20.178
1.7,250,225,1,22.689,9.7092,15.517
1.7,150,90,1,24.487,8.4797,6.9248
1.7,100,135,1,27.245,9.0987,12.235
1.65,300,270,2,299.3,699.37,520.75
1.6,Inf,Inf,0,25.854,12.674,15.903
1.65,250,135,0,27.418,13.774,19.086
1.65,350,270,1,34.568,15.721,13.961
1.7,150,180,1,23.12,9.0859,16.422
1.7,250,0,0,19.755,13.158,9.913
1.7,350,270,1,25.09,13.244,21.339
1.65,Inf,Inf,0,35.398,14.136,11.436
1.65,350,315,0,25.231,15.73,17.96
1.6,200,135,0,33.733,6.1837,19.76
1.7,450,180,1,18.793,9.3417,15.593
1.65,Inf,Inf,0,30.149,25.003,13.952
1.7,300,90,1,22.822,15.55,19.5
1.7,100,180,1,20.999,14.142,17.533
1.65,300,90,1,32.253,12.838,18.927
1.6,300,90,0,30.403,12.484,17.578
1.6,200,45,1,32.11,12.286,31.942
1.7,250,270,0,21.843,13.005,16.881
1.65,50,135,1,21.376,13.768,16.801
1.7,350,315,0,18.683,11.618,21.01
1.7,Inf,Inf,0,20.923,15.856,13.426
1.6,300,315,0,29.158,8.5021,8.6262
1.6,150,135,0,31.89,12.895,18.122
1.65,450,135,0,31.997,16.587,14.871
1.6,Inf,Inf,0,21.617,6.873,12.275
1.6,450,45,0,21.02,12.877,16.43
1.65,200,315,0,38.535,16.083,19.722
1.6,400,135,0,37.847,10.999,22.037
1.65,450,45,0,30.892,18.318,18.098
1.7,50,45,1,33.8,11.786,17.786
1.65,450,225,0,27.418,10.66,26.376
1.6,150,180,0,18.583,11.658,14.3
1.7,Inf,Inf,0,31.513,13.732,19.472
1.7,300,315,0,32.666,14.303,25.304
1.65,Inf,Inf,0,23.933,7.445,10.19
1.6,100,135,0,19.988,13.742,16.219
1.7,Inf,Inf,0,11.973,6.3682,10.908
1.7,Inf,Inf,0,24.195,14.611,26.049
1.7,450,180,0,18.546,14.182,11.032
1.7,Inf,Inf,0,12.948,6.4531,12.66
1.6,Inf,Inf,0,20.51,11.631,17.841
1.6,50,180,0,20.613,10.614,20.54
1.7,150,45,1,17.91,9.992,8.2017
1.65,300,90,0,28.279,16.359,19.095
1.7,250,180,0,19.198,10.973,15.002
1.65,Inf,Inf,0,14.812,11.946,13.83
1.7,450,315,0,15.827,8.4853,14.707
1.6,400,45,0,24.757,9.1768,14.928
1.65,350,315,0,34.101,17.655,24.142
1.6,250,135,0,17.21,10.403,15.712
1.6,300,135,0,30.037,9.5235,19.44
1.6,450,315,0,15.213,8.9602,15.35
1.65,450,315,0,25.696,12.928,17.934
1.7,Inf,Inf,0,25.874,14.983,25.213
1.65,200,180,0,26.923,16.409,22.424
1.6,150,45,0,17.439,10.212,14.412
1.7,Inf,Inf,0,22.168,14.166,8.1445
1.7,50,315,1,25.331,16.426,23.829
1.7,450,0,0,25.185,10.784,23.2
1.7,150,225,1,26.56,12.065,20.413
1.6,250,90,0,25.58,16.009,22.911
1.6,Inf,Inf,0,19.379,9.4239,21.236
1.6,250,270,0,30.436,9.5519,23.495
1.6,100,90,0,13.951,8.1053,17.637
1.6,300,180,0,11.994,6.0788,12.536
1.65,400,315,0,19.683,12.13,16.805
1.6,300,90,0,17.457,6.802,19.049
1.65,450,0,0,18.407,13.951,16.052
1.7,Inf,Inf,0,19.709,9.9391,17.054
1.65,250,135,0,13.523,12.171,10.599
1.65,350,225,0,17.863,16.225,9.3605
1.6,100,45,0,15.958,8.9709,8.3009
1.65,Inf,Inf,0,21.521,15.188,17.213
1.6,250,90,0,13.012,8.7902,11.501
1.7,300,225,1,30.482,10.69,15.809
1.6,Inf,Inf,0,19.336,9.8262,19.116
1.6,300,225,2,61.03,19.111,15.84
1.7,100,0,0,31.915,19.634,24.185
1.65,150,135,0,15.591,11.354,13.088
1.65,200,315,1,24.907,14.076,16.108
1.6,450,135,0,13.7,13.913,6.7999
1.65,100,315,1,22.902,11.925,15.473
1.6,300,225,0,28.108,16.521,21.43
1.6,350,45,0,30.244,14.84,19.006
1.65,100,90,0,37.512,16.852,22.257
1.7,Inf,Inf,0,18.985,14.091,15.418
1.65,100,270,0,19.608,7.415,19.47
1.6,200,135,0,29.287,11.288,14.367
1.7,150,315,0,17.024,10.768,16.57
1.7,400,90,0,22.965,12.41,12.762
1.65,50,45,1,22.68,13.829,17.859
1.6,Inf,Inf,0,29.471,8.7739,16.78
1.7,300,180,0,20.84,7.8819,23.483
1.6,Inf,Inf,0,22.584,16.066,20.086
1.7,Inf,Inf,0,22.418,11.414,16.861
1.6,300,0,0,21.009,6.4017,16.514
1.7,300,180,0,26.219,11.186,19.015
1.7,50,90,0,24.2,18.315,10.656
1.6,250,90,0,20.888,12.009,14.469
1.7,350,270,0,28.624,9.13,19.045
1.7,300,270,1,17.554,8.9752,14.607
1.65,350,180,0,22.176,13.491,15.25
1.6,350,45,0,21.034,8.6575,14.209
1.6,100,0,0,16.522,12.627,12.236
1.65,150,180,1,34.29,9.7943,24.18
1.65,200,180,0,23.597,13.212,17.618
1.6,250,0,0,16.429,7.2045,15.945
1.65,450,180,0,25.739,7.8456,13.136
1.65,400,225,0,22.838,9.9403,14.893
1.6,Inf,Inf,0,35.369,15.596,18.234
1.7,100,135,1,44.379,17.566,13.415
1.65,450,90,0,24.631,14.3,21.924
1.6,300,0,0,31.127,15.378,17.92
1.7,350,90,1,29.015,11.937,21.273
1.65,50,315,1,18.348,11.539,16.55
1.6,400,90,1,28.942,14.476,14.4
1.65,300,135,1,48.294,17.358,19.05
1.7,300,135,1,29.07,14.852,11.513
1.65,250,225,0,18.148,8.5996,7.4992
1.7,350,225,0,26.409,17.796,28.02
1.6,350,270,0,31.526,15.31,20.764
1.7,450,135,1,32.653,8.6959,11.176
1.65,100,225,0,28.336,11.674,17.036
1.65,350,225,1,22.875,12.466,19.097
1.7,300,225,0,26.432,14.822,10.525
1.65,150,225,0,30.079,14.588,19.789
1.7,150,0,1,24.004,18.33,6.1606
1.6,200,180,1,27.419,10.282,17.566
1.6,200,0,0,32.616,15.192,13.976
1.7,Inf,Inf,0,48.181,24.568,19.84
1.7,450,225,0,33.825,16.658,14.346
1.6,300,90,0,41.31,12.97,8.0434
1.65,200,315,0,48.694,10.991,13.538
1.7,50,45,1,48.616,23.055,27.489
1.7,450,225,0,52.018,14.639,21.673
1.6,200,225,0,15.27,10.495,10.542
1.7,150,90,0,30.779,8.5774,17.221
1.65,150,270,1,32.968,16.151,18.361
1.7,100,180,1,31.993,11.816,11.148
1.7,Inf,Inf,0,28.726,11.265,15.285
1.65,250,270,1,33.597,12.563,17.25
1.7,300,45,1,34.365,14.882,19.822
1.7,300,90,1,26.721,10.444,28.499
1.6,350,225,0,35.274,11.526,23.469
1.7,Inf,Inf,0,37.149,16.221,15.999
1.65,50,0,1,45.862,14.211,24.896
1.65,400,270,0,37.339,12.045,13.685
1.65,50,180,0,42.471,15.394,25.304
1.6,100,135,0,28.295,13.825,12.826
1.6,Inf,Inf,0,48.547,13.734,13.973
1.6,350,270,0,28.063,15.01,9.4466
1.65,150,225,1,43.546,7.678,15.882
1.6,450,270,0,38.141,12.589,23.379
1.7,250,315,0,32.157,6.5465,13.458
1.7,200,0,0,50.382,17.841,20.944
1.65,150,0,1,29.029,10.292,18.987
1.7,150,45,0,45.707,11.928,15.647
1.65,150,90,1,36.198,11.868,10.302
1.6,200,270,0,49.657,9.5019,22.788
1.6,200,45,0,55.769,21.094,10.845
1.6,450,45,0,55.712,12.687,20.223
1.6,150,0,0,23.543,15.784,16.518
1.6,Inf,Inf,0,34.93,9.6723,15.313
1.6,Inf,Inf,0,29.029,9.8842,18.911
1.65,250,180,1,34.016,14.942,10.69
1.65,350,135,0,26.783,11.786,14.024
1.65,250,45,1,23.607,14.347,19.705
1.65,150,270,0,24.558,11.187,29.262
1.65,200,135,0,21.375,12.342,15.861
1.6,350,225,0,17.026,9.7605,15.618
1.7,350,315,0,17.058,12.203,15.931
1.7,450,135,0,41.93,17.564,11.276
1.6,50,0,1,34.361,9.9451,33.573
1.65,450,90,0,36.281,11.817,20.881
1.7,150,315,1,40.495,9.2804,20.149
1.65,50,135,1,26.907,14.305,18.768
1.65,350,270,0,41.383,19.222,33.63
1.7,450,225,0,13.566,10.983,11.202
1.6,250,180,0,20.534,9.8899,10.981
1.6,200,45,0,22.369,11.377,19.093
1.7,250,45,1,18.651,13.957,14.402
1.6,450,270,0,21.106,15.982,19.354
1.65,100,0,1,21.581,10.286,14.223
1.6,250,315,0,46.119,16.622,21.344
1.7,200,90,1,40.041,11.981,12.036
1.6,Inf,Inf,0,33.47,14.568,15.093
1.7,Inf,Inf,0,31.312,10.13,20.68
1.65,350,225,0,17.619,8.726,18.974
1.65,Inf,Inf,0,36.684,18.043,10.562
1.65,100,270,0,25.852,7.0102,14.909
1.7,400,270,0,33.474,9.2649,15.655
1.65,450,225,0,30.984,13.617,15.833
1.65,150,270,0,43.895,12.166,24.936
1.6,100,315,0,34.468,8.4842,16.501
1.6,Inf,Inf,0,32.058,6.3005,9.288
1.65,250,0,0,23.212,9.9391,21.03
1.6,50,135,1,33.21,3.9097,29.729
1.7,50,90,0,26.628,8.3009,15.617
1.65,Inf,Inf,0,13.886,7.9271,14.837
1.7,400,135,0,10.79,5.9,10.946
1.6,Inf,Inf,0,24.935,6.9864,14.763
1.6,50,225,0,15.207,10.357,11.012
1.6,400,135,0,46.252,14.888,25.793
1.65,150,90,1,26.389,7.3937,15.263
1.6,250,225,0,19.359,9.9777,12.803
1.6,350,270,0,27.861,11.075,14.781
1.6,Inf,Inf,0,32.317,10.925,14.515
1.7,400,45,0,17.215,7.1801,17.258
1.6,50,180,1,22.725,10.426,20.68
1.7,Inf,Inf,0,39.006,11.429,16.119
1.65,150,45,0,22.555,17.411,14.685
1.7,Inf,Inf,0,28.463,15.639,25.962
1.65,300,180,0,26.561,8.3227,22.516
1.7,200,270,1,36.506,7.2061,14.102
1.65,Inf,Inf,2,61.56,14.055,15.919
1.65,200,0,0,24.017,11.686,16.093
1.65,150,45,0,37.399,10.653,22.926
1.65,150,0,0,24.986,13.737,14.17
1.65,150,225,0,22.207,12.088,12.045
1.65,200,0,0,32.253,11.273,14.059
1.65,100,315,1,21.046,13.918,14.041
1.7,100,45,1,35.881,5.3497,16.678
1.6,Inf,Inf,0,22.665,10.71,13.474
1.6,400,180,0,35.169,13.939,16.059
1.65,250,315,0,29.288,10.952,11.759
1.6,450,0,0,29.654,12.759,13.953
1.7,Inf,Inf,0,18.612,5.2281,15.561
1.6,Inf,Inf,0,26.315,12.154,14.213
1.6,150,270,0,23.459,8.1123,15.334
1.6,200,0,0,26.282,11.06,20.02
1.6,250,135,0,25.362,15.968,21.541
1.7,250,45,1,9.3858,6.9166,7.8729
1.7,350,270,0,21.005,8.9043,23.972
1.7,Inf,Inf,0,56.906,19.178,21.931
1.65,350,270,0,42.526,17.54,15.824
1.65,100,45,0,20.549,6.093,10.042
1.7,Inf,Inf,0,22.198,5.5275,12.361
1.7,Inf,Inf,0,9.5646,5.0474,9.7248
1.65,Inf,Inf,0,14.94,5.6569,15.971
1.6,50,0,0,20.784,8.8775,12.488
1.7,350,225,2,15.512,6.3882,10.518
1.65,200,135,0,17.972,5.5291,14.362
1.7,150,270,1,15.386,7.6376,7.1514
1.6,Inf,Inf,0,24.688,12.517,12.261
1.6,200,315,0,21.694,15.869,19.935
1.6,300,315,0,30.727,9.4994,12.048
1.65,350,45,0,28.053,7.3473,24.348
1.6,300,270,1,21.918,7.9181,14.223
1.7,250,225,0,13.307,6.4031,10.277
1.65,150,135,1,18.671,8.2624,16.239
1.65,100,315,1,32.46,5.2898,10.014
1.65,100,315,1,25.483,13.553,13.06
1.7,450,135,1,24.978,13.928,16.89
1.7,450,90,0,36.174,10.565,23.43
1.6,250,225,0,17.93,7.2506,14.565
1.7,100,180,1,40.7,10.569,24.847
1.7,100,225,1,37.698,6.5014,13.994
1.65,400,45,0,23.524,10.111,18.962
1.7,350,0,0,21.921,10.39,11.646
1.7,150,135,1,19.615,13.607,16.071
1.6,300,315,0,12.938,7.1147,7.461
1.65,400,315,0,27.469,7.9631,9.5319
1.6,200,315,0,23.19,8.6106,18.883
1.6,50,225,0,23.83,9.9678,14.633
1.7,100,225,1,19.978,8.7505,19.943
1.65,50,180,0,24.476,7.7552,19.786
1.6,250,0,0,27.928,9.7898,20.643
1.65,250,0,1,17.678,9.0702,17.707
1.65,350,225,0,21.662,9.3417,20.591
1.65,100,45,0,18.607,7.3193,14.684
1.7,Inf,Inf,0,43.583,17.942,22.385
1.6,300,270,0,25.826,12.681,22.207
1.7,Inf,Inf,0,25.948,10.786,12.402
1.65,Inf,Inf,0,27.867,6.5283,17.073
1.7,100,135,1,27.546,13.416,18.151
1.7,250,90,0,15.717,10.21,14.637
1.7,300,225,0,13.766,6.0198,10.484
1.6,Inf,Inf,0,18.188,12.478,17.523
1.65,400,45,0,40.108,13.663,16.926
1.6,300,45,0,29.203,13.994,13.799
1.6,200,225,0,46.81,11.88,17.8
1.7,Inf,Inf,0,50.487,8.5133,13.594
1.65,200,45,0,18.518,8.3837,15.614
1.65,50,225,1,16.584,11.041,10.92
1.65,250,225,0,23.539,16.952,12.142
1.6,250,180,0,21.177,9.7931,18.256
1.6,350,0,0,23.648,7.3046,11.445
1.6,250,0,0,22.266,9.6028,12.933
1.6,400,135,0,40.255,9.5194,24.034
1.65,300,45,0,23.021,6.6063,10.596
1.7,50,315,1,36.753,11.032,16.808
1.6,50,90,1,19.858,10.142,13.82
1.65,450,135,0,47.617,6.245,14.3
1.6,50,225,0,25.254,12.812,15.372
1.7,250,90,1,26.537,10.65,14.392
1.6,350,135,0,20.633,7.9102,15.404
1.65,200,0,0,23.032,15.707,13.98
1.7,450,270,0,28.555,9.6427,9.6954
1.7,Inf,Inf,0,13.202,7.6614,10.521
1.65,150,45,1,25.551,4.7208,13.432
1.7,Inf,Inf,0,33.988,9.2543,24.112
1.65,50,0,1,25.27,10.245,18.188
1.65,50,45,1,27.562,17.378,10.547
1.65,50,270,0,40.875,8.1182,16.889
1.6,Inf,Inf,0,41.557,8.5328,11.701
1.7,450,0,0,38.321,10.056,15.537
1.6,50,90,0,25.371,8.7331,13.043
1.6,350,135,0,29.84,10.048,15.5
1.6,300,225,0,49.961,6.8069,14.887
1.65,Inf,Inf,2,68.795,10.068,18.932
1.6,50,0,0,31.43,7.1514,18.883
1.65,200,270,1,28.512,8.1755,8.9283
1.7,400,180,0,23.509,6.2029,20.295
1.7,200,0,1,21.104,9.7785,17.497
1.65,150,225,0,20.813,11.8,7.8498
1.65,350,90,0,51.977,14.058,20.796
1.6,150,180,0,32.746,3.9619,11.376
1.65,200,315,0,26.203,12.313,17.506
1.6,Inf,Inf,0,20.216,13.533,9.0738
1.6,Inf,Inf,0,39.252,8.685,23.256
1.7,250,90,0,25.571,8.8277,15.712
1.65,100,270,0,27.12,8.9443,26.429
1.65,100,90,0,23.776,11.312,13.673
1.6,Inf,Inf,0,43.703,6.4807,10.71
1.65,300,0,0,37.66,11.996,11.206
1.7,300,90,0,23.529,10.727,17.033
1.7,450,0,0,41.496,6.424,17.046
1.7,350,45,1,16.866,8.5346,15.856
1.7,50,180,1,20.943,9.9163,14.445
1.7,350,315,0,43.776,10.69,16.195
1.65,350,0,0,37.414,12.469,21.586
1.6,150,45,0,32.599,7.1001,20.612
1.65,150,315,0,12.377,5.0551,9.5431
1.65,150,180,1,33.734,13.563,15.367
1.6,250,135,0,13.08,9.6041,12.615
1.65,50,90,1,20.604,8.7821,15.341
1.7,50,135,1,35.898,7.6033,14.198
1.7,100,180,1,34.246,13.577,6.317
1.7,150,45,1,39.922,10.85,16.458
1.6,150,315,0,50.923,11.221,6.3509
1.6,450,45,0,48.803,11.199,19.007
1.65,350,225,0,44.491,12.553,10.708
1.7,50,315,1,31.164,11.148,14.262
1.65,350,45,1,31.247,4.3534,10.438
1.7,200,225,1,38.79,9.4934,14.798
1.7,Inf,Inf,0,46.263,10.155,15.406
1.65,350,135,0,48.931,16.026,18.524
1.7,400,45,0,48.69,5.4116,15.345
1.6,300,0,0,45.62,7.8072,13.831
1.6,150,225,0,49.725,22.677,26.219
1.6,200,135,2,60.144,4.5981,20.123
1.7,400,270,0,45.987,10.161,6.4217
1.6,100,225,2,60.776,9.5534,23.825
1.65,100,45,0,55.832,6.0238,10.828
1.6,400,135,0,56.487,10.214,17.421
1.6,150,0,0,59.313,10.099,14.373
1.6,450,180,0,46.209,6.6962,12.253
1.7,Inf,Inf,0,32.513,8.0434,16.654
1.6,300,0,2,71.358,9.1652,15.248
1.6,150,225,0,50.132,11.892,20.086
1.65,350,45,0,43.317,9.4415,11.866
1.6,300,180,0,27.432,7.2297,19.845
1.6,100,315,0,45.935,5.9722,11.725
1.65,Inf,Inf,0,42.237,6.431,14.985
1.65,350,135,0,50.246,8.5968,9.9785
1.6,450,315,0,52.395,9.3044,11.532
1.65,300,180,1,59.362,9.9115,16.866
1.6,250,0,0,39.676,9.5085,17.037
1.7,150,180,1,55.069,11.739,16.459
1.7,50,0,1,49.28,7.5214,26.481
1.7,250,225,0,49.858,13.021,19.705
1.6,Inf,Inf,0,47.933,9.6649,15.707
1.6,450,135,0,44.129,8.5189,18.51
1.65,50,225,1,34.887,8.756,13.829
1.6,100,315,0,55.213,9.5319,13.802
1.65,450,45,0,46.286,10.73,13.32
1.7,Inf,Inf,0,44.809,9.6065,13.895
1.65,Inf,Inf,0,49.379,6.4254,14.071
1.6,200,270,0,55.233,10.657,15.137
1.65,200,270,0,46.985,15.16,18.731
1.65,Inf,Inf,0,36.959,12.794,18.639
1.65,Inf,Inf,0,20.934,9.6757,16.823
1.65,150,90,1,24.797,8.7983,15.711
1.65,Inf,Inf,0,25.602,6.5014,16.427
1.6,400,90,0,50.521,10.797,17
1.7,400,0,0,54.599,12.28,20.37
1.6,100,270,2,64.723,8.4205,13.322
1.6,300,45,2,92.292,7.5297,11.514
1.7,Inf,Inf,0,48.282,6.9847,15.388
1.7,100,90,2,61.877,8.9523,10.245
1.6,450,135,0,34.493,8.8479,24.186
1.7,450,225,0,21.193,13.604,12.487
1.7,Inf,Inf,0,45.018,16.266,17.967
1.6,50,90,1,33.558,13.464,15.098
1.7,200,0,1,45.114,11.385,22.045
1.6,100,0,0,43.674,7.0711,13.843
1.65,100,90,1,49.49,7.6749,22.104
1.6,450,315,0,42.384,7.2198,16.793
1.6,150,180,0,33.914,8.4797,19.408
1.6,50,270,0,32.527,10.641,19.612
1.65,Inf,Inf,0,18.139,11.141,13.721
1.65,300,180,1,24.609,7.7078,20.227
1.65,450,0,0,41.769,18.158,12.635
1.7,150,180,1,35.426,16.92,17.655
1.6,150,315,0,37.521,11.841,7.9989
1.6,450,270,0,29.79,10.703,17.8
1.7,Inf,Inf,0,22.145,11.301,7.9237
1.7,400,180,0,45.57,8.7451,24.402
1.7,450,270,0,56.269,12.724,18.679
1.6,Inf,Inf,0,54.419,13.648,13.384
1.65,50,225,0,37.946,7.463,11.42
1.6,Inf,Inf,0,30.52,10.254,21.07
1.7,250,45,2,62.604,10.039,19.167
1.65,200,225,0,29.428,9.4831,24.934
1.6,200,315,1,22.311,13.959,15.282
1.7,200,270,1,19.359,8.9443,14.473
1.6,150,45,0,25.547,5.2763,25.718
1.7,100,225,1,30.071,12.433,29.195
1.7,300,315,1,35.985,17.145,10.066
1.65,200,180,0,33.656,13.6,20.934
1.65,100,225,0,30.8,12.282,18.059
1.7,150,315,2,85.68,77.824,64.947
1.6,Inf,Inf,0,17.966,12.267,12.659
1.65,450,315,0,36.436,32.366,24.579
1.7,400,90,0,33.623,11.256,16.318
1.65,250,180,1,34.42,11.6,16.91
1.65,150,135,1,16.691,6.8034,16.234
1.7,100,0,1,40.733,16.531,17.279
1.7,Inf,Inf,0,20.37,7.8194,13.668
1.7,400,225,0,14.792,10.457,8.6355
1.65,Inf,Inf,0,15.164,10.114,12.103
1.7,400,225,0,29.758,20.003,26.758
1.65,450,135,0,23.856,13.708,16.777
1.6,150,0,0,29.435,13.856,21.981
1.6,100,315,0,39.77,9.6757,15.976
1.6,350,315,0,26.676,9.5009,8.5346
1.6,300,0,0,26.385,18.032,12.218
1.7,150,315,1,52.109,12.288,28.094
1.65,250,45,0,20.14,8.077,11.24
1.6,200,315,0,29.365,13.673,26.739
1.6,100,90,0,33.13,12.569,23.287
1.65,250,180,0,40.118,14.194,23.731
1.65,250,225,0,18.19,9.5319,17.976
1.6,250,45,0,17.717,11.725,15.241
1.65,350,0,0,36.112,19.149,30.517
1.7,100,45,0,25.754,11.056,19.67
1.7,Inf,Inf,0,21.911,21.616,15.306
1.7,200,315,1,30.327,16.44,16.388
1.6,Inf,Inf,0,18.279,14.223,8.6355
1.65,100,180,1,11.463,4.8941,11.356
1.7,400,90,0,25.068,14.103,14.792
1.65,450,135,0,17.995,12.082,11.482
1.6,Inf,Inf,0,22.693,13.499,9.3034
1.65,350,0,0,23.243,7.6427,10.521
1.65,Inf,Inf,0,25.64,10.499,16.572
1.65,250,135,0,19.429,11.674,12.059
1.6,150,225,1,19.556,8.8855,21.212
1.65,100,180,1,17.349,7.4162,19.407
1.65,250,180,1,28.324,10.876,19.925
1.7,250,90,1,28.628,12.294,19.629
1.7,350,0,0,16.691,8.8318,10.286
1.7,200,315,1,21.936,6.8817,22.76
1.7,200,135,0,26.475,10.351,25.817
1.65,300,90,1,22.635,12.051,7.2342
1.6,150,90,0,20.88,10.555,19.101
1.6,50,45,0,26.867,16.045,24.646
1.7,Inf,Inf,0,27.885,15.35,20.71
1.6,150,90,1,23.98,15.348,16.585
1.65,250,315,0,19.922,9.8416,17.029
1.7,300,225,1,21.152,13.134,9.2543
1.7,350,315,0,22.517,18.142,7.8091
1.6,450,180,0,14.674,10.589,8.0256
1.6,400,270,0,24.45,11.171,10.184
1.7,Inf,Inf,0,22.339,13.537,20.493
1.7,400,270,0,15.359,6.781,15.624
1.6,400,0,0,21.275,6.7188,21.944
1.65,Inf,Inf,0,19.331,15.81,14.281
1.65,Inf,Inf,0,19.14,10.19,19.82
1.7,350,180,1,22.778,15.532,17.711
1.6,Inf,Inf,0,24.897,17.078,16.737
1.65,450,0,0,34.312,29.926,15.895
1.6,400,45,0,30.098,18.119,12.241
1.6,450,45,0,24.77,15.926,19.337
1.7,50,45,1,24.731,14.14,22.975
1.65,250,0,1,26.511,7.9776,20.914
1.65,250,45,0,27.91,18.197,13.619
1.6,100,315,0,22.861,13.284,16.638
1.7,Inf,Inf,0,26.589,18.501,17.203
1.7,Inf,Inf,0,18.924,8.4589,18.815
1.7,350,270,1,35.036,7.9343,17.934
1.7,200,315,1,18.545,5.5377,18.725
1.65,50,45,1,25.043,15.491,21.715
1.65,250,0,0,16.425,10.048,11.006
1.7,300,315,0,13.646,9.9976,9.7541
1.7,400,135,0,25.878,12.984,19.762
1.6,Inf,Inf,0,27.366,17.211,14.89
1.7,250,225,0,18.022,10.521,17.948
1.7,300,90,1,17.203,14.035,11.084
1.65,300,225,1,17.382,9.9705,20.534
1.65,150,90,0,19.393,14.442,14.55
1.6,400,270,0,16.41,8.1493,14.976
1.7,400,135,0,22.923,10.07,23.367
1.6,150,180,0,24.708,17.353,16.375
1.7,Inf,Inf,0,25.276,12.321,24.903
1.7,350,0,0,17.274,8.8065,11.952
1.7,Inf,Inf,0,24.664,19.492,17.481
1.7,Inf,Inf,0,23.951,8.2808,12.671
1.7,450,45,0,15.099,10.533,12.66
1.6,100,0,0,23.238,17.186,13.67
1.7,300,0,0,16.438,10.408,14.731
1.65,200,225,0,17.087,9.4708,19.154
1.65,50,135,1,16.446,12.517,15.984
1.6,400,0,0,21.489,12.409,14.817
1.6,350,135,0,21.53,12.313,12.579
1.65,450,315,0,22.459,13.171,20.38
1.7,250,135,1,22.213,7.1464,17.982
1.6,Inf,Inf,0,15.534,10.017,11.588
1.6,50,90,1,20.097,10.416,11.042
1.65,300,90,1,18.379,15.418,10.993
1.6,100,90,0,16.709,6.6548,13.928
1.6,100,45,0,16.656,12.256,7.066
1.65,200,135,0,30.79,12.488,18.954
1.65,250,180,0,32.415,19.355,16.698
1.6,50,135,0,21.731,19.324,9.2572
1.65,400,135,0,37.828,13.146,16.183
1.6,350,135,0,34.877,14.617,16.204
1.7,50,270,1,29.389,12.322,22.866
1.6,50,180,0,26.017,18.287,17.904
1.6,100,45,0,20.221,13.432,12.848
1.6,200,225,0,19.475,5.5976,10.226
1.7,200,225,0,25.364,5.0332,11.458
1.7,100,315,1,15.043,14.064,10.518
1.6,300,135,0,25.947,5.7859,25.838
1.6,Inf,Inf,0,16.43,9.4415,14.708
1.7,Inf,Inf,0,16.195,7.9102,11.445
1.6,350,315,0,17.258,8.3409,16.144
1.65,400,180,0,16.22,11.071,11.759
1.7,400,180,0,15.464,7.9541,17.335
1.7,200,270,1,26.89,11.771,15.95
1.65,400,90,0,34.787,11.339,12.479
1.6,Inf,Inf,0,33.377,15.043,15.946
1.65,50,225,0,39.234,15.39,10.282
1.65,100,45,0,21.784,12.642,10.991
1.6,Inf,Inf,0,25.197,17.547,15.987
1.7,450,0,0,18.839,8.8641,12.765
1.7,Inf,Inf,0,35.596,10.26,19.138
1.7,100,315,2,67.656,8.5384,17.135
1.65,400,45,0,56.396,12.235,27.013
1.65,350,180,2,70.019,18.596,25.376
1.65,450,315,2,100.59,45.837,63.016
1.65,100,45,2,63.908,10.637,14.865
1.7,300,180,2,70.524,10.973,26.955
1.7,150,90,0,49.84,20.981,14.52
1.6,100,315,2,69.839,24.358,24.486
1.65,250,0,2,76.587,16.145,31.416
1.7,150,180,1,48.034,10.487,24.347
1.6,400,225,0,46.504,23.937,26
1.65,200,315,2,98.575,43.154,68.217
1.7,100,180,1,43.358,7.1114,17.856
1.6,300,90,0,32.95,3.9097,8.9203
1.7,50,315,1,41.644,11.545,18.32
1.6,350,180,0,50.908,6.377,22.501
1.65,400,135,0,35.544,12.201,17.419
1.6,250,0,0,50.026,10.128,17.082
1.6,250,225,0,39.685,15.04,17.361
1.65,Inf,Inf,0,23.487,10.296,11.722
1.6,150,225,0,41.659,13.915,19.293
1.6,450,90,0,38.669,6.9475,9.2389
1.65,350,0,0,34.504,10.82,14.535
1.65,450,0,0,27.205,11.646,9.217
1.7,100,225,1,19.263,12.415,10.983
1.6,150,90,0,35.013,5.0897,14.713
1.6,Inf,Inf,0,30.364,11.473,14.787
1.65,Inf,Inf,0,26.137,12.858,12.271
1.7,100,270,1,31.824,10.878,10.163
1.6,450,315,0,34.906,15.937,23.265
1.65,Inf,Inf,0,32.681,18.732,10.424
1.7,50,270,1,42.794,9.289,18.506
1.6,350,0,0,32.611,18.213,24.532
1.6,50,315,1,30.84,7.647,9.8899
1.7,100,45,1,31.648,15.376,19.335
1.7,200,90,0,38.349,14.252,23.682
1.7,400,225,0,51.23,10.675,18.945
1.6,Inf,Inf,0,45.485,18.964,24.879
1.65,250,90,0,44.749,14.402,23.625
1.65,150,180,1,42.278,20.24,14.192
1.6,50,135,1,42.937,12.817,20.822
1.6,450,90,0,51.524,17.831,14.292
1.65,350,0,0,47.126,7.3436,18.427
1.65,200,315,0,35.195,6.7929,12.536
1.7,150,315,2,67.616,9.9058,17.37
1.65,150,135,0,54.37,6.6583,21.462
1.6,Inf,Inf,0,52.169,12.668,16.39
1.6,100,270,0,54.58,13.484,15.141
1.65,Inf,Inf,0,55.328,11.178,9.9115
1.6,250,225,2,63.976,13.552,20.14
1.65,400,315,0,51.64,13.453,20.709
1.7,300,225,0,55.755,12.509,13.365
1.6,250,90,2,60.287,9.0528,24.656
1.6,200,135,0,51.211,10.677,19.305
1.7,300,180,2,76.048,44.483,70.815
1.7,450,270,2,85.99,34.105,45.137
1.65,50,0,2,64.896,10.17,9.9562
1.65,100,135,2,92.603,10.976,31.187
1.6,Inf,Inf,2,87.098,9.9418,20.824
1.7,150,135,2,102.11,58.369,60.443
1.7,150,45,2,90.294,7.2539,9.0711
1.65,450,315,2,74.02,6.781,27.303
1.7,Inf,Inf,2,88.599,17.491,31.505
1.7,300,270,1,48.966,13.371,22.154
1.6,450,90,2,69.53,18.237,23.1
1.7,300,180,2,73.988,7.7908,26.664
1.7,100,135,1,55.891,11.631,13.915
1.6,200,90,2,63.293,13.088,8.2231
1.6,300,225,2,70.473,12.079,22.909
1.6,150,225,0,58.827,8.5524,12.464
1.65,450,180,2,63.566,5.9562,19.684
1.6,350,270,0,57.995,11.843,24.997
1.7,350,180,0,57.008,13.541,19.867
1.65,350,270,2,62.725,12.488,21.547
1.65,50,225,1,55.969,8.3438,19.612
1.7,450,315,0,58.514,13.417,19.619
1.6,450,180,0,48.256,11.603,16.801
1.65,200,90,1,31.839,5.4598,13.732
1.7,Inf,Inf,0,51.378,8.8922,13.815
1.7,150,45,2,56.546,18.134,40.535
1.7,200,315,2,63.53,13.729,34.258
1.7,300,0,2,87.53,14.888,42.163
1.7,450,135,1,58.965,15.32,26.452
1.6,200,180,0,52.258,16.577,24.758
1.6,Inf,Inf,2,68.249,10.882,27.121
1.6,350,135,2,67.825,20.338,22.123
1.65,50,135,2,67.278,18.479,31.315
1.7,Inf,Inf,0,52.275,10.95,16.743
1.65,Inf,Inf,0,50.773,14.782,19.159
1.6,100,270,0,48.93,13.426,26.463
1.7,250,0,0,52.348,15.913,11.46
1.7,350,180,1,50.126,18.745,16.017
1.6,200,270,0,34.447,6.2778,15.716
1.6,400,0,0,53.112,11.868,21.678
1.65,Inf,Inf,0,40.449,12.563,18.224
1.6,300,315,0,54.182,21.815,34.188
1.65,450,45,1,34.129,15.617,18.32
1.6,300,180,0,50.83,19.975,39.268
1.7,Inf,Inf,0,49.595,24.575,37.161
1.65,Inf,Inf,0,38.819,13.113,12.259
1.65,200,90,1,43.358,9.2993,14.728
1.7,400,225,0,40.544,10.763,14.945
1.6,150,225,0,34.462,10.875,18.65
1.7,450,0,0,29.171,16.64,12.456
1.6,Inf,Inf,0,38.984,13.553,19.015
1.6,300,45,0,46.1,13.196,12.57
1.6,300,225,2,74.178,18.765,24.926
1.7,350,270,2,70.641,17.734,23.043
1.7,400,45,0,52.186,12.994,19.234
1.6,400,90,0,54.215,11.997,32.455
1.65,250,180,0,47.376,21.421,13.093
1.7,Inf,Inf,0,43.501,5.5592,9.5643
1.7,200,135,0,58.341,9.1548,20.133
1.65,100,225,0,53.781,12.209,21.977
1.7,150,0,2,80.943,18.708,23.925
1.6,300,135,0,54.912,19.747,24.199
1.65,450,90,2,71.455,14.885,39.111
1.65,Inf,Inf,2,74.914,9.3656,36.34
1.65,Inf,Inf,2,61.536,13.533,28.492
1.65,Inf,Inf,2,65.274,10.845,16.359
1.7,450,180,2,68.109,12.536,13.31
1.65,Inf,Inf,0,57.02,6.9007,18.506
1.6,450,0,2,76.796,10.27,18.927
1.65,400,0,2,64.605,8.9416,44.056
1.7,100,135,2,62.045,20.558,14.105
1.6,50,45,0,56.75,12.604,26.541
1.65,250,315,2,61.217,11.904,20.667
1.7,50,270,2,84.74,17.747,33.347
1.7,450,45,2,65.987,13.617,20.646
1.65,200,135,2,73.779,10.551,43.642
1.6,Inf,Inf,0,57.055,14.907,25.956
1.6,200,90,0,47.271,11.429,24.171
1.7,100,315,1,47.005,13.114,11.699
1.65,400,45,0,41.509,9.8295,24.398
1.65,350,180,0,50.126,6.2278,18.377
1.65,450,315,0,46.879,15.131,15.356
1.65,100,45,1,41.725,11.922,19.224
1.7,300,180,2,99.601,68.117,83.243
1.7,150,90,1,45.937,5.8228,23.208
1.6,100,315,0,32.231,11.395,15.21
1.65,250,0,0,42.743,11.925,14.101
1.7,150,180,1,46.737,15.766,16.473
1.6,400,225,0,46.762,25.947,20.565
1.65,200,315,0,39.096,9.9562,14.846
1.7,100,180,1,43.144,19.387,27.495
1.6,300,90,0,45.679,15.063,17.717
1.7,50,315,1,30.875,10.753,17.131
1.6,350,180,0,31.145,10.09,11.954
1.65,400,135,0,31.797,11.305,21.454
1.6,250,0,0,40.099,15.076,16.702
1.6,250,225,0,41.657,19.603,14.241
1.65,Inf,Inf,0,36.796,20.16,12.66
1.6,150,225,0,43.444,8.63,11.596
1.6,450,90,0,54.686,10.085,11.313
1.65,350,0,0,39.686,16.608,14.83
1.65,450,0,0,36.845,15.413,14.531
1.7,100,225,1,23.696,8.3267,10.874
1.6,150,90,0,33.171,23.65,11.8
1.6,Inf,Inf,0,33.552,10.32,8.9353
1.65,Inf,Inf,0,35.243,15.766,20.659
1.7,100,270,1,38.402,28.212,26.108
1.6,450,315,0,33.951,17.007,18.699
1.65,Inf,Inf,0,21.813,12.093,15.011
1.7,50,270,0,30.24,13.57,16.66
1.6,350,0,0,36.245,9.9738,12.348
1.6,50,315,1,29.844,16.142,19.777
1.7,100,45,1,27.979,13.036,17.205
1.7,200,90,1,21.628,11.029,17.59
1.7,400,225,0,21.761,9.5344,14.256
1.6,Inf,Inf,0,24.291,9.5768,10.035
1.65,250,90,1,24.601,12.017,14.894
1.65,150,180,1,32.378,9.4768,11.073
1.6,50,135,1,21.13,15.655,16.113
1.6,450,90,0,16.702,11.51,5.1916
1.65,350,0,0,32.323,12.048,16.587
1.65,200,315,1,28.399,19.791,13.395
1.7,150,315,1,38.817,20.75,17.604
1.65,150,135,1,40.795,22.889,16.816
1.6,Inf,Inf,0,37.921,11.235,14.32
1.6,100,270,0,30.258,10.066,9.8802
1.65,Inf,Inf,0,28.759,11.326,9.9666
1.6,250,225,0,29.511,11.096,16.335
1.65,400,315,0,35.1,16.582,18.188
1.7,300,225,0,18.573,8.5982,17.618
1.6,250,90,0,38.86,12.282,18.046
1.6,200,135,0,29.974,12.546,15.89
1.7,300,180,0,40.946,11.745,13.963
1.7,450,270,0,31.05,12.367,14.707
1.65,50,0,1,28.642,9.737,12.842
1.65,100,135,1,26.685,12.811,11.148
1.6,Inf,Inf,0,29.758,8.0917,12.348
1.7,150,135,1,11.866,12.674,7.1747
1.7,150,45,1,34.024,23.286,11.553
1.65,450,315,0,24.92,11.53,11.297
1.7,Inf,Inf,0,30.836,15.998,20.213
1.7,300,270,0,33.474,8.568,16.822
1.6,450,90,0,40.519,18.163,25.308
1.7,300,180,0,32.633,8.6767,14.864
1.7,100,135,1,27.63,15.734,11.516
1.6,200,90,0,19.848,10.873,11.051
1.6,300,225,0,29.857,10.797,19.243
1.6,150,225,0,31.503,14.292,12.822
1.65,450,180,0,28.089,9.4768,9.4315
1.6,350,270,0,22.004,8.7912,18.361
1.7,350,180,0,19.637,9.7248,16.133
1.65,350,270,0,41.814,6.7705,14.111
1.65,50,225,0,21.327,13.5,10.499
1.7,450,315,0,25.191,17.225,12.029
1.6,450,180,0,29.416,17.277,18.57
1.65,200,90,1,16.819,11.949,13.67
1.7,Inf,Inf,0,23.613,20.126,15.782
1.7,150,45,1,34.852,10.829,17.926
1.7,200,315,1,29.686,17.18,24.474
1.7,300,0,0,28.743,8.3495,15.999
1.7,450,135,1,22.802,14.511,11.53
1.6,200,180,0,38.654,8.1416,25.832
1.6,Inf,Inf,0,26.015,8.5774,16.263
1.6,350,135,0,30.161,12.791,11.711
1.65,50,135,1,26.16,8.4825,12.04
1.7,Inf,Inf,0,21.384,10.399,12.079
1.65,Inf,Inf,0,41.241,18.345,15.91
1.6,100,270,0,18.164,4.8648,10.876
1.7,250,0,0,31.15,14.369,18.034
1.7,350,180,1,35.82,10.822,15.629
1.6,200,270,0,43.325,14.172,13.199
1.6,400,0,0,38.26,14.362,21.453
1.65,Inf,Inf,0,34.379,10.839,11.631
1.6,300,315,0,31.362,15.652,22.651
1.65,450,45,0,14.925,9.9418,14.587
1.6,300,180,0,24.962,12.012,21.47
1.7,Inf,Inf,0,23.945,21.54,16.73
1.65,Inf,Inf,0,22.896,10.499,17.024
1.65,200,90,1,19.134,19.094,6.4973
1.7,400,225,0,21.683,7.8365,12.861
1.6,150,225,0,23.396,9.8125,12.223
1.7,450,0,0,16.605,5.4729,9.5344
1.6,Inf,Inf,0,40.433,29.573,17.211
1.6,300,45,0,29.042,13.669,16.544
1.6,300,225,0,33.827,17.742,20.805
1.7,350,270,0,42.505,14.091,8.3837
1.7,400,45,0,43.105,9.8234,13.957
1.6,400,90,0,43.732,10.415,24.155
1.65,250,180,1,38.069,17.943,18.518
1.7,Inf,Inf,0,34.366,11.547,23.137
1.7,200,135,0,49.472,18.439,7.6345
1.65,100,225,0,55.055,18.374,19.355
1.7,150,0,1,43.101,13.4,19.129
1.6,300,135,0,28.807,16.84,16.35
1.65,450,90,0,53.6,9.3095,14.837
1.65,Inf,Inf,0,56.807,11.732,27.769
1.65,Inf,Inf,0,46.139,9.0069,15.239
1.65,Inf,Inf,2,61.355,24.824,15.288
1.7,450,180,0,51.507,5.5506,23.557
1.65,Inf,Inf,2,64.005,15.512,26.005
1.6,450,0,2,90.461,30.375,50.614
1.65,400,0,0,59.058,8.3495,15.719
1.7,100,135,1,51.509,10.296,11.711
1.6,50,45,0,46.78,13.043,12.065
1.65,250,315,0,58.237,22.806,21.454
1.7,50,270,1,53.535,11.538,11.486
1.7,450,45,0,49.442,11.725,23.266
1.65,200,135,0,43.362,12.524,16.909
1.6,Inf,Inf,2,68.61,10.876,19.838
1.6,200,90,0,48.193,16.022,12.375
1.7,200,225,1,44.056,10.696,17.92
1.65,100,180,1,44.622,9.4255,17.341
1.65,300,0,0,39.285,20.868,14.305
1.6,200,270,1,29.968,5.4292,16.255
1.7,450,90,0,54.833,10.309,11.633
1.65,200,315,2,63.321,8.7505,13.335
1.7,350,270,0,38.36,10.239,17.817
1.7,450,225,0,54.304,16.077,16.345
1.65,350,225,0,52.631,6.3095,11.936
1.7,300,225,1,36.068,6.733,11.588
1.6,400,180,0,43.991,14.788,25.499
1.65,200,90,2,50.454,6.2092,24.184
1.6,250,135,2,44.497,12.406,25.1
1.7,150,180,2,42.51,11.123,20.171
1.65,50,90,2,35.993,7.5435,10.279
1.7,250,225,0,37.736,11.72,10.69
1.7,350,270,1,38.931,5.4886,13.833
1.65,100,270,1,34.316,13.048,18.501
1.6,50,270,1,27.081,11.904,15.353
1.65,Inf,Inf,0,21.864,8.1668,19.101
1.6,300,135,0,25.25,11.165,12.232
1.7,50,135,1,25.334,11.557,19.509
1.7,100,180,1,24.723,9.0672,16.435
1.7,350,45,0,16.559,12.489,11.925
1.7,350,180,1,20.4,9.0307,8.2245
1.7,Inf,Inf,0,34.476,15.932,10.553
1.6,450,135,0,33.781,9.4289,18.265
1.7,150,90,1,23.232,7.5151,6.6261
1.65,350,90,0,40.651,11.118,16.328
1.6,250,270,0,47.333,10.596,19.718
1.6,200,135,0,34.247,7.9462,13.297
1.7,250,0,0,54.831,9.9058,19.228
1.6,250,45,0,33.788,11.95,23.859
1.7,150,0,0,17.707,12.614,13.025
1.6,50,45,1,11.302,7.9102,7.9541
1.6,50,180,0,51.329,10.419,13.753
1.7,250,45,0,39.804,13.031,18.334
1.65,400,225,0,52.33,18.757,23.526
1.7,450,0,0,24.565,13.058,10.803
1.7,200,45,1,57.24,13.475,12.148
1.7,Inf,Inf,0,37.631,12.456,24.256
1.6,50,135,1,32.907,11.908,19.061
1.6,300,315,0,17.187,10.673,16.577
1.7,300,90,1,58.576,6.9966,15.252
1.65,250,225,0,40.293,9.7444,18.618
1.65,350,225,0,38.988,11.984,15.811
1.6,Inf,Inf,0,27.373,10.636,22.919
1.7,Inf,Inf,0,32.539,9.9562,15.066
1.7,250,0,0,32.945,7.4578,16.53
1.7,300,45,1,42.14,7.2539,20.769
1.65,250,315,0,43.569,14.583,15.285
1.65,Inf,Inf,0,35.741,10.583,14.229
1.6,300,270,0,37.935,10.045,12.908
1.6,450,270,0,17.193,7.413,9.4062
1.65,50,270,1,25.226,12.501,14.73
1.6,150,270,0,33.492,5.41,13.464
1.7,Inf,Inf,0,43.377,13.133,14.455
1.7,250,270,1,26.34,7.8102,18.925
1.65,Inf,Inf,0,31.128,17.988,11.363
1.7,50,135,1,43.874,8.3794,11.808
1.65,100,90,0,51.837,12.784,13.622
1.7,150,225,0,48.842,8.0534,15.408
1.65,50,315,1,33.216,9.3401,23.789
1.6,400,45,0,22.079,15.984,10.066
1.6,200,270,0,12.834,8.7723,11.082
1.65,400,225,0,25.231,14.314,18.334
1.7,50,90,1,26.137,6.1514,17.912
1.7,200,180,0,36.919,10.17,19.871
1.65,450,180,0,34.897,18.42,22.396
1.7,400,270,0,21.326,17.108,17.108
1.6,250,180,1,32.364,11.524,20.199
1.7,300,90,1,32.259,10.69,12.75
1.65,100,135,1,17.552,14.697,10.147
1.7,350,315,0,28.026,15.483,19.567
1.6,Inf,Inf,0,40.447,11.263,24.451
1.65,150,45,1,24.897,8.9974,16.73
1.65,450,45,0,37.198,13.242,16.522
1.6,350,0,0,25.35,11.908,22.657
1.7,400,315,0,17.657,9.4667,11.481
1.7,350,90,1,18.132,9.5235,14.837
1.7,Inf,Inf,0,23.375,14.965,13.587
1.6,250,315,0,19.916,10.98,12.253
1.65,Inf,Inf,0,21.978,12.609,13.805
1.7,50,135,1,28.764,8.6023,22.935
1.6,450,90,0,30.882,5.187,18.197
1.6,Inf,Inf,0,25.086,10.212,21.907
1.65,350,90,0,33.561,6.6833,18.416
1.65,Inf,Inf,0,39.541,14.292,22.386
1.7,300,225,0,19.494,8.4628,13.934
1.7,100,45,1,23.434,9.3172,20.465
1.7,450,180,0,28.05,9.7239,25.359
1.65,300,45,0,20.932,10.99,12.479
1.7,150,45,1,37.53,11.073,16.912
1.6,450,315,0,25.533,12.724,14.987
1.65,400,270,0,18.962,12.568,12.093
1.7,150,45,1,39.873,11.731,12.034
1.65,Inf,Inf,1,24.96,11.013,13.855
1.6,400,0,0,33.473,7.5392,16.239
1.6,400,135,0,47.422,18.416,13.213
1.7,100,180,1,31.208,11.703,14.58
1.65,100,315,0,34.185,11.747,22.487
1.6,50,315,1,26.522,14.367,17.944
1.6,Inf,Inf,0,43.174,8.3751,16.298
1.7,150,0,1,32.371,6.8609,13.448
1.7,100,0,1,36.714,15.932,31.964
1.7,Inf,Inf,0,38.903,11.762,23.42
1.65,150,180,0,23.725,11.022,18.98
1.7,Inf,Inf,0,40.685,18.247,20.056
1.7,350,135,0,40.563,13.607,18.787
1.65,300,0,0,31.634,10.629,20.584
1.65,100,270,1,21.244,12.13,13.459
1.65,300,0,0,22.217,9.8295,21.443
1.65,200,90,1,25.352,5.6526,27.98
1.6,250,45,0,43.676,12.365,17.218
1.6,250,135,0,49.332,8.9016,21.954
1.7,Inf,Inf,0,25.526,10.784,10.156
1.65,Inf,Inf,0,25.296,11.747,12.334
1.6,450,315,0,24.896,10.885,15.7
1.6,200,45,0,44.143,9.396,13.701
1.65,350,270,2,62.413,12.713,21.393
1.65,Inf,Inf,0,38.882,7.6251,23.043
1.6,Inf,Inf,0,33.81,11.221,19.791
1.6,300,90,0,41.095,12.915,7.7908
1.6,250,90,0,37.792,13.563,14.076
1.65,400,45,0,51.878,8.5021,11.084
1.7,Inf,Inf,0,27.938,11.282,8.9602
1.7,50,315,1,31.235,10.946,8.5802
1.7,150,270,1,34.654,10.303,15.693
1.7,450,45,0,39.249,9.4378,11.057
1.7,Inf,Inf,0,50.111,8.0888,20.126
1.6,200,270,0,36.858,11.211,16.915
1.6,150,135,0,33.322,5.8417,16.281
1.65,150,45,0,24.532,9.8778,14.397
1.65,Inf,Inf,0,28.729,10.941,21.366
1.7,350,90,0,30.902,12.116,12.321
1.6,100,135,0,21.345,11.019,12.766
1.65,350,180,0,33.972,14.041,17.232
1.6,50,0,0,34.063,10.888,27.563
1.7,250,315,1,30.048,20.329,27.096
1.7,300,270,0,23.568,14.56,15.82
1.6,450,0,0,34.73,15.797,14.35
1.7,450,180,1,38.366,22.529,24.016
1.65,Inf,Inf,0,39.352,25.785,19.404
1.7,50,225,1,36.722,11.8,18.546
1.65,Inf,Inf,0,41.376,10.542,26.779
1.7,400,270,0,35.95,18.799,16.856
1.7,Inf,Inf,0,36.187,12.189,15.636
1.6,200,225,0,27.143,18.739,23.012
1.7,250,315,0,37.638,17.905,27.117
1.6,200,90,0,25.316,11.058,23.152
1.65,50,135,1,38.804,5.8979,27.567
1.65,300,315,0,29.276,10.057,21.408
1.6,150,45,0,18.224,18.252,6.046
1.6,450,180,0,49.439,16.718,11.886
1.65,Inf,Inf,0,49.142,9.3723,15.529
1.65,150,90,1,23.08,11.131,19.269
1.7,350,135,0,21.419,8.2404,18.161
1.65,450,0,0,31.258,4.097,24.19
1.6,350,90,0,25.203,10.116,22.327
1.6,250,45,0,44.89,11.744,21.879
1.65,250,90,2,65.392,8.779,22.781
1.65,100,135,1,43.332,10.789,16.34
1.65,Inf,Inf,0,57.946,13.673,27.033
1.6,300,270,2,60.901,8.8291,26.473
1.7,200,0,2,79.54,14.381,21.958
1.65,50,225,1,40.544,9.172,22.106
1.6,200,0,0,38.534,16.926,21.044
1.65,350,225,2,63.733,9.2108,20.389
1.7,250,270,0,33.805,14.472,11.399
1.65,350,45,0,20.663,13.287,19.467
1.7,250,315,1,34.463,17.532,26.931
1.7,100,45,1,27.423,19.884,23.705
1.6,150,315,0,50.006,10.07,16.453
1.65,Inf,Inf,0,29.39,13.949,21.984
1.6,450,315,0,57.925,18.437,24.629
1.6,Inf,Inf,0,41.97,22.431,18.578
1.7,300,270,1,51.14,16.596,29.274
1.7,Inf,Inf,0,29.017,19.009,17.96
1.65,200,225,2,68.209,10.907,50.109
1.7,200,270,1,48.024,9.8416,34.455
1.65,150,180,0,43.99,17.028,39.369
1.6,Inf,Inf,0,35.624,17.718,17.758
1.6,450,270,0,24.124,10.012,19.931
1.7,400,225,0,35.444,23.888,26.372
1.65,Inf,Inf,0,43.672,12.621,34.471
1.65,250,45,0,47.96,16.087,33.709
1.6,100,270,0,37.862,14.154,11.772
1.7,Inf,Inf,0,45.183,12.118,14.837
1.6,200,0,2,128.68,21.639,31.302
1.65,300,180,2,87.904,23.287,27.021
1.6,100,0,2,86.668,11.514,15.098
1.7,200,45,2,60.171,9.613,17.1
1.6,400,45,0,47.138,19.271,19.791
1.65,50,315,1,55.218,14.852,32.615
1.6,350,225,0,59.673,23.165,12.148
1.7,Inf,Inf,0,57.438,9.1781,18.706
1.65,250,180,0,46.499,15.553,26.731
1.65,250,0,0,55.448,14.343,26.789
1.65,50,270,0,51.87,15.397,16.57
1.6,200,135,2,66.191,15.027,21.939
1.6,300,45,0,57.598,16.089,23.028
1.65,Inf,Inf,0,47.727,11.363,15.743
1.6,100,180,0,47.259,6.9727,17.897
1.7,50,45,1,46.398,11.398,23.398
1.6,Inf,Inf,0,42.07,17.537,9.8334
1.6,Inf,Inf,0,31.681,19.922,24.743
1.65,150,0,0,46.371,11.582,26.608
1.65,Inf,Inf,0,54.655,16.267,14.427
1.6,400,315,2,68.359,10.77,9.6362
1.7,450,270,2,61.528,14.916,16.03
1.65,400,45,2,61.705,13.304,19.112
1.65,Inf,Inf,2,67.174,10.226,26.064
1.65,Inf,Inf,2,71.05,8.3484,17.104
1.6,50,180,2,77.669,12.62,25.27
1.6,100,180,0,44.115,13.748,21.078
1.7,150,270,1,58.916,11.253,26.133
1.7,Inf,Inf,0,47.275,16.85,19.206
1.6,300,90,2,70.196,11.449,23.793
1.65,400,0,2,73.768,11.041,17.999
1.65,50,315,2,64.35,16.514,14.34
1.65,350,45,2,67.194,9.9964,20.76
1.65,250,225,2,77.892,16.559,14.15
1.7,150,90,2,100.66,8.2624,25.253
1.6,Inf,Inf,2,79.509,7.6333,24.47
1.7,Inf,Inf,2,73.797,11.145,15.892
1.7,400,45,0,42.166,11.559,24.69
1.7,150,180,2,74.661,4.7509,29.495
1.6,200,90,2,66.516,11.756,12.981
1.7,50,135,2,71.796,15.916,17.662
1.6,100,270,2,79.922,8.8102,17.883
1.65,300,180,2,80.015,17.077,15.467
1.65,450,90,2,78.505,6.9372,11.949
1.65,200,315,2,93.858,13.363,24.793
1.65,450,90,2,87.752,15.915,14.547
1.65,450,90,2,95.737,6.6117,15.483
1.7,450,315,2,66.62,9.5235,23.585
1.7,250,45,2,96.303,6.7348,15.146
1.6,300,270,2,67.989,7.9552,15.185
1.7,Inf,Inf,2,90.162,18.465,25.468
1.65,200,0,0,58.348,10.512,24.431
1.65,150,225,2,88.508,8.7342,11.998
1.6,Inf,Inf,2,102.19,12.619,18.385
1.65,100,90,2,80.306,11.978,30.575
1.65,250,225,2,78.162,13.373,14.277
1.6,250,45,0,57.379,10.351,24.716
1.7,350,45,2,71.642,19.257,30.128
1.65,200,135,2,109.49,8.1824,22.522
1.6,300,45,2,93.633,9.7064,16.775
1.6,100,90,2,94.576,17.689,20.223
1.65,50,0,2,69.347,15.908,28.598
1.7,200,270,2,72.539,8.0434,22.418
1.7,350,90,2,87.209,13.98,19.332
1.7,Inf,Inf,2,93.316,21.469,19.015
1.7,Inf,Inf,2,81.754,13.777,15.337
1.7,Inf,Inf,2,69.843,15.392,18.4
1.65,400,225,2,74.58,21.463,23.699
1.6,200,180,2,81.6,13.809,9.7395
1.6,250,270,2,84.302,10.132,19.024
1.6,350,180,2,75.549,14.34,17.694
1.65,100,270,2,78.928,9.613,17.324
1.65,350,90,0,50.401,17.481,33.404
1.6,Inf,Inf,0,35.656,10.197,19.675
1.6,200,90,0,50.197,16.114,15.513
1.65,200,90,0,49.231,15.154,21.23
